subscriber_id,age_group,plan_type,tenure_months,monthly_spend,avg_weekly_hours,content_mix,payment_method,support_tickets_90d,last_ticket_topic,signup_channel,churned
SW-1001,25-34,Basic,18,7.99,35.4,Balanced,PayPal,3,Playback,Web,0
SW-1002,50 plus,Basic,24,7.99,4.7,Balanced,Credit card,0,No ticket,Partner promo,0
SW-1003,35-49,Basic,11,7.99,15.5,Balanced,Credit card,0,No ticket,Android,0
SW-1004,35-49,Family,24,18.99,40.0,Music-heavy,Gift card,1,Billing,Android,0
SW-1005,Under 25,Basic,3,7.99,6.9,Music-heavy,Debit,0,No ticket,Partner promo,0
SW-1006,Under 25,Premium,6,12.99,7.0,Music-heavy,Gift card,0,No ticket,Web,0
SW-1007,Under 25,Free,13,0.0,12.5,Music-heavy,Credit card,1,Playback,iOS,0
SW-1008,50 plus,Premium,15,12.99,6.4,Music-heavy,Credit card,2,Billing,Web,0
SW-1009,35-49,Family,6,18.99,23.4,Podcast-heavy,Credit card,0,No ticket,iOS,0
SW-1010,35-49,Basic,14,7.99,5.8,Low-usage,Gift card,0,No ticket,iOS,0
SW-1011,Under 25,Basic,8,7.99,7.8,Balanced,Credit card,0,No ticket,Android,0
SW-1012,50 plus,Premium,10,12.99,2.5,Balanced,Credit card,0,No ticket,Web,0
SW-1013,35-49,Premium,25,12.99,6.6,Music-heavy,Credit card,0,No ticket,Web,0
SW-1014,Under 25,Premium,23,12.99,3.6,Music-heavy,Credit card,1,Billing,iOS,0
SW-1015,Under 25,Basic,6,7.99,10.6,Balanced,Credit card,1,Content,Web,0
SW-1016,Under 25,Basic,6,7.99,2.1,Music-heavy,Debit,1,Account,Android,0
SW-1017,25-34,Family,9,18.99,17.5,Balanced,Credit card,0,No ticket,Android,0
SW-1018,25-34,Family,12,18.99,4.0,Low-usage,Credit card,0,No ticket,iOS,0
SW-1019,25-34,Basic,8,7.99,33.3,Music-heavy,Credit card,0,No ticket,Web,0
SW-1020,25-34,Premium,25,12.99,24.0,Balanced,Debit,0,No ticket,Web,0
SW-1021,35-49,Basic,15,7.99,12.3,Music-heavy,Credit card,0,No ticket,Android,0
SW-1022,Under 25,Premium,16,12.99,2.3,Low-usage,Credit card,0,No ticket,Partner promo,0
SW-1023,25-34,Basic,5,7.99,4.8,Music-heavy,Debit,2,Billing,iOS,0
SW-1024,25-34,Basic,27,7.99,3.9,Music-heavy,Credit card,0,No ticket,Android,0
SW-1025,25-34,Premium,2,12.99,4.3,Balanced,Credit card,1,Playback,Android,0
SW-1026,35-49,Free,22,0.0,28.2,Balanced,Debit,1,Playback,Web,0
SW-1027,Under 25,Basic,23,7.99,7.1,Balanced,Credit card,0,No ticket,Partner promo,0
SW-1028,25-34,Premium,9,12.99,4.7,Podcast-heavy,Credit card,0,No ticket,iOS,0
SW-1029,35-49,Premium,29,12.99,4.4,Balanced,Debit,0,No ticket,Partner promo,0
SW-1030,Under 25,Premium,11,12.99,5.2,Balanced,Debit,1,Billing,iOS,0
SW-1031,35-49,Family,13,18.99,12.3,Low-usage,Debit,0,No ticket,Web,1
SW-1032,Under 25,Free,15,0.0,2.2,Low-usage,Credit card,0,No ticket,Partner promo,0
SW-1033,Under 25,Premium,60,12.99,8.7,Balanced,Credit card,1,Billing,Web,0
SW-1034,50 plus,Premium,31,12.99,11.2,Balanced,PayPal,2,Billing,Partner promo,0
SW-1035,50 plus,Premium,20,12.99,2.0,Podcast-heavy,Credit card,0,No ticket,Web,0
SW-1036,35-49,Basic,6,7.99,2.6,Music-heavy,Credit card,0,No ticket,Android,0
SW-1037,25-34,Free,13,0.0,7.7,Music-heavy,Debit,0,No ticket,iOS,0
SW-1038,Under 25,Family,7,18.99,25.3,Balanced,Credit card,0,No ticket,Partner promo,0
SW-1039,35-49,Premium,21,12.99,20.9,Balanced,Debit,2,Billing,Web,0
SW-1040,25-34,Premium,13,12.99,4.9,Low-usage,Credit card,1,Playback,Partner promo,0
SW-1041,Under 25,Premium,5,12.99,24.7,Podcast-heavy,Credit card,0,No ticket,Android,0
SW-1042,25-34,Premium,13,12.99,6.2,Music-heavy,PayPal,0,No ticket,Partner promo,0
SW-1043,Under 25,Premium,7,12.99,6.2,Music-heavy,Credit card,0,No ticket,iOS,0
SW-1044,50 plus,Premium,13,12.99,8.6,Podcast-heavy,Debit,1,Billing,iOS,1
SW-1045,25-34,Basic,7,7.99,15.7,Podcast-heavy,Credit card,1,Billing,iOS,0
SW-1046,35-49,Premium,12,12.99,4.9,Low-usage,Credit card,3,Billing,Web,0
SW-1047,25-34,Premium,20,12.99,5.8,Music-heavy,Credit card,0,No ticket,Android,0
SW-1048,25-34,Basic,12,7.99,2.9,Podcast-heavy,Credit card,0,No ticket,Web,0
SW-1049,25-34,Basic,9,7.99,10.6,Music-heavy,Gift card,0,No ticket,Android,0
SW-1050,Under 25,Free,14,0.0,16.9,Low-usage,PayPal,0,No ticket,iOS,0
SW-1051,50 plus,Family,20,18.99,17.7,Balanced,Debit,1,Content,Web,0
SW-1052,35-49,Free,6,0.0,2.7,Podcast-heavy,PayPal,1,Billing,iOS,0
SW-1053,50 plus,Premium,14,12.99,5.9,Low-usage,Debit,0,No ticket,Android,0
SW-1054,50 plus,Basic,30,7.99,21.7,Podcast-heavy,Credit card,1,Playback,iOS,0
SW-1055,35-49,Basic,18,7.99,9.6,Music-heavy,Credit card,0,No ticket,Web,0
SW-1056,50 plus,Premium,12,12.99,8.2,Podcast-heavy,Debit,0,No ticket,Web,0
SW-1057,Under 25,Free,19,0.0,8.1,Music-heavy,Credit card,0,No ticket,Android,0
SW-1058,Under 25,Premium,16,12.99,12.3,Balanced,Credit card,0,No ticket,iOS,0
SW-1059,Under 25,Premium,20,12.99,10.1,Low-usage,PayPal,1,Billing,Partner promo,1
SW-1060,25-34,Premium,3,12.99,5.0,Balanced,Credit card,1,Billing,Android,0
SW-1061,25-34,Basic,4,7.99,16.2,Music-heavy,Credit card,2,Playback,iOS,0
SW-1062,25-34,Family,24,18.99,3.1,Music-heavy,Credit card,3,Billing,iOS,1
SW-1063,35-49,Premium,4,12.99,23.0,Music-heavy,Debit,1,Content,iOS,0
SW-1064,25-34,Family,16,18.99,3.9,Music-heavy,Credit card,1,Playback,Partner promo,0
SW-1065,25-34,Premium,9,12.99,12.4,Music-heavy,Credit card,1,Account,iOS,0
SW-1066,25-34,Premium,6,12.99,7.0,Podcast-heavy,Credit card,0,No ticket,Web,0
SW-1067,Under 25,Family,15,18.99,5.5,Balanced,Credit card,2,Playback,Android,0
SW-1068,35-49,Family,14,18.99,23.7,Balanced,Credit card,3,Account,Android,0
SW-1069,Under 25,Basic,53,7.99,14.5,Music-heavy,Gift card,3,Billing,Android,1
SW-1070,50 plus,Basic,8,7.99,7.6,Music-heavy,Credit card,0,No ticket,Partner promo,0
SW-1071,35-49,Basic,33,7.99,32.3,Music-heavy,Debit,1,Account,iOS,0
SW-1072,Under 25,Basic,15,7.99,17.5,Music-heavy,Debit,3,Billing,iOS,0
SW-1073,Under 25,Basic,8,7.99,4.2,Music-heavy,Credit card,0,No ticket,iOS,0
SW-1074,35-49,Basic,21,7.99,1.3,Music-heavy,Credit card,0,No ticket,Partner promo,0
SW-1075,35-49,Family,18,18.99,8.7,Balanced,Credit card,1,Playback,Partner promo,0
SW-1076,35-49,Premium,12,12.99,24.2,Low-usage,Debit,0,No ticket,Partner promo,0
SW-1077,35-49,Premium,14,12.99,13.0,Podcast-heavy,Credit card,0,No ticket,Web,0
SW-1078,Under 25,Basic,8,7.99,28.2,Balanced,Credit card,1,Billing,iOS,0
SW-1079,25-34,Basic,7,7.99,5.0,Music-heavy,Credit card,0,No ticket,Web,0
SW-1080,Under 25,Free,20,0.0,7.3,Low-usage,Credit card,1,Playback,iOS,0
SW-1081,50 plus,Basic,10,7.99,7.4,Music-heavy,Credit card,0,No ticket,Web,0
SW-1082,35-49,Premium,11,12.99,9.7,Music-heavy,PayPal,0,No ticket,Web,0
SW-1083,25-34,Family,15,18.99,14.8,Music-heavy,Credit card,1,Billing,iOS,0
SW-1084,Under 25,Premium,14,12.99,29.5,Low-usage,Credit card,1,Billing,Partner promo,1
SW-1085,25-34,Basic,4,7.99,34.9,Podcast-heavy,Debit,3,Account,Web,0
SW-1086,25-34,Premium,30,12.99,30.3,Low-usage,PayPal,1,Content,Web,0
SW-1087,35-49,Family,13,18.99,13.7,Balanced,Credit card,1,Account,Android,0
SW-1088,35-49,Premium,10,12.99,6.1,Podcast-heavy,Credit card,0,No ticket,Web,0
SW-1089,50 plus,Premium,16,12.99,9.6,Podcast-heavy,Credit card,0,No ticket,Android,0
SW-1090,25-34,Premium,14,12.99,13.5,Balanced,Credit card,0,No ticket,iOS,0
SW-1091,Under 25,Premium,21,12.99,8.9,Low-usage,Credit card,2,Playback,Partner promo,1
SW-1092,35-49,Free,17,0.0,3.9,Balanced,Credit card,0,No ticket,Web,0
SW-1093,35-49,Basic,20,7.99,5.5,Podcast-heavy,Credit card,1,Playback,Web,0
SW-1094,35-49,Family,31,18.99,16.0,Balanced,PayPal,1,Billing,Android,0
SW-1095,35-49,Premium,22,12.99,6.6,Balanced,Credit card,0,No ticket,Partner promo,0
SW-1096,25-34,Premium,11,12.99,8.2,Music-heavy,Credit card,1,Playback,Web,0
SW-1097,25-34,Premium,5,12.99,7.5,Music-heavy,Gift card,0,No ticket,Web,0
SW-1098,25-34,Basic,39,7.99,3.9,Balanced,Debit,1,Playback,Partner promo,0
SW-1099,Under 25,Premium,10,12.99,7.0,Balanced,Credit card,2,Billing,Web,1
SW-1100,Under 25,Premium,9,12.99,5.5,Podcast-heavy,Credit card,0,No ticket,Web,0
SW-1101,Under 25,Basic,4,7.99,4.6,Low-usage,Gift card,1,Billing,Partner promo,0
SW-1102,35-49,Premium,15,12.99,3.4,Music-heavy,Credit card,1,Billing,Android,0
SW-1103,25-34,Family,13,18.99,7.4,Podcast-heavy,Debit,1,Billing,iOS,0
SW-1104,25-34,Basic,4,7.99,13.1,Music-heavy,PayPal,2,Account,Partner promo,0
SW-1105,50 plus,Premium,16,12.99,19.6,Low-usage,Credit card,1,Content,Partner promo,1
SW-1106,25-34,Basic,8,7.99,2.6,Music-heavy,Debit,0,No ticket,Web,0
SW-1107,25-34,Premium,60,12.99,28.9,Podcast-heavy,Gift card,0,No ticket,Android,0
SW-1108,35-49,Basic,8,7.99,10.1,Music-heavy,Debit,2,Billing,iOS,0
SW-1109,25-34,Premium,9,12.99,3.2,Podcast-heavy,Credit card,0,No ticket,iOS,1
SW-1110,Under 25,Family,7,18.99,5.8,Balanced,PayPal,1,Playback,Partner promo,0
SW-1111,25-34,Basic,29,7.99,1.8,Music-heavy,Debit,0,No ticket,Web,0
SW-1112,Under 25,Family,9,18.99,2.2,Balanced,Debit,0,No ticket,Android,0
SW-1113,50 plus,Family,7,18.99,31.7,Low-usage,Debit,1,Playback,iOS,0
SW-1114,35-49,Free,20,0.0,4.6,Music-heavy,Credit card,0,No ticket,Web,0
SW-1115,35-49,Basic,5,7.99,12.3,Balanced,Credit card,0,No ticket,Android,0
SW-1116,50 plus,Family,19,18.99,7.3,Music-heavy,Credit card,1,Content,Android,1
SW-1117,35-49,Family,42,18.99,8.1,Music-heavy,Credit card,1,Playback,Android,0
SW-1118,Under 25,Free,18,0.0,10.7,Balanced,Credit card,0,No ticket,Android,0
SW-1119,50 plus,Free,19,0.0,1.5,Balanced,Credit card,1,Content,iOS,0
SW-1120,25-34,Basic,22,7.99,23.0,Podcast-heavy,Credit card,1,Playback,iOS,0
SW-1121,35-49,Family,40,18.99,7.4,Music-heavy,PayPal,2,Billing,iOS,1
SW-1122,50 plus,Basic,28,7.99,5.3,Low-usage,PayPal,2,Billing,iOS,1
SW-1123,25-34,Premium,16,12.99,11.6,Balanced,Debit,1,Billing,Web,0
SW-1124,Under 25,Premium,23,12.99,4.5,Music-heavy,Credit card,0,No ticket,iOS,0
SW-1125,25-34,Free,6,0.0,9.4,Podcast-heavy,Credit card,1,Playback,Android,0
SW-1126,25-34,Premium,21,12.99,7.0,Music-heavy,Credit card,0,No ticket,Android,0
SW-1127,35-49,Basic,6,7.99,14.1,Music-heavy,Debit,0,No ticket,Partner promo,0
SW-1128,50 plus,Family,9,18.99,6.7,Podcast-heavy,PayPal,0,No ticket,Web,0
SW-1129,Under 25,Basic,1,7.99,3.5,Podcast-heavy,Credit card,0,No ticket,iOS,0
SW-1130,25-34,Premium,16,12.99,10.7,Music-heavy,Debit,0,No ticket,Android,0
SW-1131,25-34,Premium,8,12.99,6.4,Balanced,Debit,1,Playback,Android,0
SW-1132,25-34,Basic,26,7.99,1.9,Music-heavy,Debit,1,Playback,Web,0
SW-1133,Under 25,Free,16,0.0,9.4,Podcast-heavy,Credit card,1,Billing,iOS,0
SW-1134,25-34,Basic,26,7.99,5.2,Music-heavy,Credit card,0,No ticket,Web,0
SW-1135,50 plus,Basic,6,7.99,10.5,Podcast-heavy,Credit card,1,Playback,Android,0
SW-1136,25-34,Premium,25,12.99,4.0,Music-heavy,Credit card,1,Billing,Android,0
SW-1137,25-34,Premium,52,12.99,3.0,Balanced,Credit card,1,Content,Web,0
SW-1138,35-49,Basic,20,7.99,20.6,Podcast-heavy,Credit card,1,Account,Web,0
SW-1139,25-34,Premium,21,12.99,15.7,Music-heavy,Credit card,0,No ticket,Web,0
SW-1140,50 plus,Premium,14,12.99,8.0,Music-heavy,Credit card,0,No ticket,Web,0
SW-1141,50 plus,Premium,8,12.99,11.4,Podcast-heavy,Credit card,1,Playback,Web,1
SW-1142,25-34,Basic,20,7.99,15.3,Music-heavy,Credit card,3,Billing,Web,0
SW-1143,25-34,Basic,4,7.99,7.9,Podcast-heavy,Credit card,4,Account,iOS,0
SW-1144,25-34,Basic,9,7.99,3.0,Podcast-heavy,Credit card,0,No ticket,iOS,0
SW-1145,25-34,Premium,3,12.99,10.2,Balanced,Debit,1,Playback,iOS,0
SW-1146,Under 25,Basic,7,7.99,17.8,Low-usage,PayPal,0,No ticket,iOS,0
SW-1147,35-49,Basic,19,7.99,12.9,Podcast-heavy,Credit card,1,Playback,Android,0
SW-1148,25-34,Free,17,0.0,8.4,Balanced,Credit card,2,Billing,Partner promo,0
SW-1149,Under 25,Premium,12,12.99,12.6,Balanced,PayPal,0,No ticket,iOS,0
SW-1150,25-34,Basic,14,7.99,6.7,Low-usage,Debit,0,No ticket,Web,0
SW-1151,50 plus,Basic,3,7.99,18.4,Music-heavy,Credit card,0,No ticket,Web,0
SW-1152,25-34,Basic,9,7.99,23.5,Balanced,Debit,0,No ticket,Web,0
SW-1153,Under 25,Basic,7,7.99,2.8,Low-usage,Credit card,0,No ticket,iOS,0
SW-1154,25-34,Premium,8,12.99,19.5,Podcast-heavy,Debit,0,No ticket,Android,0
SW-1155,50 plus,Basic,18,7.99,40.0,Music-heavy,Gift card,2,Content,iOS,0
SW-1156,25-34,Basic,7,7.99,12.2,Low-usage,Credit card,1,Playback,Web,0
SW-1157,35-49,Premium,8,12.99,17.6,Balanced,PayPal,1,Playback,Android,0
SW-1158,35-49,Basic,3,7.99,4.8,Podcast-heavy,Credit card,1,Account,Web,0
SW-1159,25-34,Basic,10,7.99,5.3,Balanced,Credit card,0,No ticket,Web,0
SW-1160,35-49,Family,6,18.99,6.8,Music-heavy,Credit card,0,No ticket,Android,0
SW-1161,25-34,Basic,13,7.99,5.8,Music-heavy,PayPal,1,Playback,Web,0
SW-1162,35-49,Basic,6,7.99,2.8,Podcast-heavy,Credit card,1,Billing,Android,0
SW-1163,35-49,Premium,13,12.99,7.0,Low-usage,Debit,0,No ticket,Partner promo,1
SW-1164,25-34,Premium,11,12.99,15.6,Balanced,PayPal,0,No ticket,Android,0
SW-1165,Under 25,Premium,39,12.99,2.8,Podcast-heavy,Credit card,0,No ticket,Web,0
SW-1166,35-49,Premium,17,12.99,9.2,Balanced,Credit card,0,No ticket,iOS,0
SW-1167,25-34,Premium,3,12.99,9.0,Music-heavy,Credit card,1,Account,iOS,0
SW-1168,Under 25,Basic,5,7.99,6.3,Podcast-heavy,Debit,0,No ticket,Partner promo,0
SW-1169,Under 25,Basic,12,7.99,11.9,Music-heavy,PayPal,0,No ticket,Partner promo,0
SW-1170,35-49,Premium,6,12.99,11.0,Podcast-heavy,Credit card,0,No ticket,Web,0
SW-1171,35-49,Family,2,18.99,5.9,Balanced,Debit,0,No ticket,Partner promo,0
SW-1172,Under 25,Free,31,0.0,18.7,Music-heavy,Credit card,1,Billing,Web,0
SW-1173,25-34,Premium,20,12.99,12.5,Balanced,Credit card,1,Playback,iOS,0
SW-1174,25-34,Basic,17,7.99,28.2,Music-heavy,Credit card,0,No ticket,iOS,0
SW-1175,35-49,Free,8,0.0,7.6,Music-heavy,Debit,0,No ticket,Web,0
SW-1176,Under 25,Basic,16,7.99,6.2,Music-heavy,Gift card,1,Playback,Android,0
SW-1177,35-49,Free,7,0.0,6.8,Balanced,PayPal,1,Account,iOS,0
SW-1178,25-34,Premium,14,12.99,20.5,Music-heavy,Credit card,1,Content,Android,0
SW-1179,50 plus,Premium,6,12.99,7.1,Low-usage,Debit,0,No ticket,Partner promo,1
SW-1180,Under 25,Free,35,0.0,7.5,Balanced,Credit card,0,No ticket,Android,0
SW-1181,25-34,Free,4,0.0,38.4,Music-heavy,Credit card,2,Account,iOS,0
SW-1182,Under 25,Premium,28,12.99,2.7,Podcast-heavy,Credit card,0,No ticket,Android,0
SW-1183,50 plus,Basic,12,7.99,10.6,Podcast-heavy,Credit card,0,No ticket,iOS,0
SW-1184,50 plus,Premium,9,12.99,7.6,Low-usage,Debit,1,Content,Android,0
SW-1185,25-34,Basic,13,7.99,6.5,Music-heavy,Credit card,1,Billing,Web,0
SW-1186,35-49,Premium,20,12.99,3.7,Music-heavy,PayPal,1,Content,Android,0
SW-1187,35-49,Basic,31,7.99,4.7,Music-heavy,Credit card,1,Playback,Android,0
SW-1188,25-34,Free,15,0.0,5.8,Balanced,Credit card,1,Billing,Android,0
SW-1189,25-34,Basic,6,7.99,11.9,Balanced,Credit card,0,No ticket,Partner promo,0
SW-1190,25-34,Basic,12,7.99,15.8,Low-usage,Credit card,0,No ticket,Web,0
SW-1191,Under 25,Basic,43,7.99,1.9,Low-usage,Gift card,0,No ticket,iOS,0
SW-1192,50 plus,Premium,31,12.99,3.1,Music-heavy,Credit card,1,Billing,iOS,0
SW-1193,50 plus,Basic,23,7.99,12.4,Podcast-heavy,PayPal,0,No ticket,iOS,0
SW-1194,35-49,Free,21,0.0,13.3,Balanced,Credit card,0,No ticket,iOS,0
SW-1195,25-34,Premium,20,12.99,2.5,Low-usage,Credit card,0,No ticket,Web,0
SW-1196,25-34,Premium,27,12.99,16.1,Music-heavy,Credit card,0,No ticket,Android,0
SW-1197,35-49,Family,9,18.99,7.9,Podcast-heavy,PayPal,0,No ticket,Partner promo,0
SW-1198,50 plus,Premium,5,12.99,14.5,Low-usage,Credit card,0,No ticket,Web,1
SW-1199,50 plus,Premium,13,12.99,4.0,Music-heavy,Gift card,0,No ticket,Web,0
SW-1200,35-49,Premium,7,12.99,2.6,Podcast-heavy,Credit card,0,No ticket,Web,0
SW-1201,35-49,Family,6,18.99,6.2,Low-usage,Credit card,0,No ticket,iOS,0
SW-1202,Under 25,Premium,7,12.99,6.5,Balanced,Debit,0,No ticket,Android,0
SW-1203,Under 25,Basic,60,7.99,6.2,Music-heavy,Credit card,1,Content,Web,0
SW-1204,50 plus,Basic,13,7.99,5.9,Music-heavy,Credit card,0,No ticket,Android,0
SW-1205,35-49,Basic,15,7.99,31.0,Music-heavy,PayPal,2,Account,Web,0
SW-1206,Under 25,Premium,5,12.99,2.1,Low-usage,Credit card,0,No ticket,Partner promo,1
SW-1207,Under 25,Premium,3,12.99,4.1,Low-usage,Credit card,0,No ticket,Partner promo,0
SW-1208,35-49,Premium,7,12.99,5.7,Balanced,Credit card,0,No ticket,Partner promo,0
SW-1209,Under 25,Free,33,0.0,8.2,Podcast-heavy,Credit card,0,No ticket,Web,0
SW-1210,Under 25,Premium,15,12.99,14.1,Music-heavy,Credit card,0,No ticket,iOS,0
SW-1211,25-34,Premium,18,12.99,16.0,Balanced,Credit card,1,Content,Web,0
SW-1212,35-49,Basic,20,7.99,18.9,Podcast-heavy,PayPal,1,Content,Android,0
SW-1213,35-49,Premium,8,12.99,11.8,Balanced,Credit card,0,No ticket,Web,0
SW-1214,25-34,Basic,32,7.99,2.0,Balanced,PayPal,1,Billing,Android,0
SW-1215,35-49,Family,8,18.99,2.1,Podcast-heavy,Credit card,0,No ticket,Android,0
SW-1216,25-34,Premium,32,12.99,20.0,Low-usage,Credit card,1,Billing,iOS,0
SW-1217,25-34,Premium,16,12.99,19.0,Music-heavy,Credit card,0,No ticket,Android,0
SW-1218,35-49,Premium,3,12.99,13.3,Balanced,PayPal,0,No ticket,iOS,0
SW-1219,35-49,Family,7,18.99,4.2,Podcast-heavy,PayPal,0,No ticket,Web,0
SW-1220,50 plus,Premium,3,12.99,6.2,Balanced,Credit card,0,No ticket,Android,0
SW-1221,35-49,Basic,27,7.99,5.8,Balanced,Credit card,0,No ticket,Partner promo,0
SW-1222,35-49,Premium,12,12.99,3.5,Low-usage,Debit,0,No ticket,Partner promo,1
SW-1223,Under 25,Basic,3,7.99,9.8,Music-heavy,PayPal,0,No ticket,Android,0
SW-1224,25-34,Basic,16,7.99,40.0,Music-heavy,PayPal,1,Playback,Partner promo,0
SW-1225,25-34,Family,8,18.99,5.4,Music-heavy,Credit card,2,Billing,iOS,0
SW-1226,25-34,Premium,4,12.99,22.6,Balanced,Debit,0,No ticket,Partner promo,0
SW-1227,50 plus,Basic,39,7.99,3.9,Music-heavy,PayPal,1,Content,Web,0
SW-1228,25-34,Basic,13,7.99,2.3,Podcast-heavy,Credit card,1,Billing,iOS,0
SW-1229,50 plus,Basic,10,7.99,17.6,Music-heavy,Credit card,2,Playback,Web,1
SW-1230,35-49,Basic,9,7.99,6.7,Podcast-heavy,Credit card,1,Playback,iOS,0
SW-1231,35-49,Basic,4,7.99,22.1,Balanced,Credit card,0,No ticket,Web,0
SW-1232,25-34,Premium,5,12.99,25.9,Music-heavy,Gift card,0,No ticket,Web,0
SW-1233,35-49,Basic,29,7.99,6.4,Balanced,PayPal,0,No ticket,Web,0
SW-1234,25-34,Basic,9,7.99,23.4,Balanced,Credit card,1,Billing,iOS,0
SW-1235,Under 25,Basic,12,7.99,4.0,Music-heavy,Credit card,0,No ticket,Web,0
SW-1236,35-49,Family,3,18.99,3.9,Balanced,Debit,0,No ticket,Android,0
SW-1237,25-34,Basic,5,7.99,18.9,Music-heavy,Credit card,0,No ticket,Web,0
SW-1238,Under 25,Free,18,0.0,2.3,Music-heavy,Credit card,2,Billing,iOS,1
SW-1239,35-49,Free,16,0.0,8.0,Podcast-heavy,Credit card,0,No ticket,Web,0
SW-1240,Under 25,Premium,41,12.99,21.7,Music-heavy,Credit card,0,No ticket,Web,0
SW-1241,50 plus,Premium,31,12.99,22.9,Balanced,Credit card,1,Playback,Partner promo,0
SW-1242,50 plus,Basic,10,7.99,5.7,Music-heavy,Debit,0,No ticket,Android,0
SW-1243,50 plus,Premium,17,12.99,17.9,Low-usage,Credit card,0,No ticket,Partner promo,0
SW-1244,25-34,Free,10,0.0,3.3,Podcast-heavy,PayPal,1,Billing,iOS,0
SW-1245,Under 25,Premium,51,12.99,4.7,Podcast-heavy,PayPal,0,No ticket,Web,0
SW-1246,50 plus,Premium,27,12.99,9.6,Balanced,Debit,1,Playback,Web,0
SW-1247,25-34,Free,14,0.0,10.8,Music-heavy,Credit card,0,No ticket,Android,0
SW-1248,50 plus,Free,14,0.0,3.5,Balanced,Credit card,1,Playback,Android,0
SW-1249,50 plus,Free,33,0.0,35.5,Low-usage,Debit,1,Billing,Partner promo,0
SW-1250,50 plus,Free,18,0.0,1.8,Podcast-heavy,PayPal,0,No ticket,Web,0
SW-1251,25-34,Premium,36,12.99,8.4,Balanced,Credit card,1,Playback,iOS,0
SW-1252,25-34,Basic,3,7.99,9.4,Podcast-heavy,Credit card,1,Playback,Web,0
SW-1253,50 plus,Basic,17,7.99,2.0,Music-heavy,Credit card,1,Billing,Android,0
SW-1254,25-34,Basic,8,7.99,23.1,Music-heavy,Credit card,1,Content,Web,0
SW-1255,Under 25,Family,41,18.99,4.4,Music-heavy,Credit card,1,Playback,iOS,0
SW-1256,25-34,Family,35,18.99,8.7,Low-usage,Gift card,0,No ticket,Partner promo,0
SW-1257,50 plus,Basic,12,7.99,10.4,Music-heavy,Credit card,0,No ticket,Android,0
SW-1258,35-49,Basic,35,7.99,2.5,Balanced,Credit card,2,Billing,Web,1
SW-1259,35-49,Basic,42,7.99,3.4,Music-heavy,Gift card,2,Account,Web,0
SW-1260,Under 25,Premium,13,12.99,27.9,Balanced,Credit card,0,No ticket,Android,0
SW-1261,35-49,Free,60,0.0,7.6,Music-heavy,PayPal,0,No ticket,iOS,0
SW-1262,50 plus,Premium,12,12.99,0.9,Balanced,Credit card,0,No ticket,Android,0
SW-1263,Under 25,Premium,10,12.99,6.3,Low-usage,Gift card,0,No ticket,Partner promo,1
SW-1264,25-34,Family,22,18.99,7.8,Low-usage,Credit card,1,Account,Android,0
SW-1265,50 plus,Basic,9,7.99,9.5,Balanced,Gift card,3,Billing,Android,0
SW-1266,35-49,Premium,13,12.99,1.6,Balanced,Credit card,1,Billing,Partner promo,0
SW-1267,35-49,Premium,32,12.99,7.8,Music-heavy,Credit card,0,No ticket,iOS,0
SW-1268,35-49,Free,12,0.0,4.1,Music-heavy,Credit card,1,Playback,Web,0
SW-1269,25-34,Basic,4,7.99,9.5,Balanced,Credit card,0,No ticket,Web,0
SW-1270,25-34,Basic,16,7.99,12.0,Music-heavy,Credit card,1,Content,Partner promo,0
SW-1271,35-49,Basic,7,7.99,11.0,Music-heavy,Gift card,2,Billing,Web,1
SW-1272,35-49,Basic,22,7.99,24.6,Podcast-heavy,Credit card,0,No ticket,Web,0
SW-1273,50 plus,Premium,20,12.99,40.0,Music-heavy,Debit,0,No ticket,Web,0
SW-1274,50 plus,Basic,34,7.99,3.2,Music-heavy,Credit card,1,Content,Android,0
SW-1275,25-34,Family,23,18.99,5.9,Podcast-heavy,PayPal,0,No ticket,Partner promo,0
SW-1276,25-34,Free,26,0.0,14.5,Music-heavy,Credit card,0,No ticket,Android,0
SW-1277,35-49,Family,8,18.99,7.2,Music-heavy,Gift card,1,Playback,iOS,0
SW-1278,35-49,Basic,21,7.99,0.9,Podcast-heavy,Credit card,1,Account,Partner promo,0
SW-1279,35-49,Premium,48,12.99,6.9,Podcast-heavy,Credit card,1,Account,Web,0
SW-1280,35-49,Basic,7,7.99,21.5,Balanced,Credit card,0,No ticket,Android,0
SW-1281,50 plus,Free,42,0.0,2.6,Music-heavy,Debit,0,No ticket,iOS,0
SW-1282,25-34,Family,8,18.99,9.5,Balanced,Debit,0,No ticket,iOS,0
SW-1283,25-34,Basic,7,7.99,1.7,Podcast-heavy,PayPal,0,No ticket,Web,0
SW-1284,Under 25,Premium,15,12.99,16.0,Podcast-heavy,Credit card,1,Billing,Web,0
SW-1285,35-49,Premium,20,12.99,9.7,Music-heavy,Debit,0,No ticket,iOS,0
SW-1286,Under 25,Premium,23,12.99,5.1,Music-heavy,PayPal,1,Playback,Web,0
SW-1287,25-34,Premium,6,12.99,5.7,Balanced,Credit card,0,No ticket,iOS,0
SW-1288,25-34,Premium,16,12.99,2.4,Music-heavy,Credit card,1,Playback,Web,0
SW-1289,25-34,Free,7,0.0,17.9,Balanced,Debit,1,Playback,Web,0
SW-1290,35-49,Premium,4,12.99,4.2,Low-usage,Credit card,1,Account,Android,0
SW-1291,Under 25,Family,6,18.99,11.9,Podcast-heavy,Debit,2,Playback,Partner promo,0
SW-1292,Under 25,Free,7,0.0,3.7,Podcast-heavy,Credit card,1,Playback,Partner promo,0
SW-1293,35-49,Free,17,0.0,40.0,Music-heavy,Gift card,0,No ticket,Android,0
SW-1294,25-34,Premium,27,12.99,27.9,Low-usage,PayPal,2,Account,Android,0
SW-1295,Under 25,Basic,4,7.99,40.0,Balanced,Debit,1,Billing,Android,0
SW-1296,25-34,Basic,15,7.99,40.0,Balanced,Credit card,1,Account,Android,0
SW-1297,35-49,Free,5,0.0,4.8,Podcast-heavy,Credit card,1,Content,iOS,0
SW-1298,Under 25,Premium,19,12.99,3.9,Balanced,PayPal,0,No ticket,Web,0
SW-1299,35-49,Free,8,0.0,40.0,Balanced,Debit,1,Billing,Web,0
SW-1300,Under 25,Premium,6,12.99,7.1,Music-heavy,PayPal,0,No ticket,Android,0
SW-1301,Under 25,Premium,21,12.99,15.6,Podcast-heavy,Credit card,0,No ticket,Android,0
SW-1302,25-34,Basic,8,7.99,4.9,Podcast-heavy,Credit card,0,No ticket,iOS,0
SW-1303,25-34,Premium,10,12.99,4.9,Music-heavy,Credit card,1,Playback,Web,0
SW-1304,35-49,Family,3,18.99,15.5,Balanced,Credit card,1,Playback,Web,0
SW-1305,35-49,Premium,23,12.99,1.7,Low-usage,PayPal,2,Billing,Partner promo,0
SW-1306,50 plus,Premium,21,12.99,15.0,Podcast-heavy,Debit,0,No ticket,iOS,0
SW-1307,25-34,Basic,12,7.99,12.2,Music-heavy,Credit card,0,No ticket,iOS,0
SW-1308,25-34,Premium,4,12.99,5.2,Music-heavy,Debit,2,Playback,iOS,0
SW-1309,35-49,Free,28,0.0,8.2,Podcast-heavy,PayPal,0,No ticket,Android,0
SW-1310,25-34,Free,8,0.0,9.2,Low-usage,Debit,1,Account,Partner promo,0
SW-1311,25-34,Premium,9,12.99,9.7,Low-usage,Credit card,0,No ticket,Partner promo,1
SW-1312,Under 25,Basic,60,7.99,13.9,Music-heavy,Credit card,2,Billing,Web,0
SW-1313,Under 25,Premium,7,12.99,4.2,Balanced,PayPal,0,No ticket,iOS,0
SW-1314,50 plus,Basic,20,7.99,40.0,Music-heavy,Credit card,1,Billing,iOS,0
SW-1315,35-49,Premium,18,12.99,6.8,Low-usage,PayPal,2,Billing,Partner promo,1
SW-1316,35-49,Premium,16,12.99,7.2,Music-heavy,PayPal,1,Account,Android,0
SW-1317,25-34,Premium,15,12.99,37.9,Music-heavy,PayPal,0,No ticket,Web,0
SW-1318,Under 25,Basic,16,7.99,1.9,Podcast-heavy,Gift card,0,No ticket,Android,0
SW-1319,Under 25,Premium,15,12.99,37.6,Podcast-heavy,Debit,1,Playback,iOS,0
SW-1320,25-34,Basic,12,7.99,8.6,Music-heavy,Credit card,0,No ticket,Partner promo,0
SW-1321,25-34,Free,35,0.0,5.2,Balanced,Credit card,0,No ticket,Web,0
SW-1322,35-49,Family,5,18.99,3.3,Music-heavy,Credit card,1,Billing,Web,0
SW-1323,35-49,Free,25,0.0,2.9,Low-usage,Credit card,1,Account,Android,0
SW-1324,25-34,Free,21,0.0,6.1,Podcast-heavy,Credit card,1,Account,Android,0
SW-1325,50 plus,Family,20,18.99,10.0,Music-heavy,Credit card,1,Playback,Android,0
SW-1326,35-49,Basic,26,7.99,13.2,Low-usage,Credit card,3,Billing,Partner promo,1
SW-1327,25-34,Premium,11,12.99,9.9,Music-heavy,Credit card,0,No ticket,iOS,0
SW-1328,35-49,Premium,3,12.99,5.3,Low-usage,PayPal,2,Billing,Partner promo,0
SW-1329,25-34,Basic,11,7.99,23.4,Music-heavy,Debit,1,Billing,Partner promo,0
SW-1330,25-34,Basic,6,7.99,40.0,Balanced,PayPal,2,Billing,iOS,1
SW-1331,25-34,Basic,7,7.99,26.4,Podcast-heavy,Credit card,1,Billing,iOS,0
SW-1332,35-49,Basic,5,7.99,6.0,Music-heavy,Credit card,2,Billing,Android,0
SW-1333,Under 25,Premium,9,12.99,12.0,Music-heavy,Credit card,1,Billing,Android,0
SW-1334,Under 25,Premium,8,12.99,12.6,Balanced,Credit card,0,No ticket,iOS,0
SW-1335,Under 25,Family,2,18.99,28.9,Music-heavy,Debit,0,No ticket,Web,0
SW-1336,Under 25,Free,20,0.0,6.1,Music-heavy,Credit card,1,Playback,iOS,0
SW-1337,50 plus,Premium,57,12.99,3.7,Podcast-heavy,Credit card,1,Billing,Web,0
SW-1338,35-49,Premium,18,12.99,19.8,Balanced,Debit,0,No ticket,Partner promo,0
SW-1339,25-34,Family,10,18.99,11.1,Music-heavy,PayPal,0,No ticket,Web,0
SW-1340,Under 25,Free,12,0.0,3.3,Music-heavy,Debit,0,No ticket,Web,0
SW-1341,25-34,Premium,9,12.99,14.1,Balanced,Credit card,0,No ticket,Android,0
SW-1342,25-34,Family,13,18.99,34.8,Music-heavy,Credit card,0,No ticket,Android,0
SW-1343,Under 25,Basic,12,7.99,4.6,Balanced,Credit card,0,No ticket,Android,0
SW-1344,25-34,Family,7,18.99,3.9,Low-usage,Gift card,2,Billing,iOS,1
SW-1345,25-34,Free,39,0.0,8.2,Balanced,PayPal,0,No ticket,Android,0
SW-1346,35-49,Premium,4,12.99,13.8,Music-heavy,Credit card,0,No ticket,iOS,0
SW-1347,35-49,Family,20,18.99,7.5,Music-heavy,Credit card,3,Billing,iOS,1
SW-1348,Under 25,Premium,11,12.99,19.8,Music-heavy,Debit,0,No ticket,Android,0
SW-1349,25-34,Basic,45,7.99,9.9,Low-usage,Credit card,1,Billing,Web,0
SW-1350,35-49,Free,15,0.0,18.0,Low-usage,PayPal,1,Account,Android,0
SW-1351,25-34,Family,9,18.99,4.5,Music-heavy,PayPal,1,Billing,iOS,0
SW-1352,50 plus,Premium,10,12.99,3.0,Balanced,Credit card,1,Billing,Partner promo,0
SW-1353,35-49,Free,12,0.0,6.1,Balanced,Credit card,0,No ticket,Web,0
SW-1354,Under 25,Premium,5,12.99,2.7,Music-heavy,PayPal,0,No ticket,Partner promo,0
SW-1355,Under 25,Premium,7,12.99,11.1,Music-heavy,Credit card,0,No ticket,Android,0
SW-1356,35-49,Free,3,0.0,1.6,Music-heavy,Debit,0,No ticket,Android,0
SW-1357,Under 25,Basic,6,7.99,5.6,Podcast-heavy,Credit card,0,No ticket,iOS,0
SW-1358,35-49,Free,13,0.0,6.4,Low-usage,Credit card,0,No ticket,Partner promo,0
SW-1359,50 plus,Premium,15,12.99,3.5,Low-usage,Debit,1,Content,iOS,0
SW-1360,35-49,Premium,3,12.99,6.3,Music-heavy,Credit card,1,Account,iOS,0
SW-1361,25-34,Premium,11,12.99,8.0,Music-heavy,Credit card,0,No ticket,Android,0
SW-1362,35-49,Premium,18,12.99,22.1,Podcast-heavy,Credit card,1,Account,Web,0
SW-1363,25-34,Family,11,18.99,3.5,Balanced,Debit,1,Content,Web,0
SW-1364,25-34,Premium,8,12.99,10.6,Balanced,Debit,3,Account,Android,0
SW-1365,50 plus,Free,9,0.0,12.5,Podcast-heavy,Credit card,0,No ticket,Web,0
SW-1366,25-34,Premium,8,12.99,7.9,Podcast-heavy,Debit,0,No ticket,Android,0
SW-1367,50 plus,Basic,8,7.99,5.4,Music-heavy,Credit card,2,Billing,Android,0
SW-1368,50 plus,Premium,14,12.99,3.2,Podcast-heavy,Credit card,2,Billing,iOS,0
SW-1369,Under 25,Premium,60,12.99,36.5,Low-usage,Debit,1,Account,Web,0
SW-1370,Under 25,Basic,7,7.99,8.5,Music-heavy,Debit,1,Playback,Android,0
SW-1371,Under 25,Family,10,18.99,6.2,Podcast-heavy,Credit card,1,Playback,Android,0
SW-1372,Under 25,Free,12,0.0,40.0,Music-heavy,Credit card,2,Billing,iOS,0
SW-1373,Under 25,Premium,7,12.99,9.6,Podcast-heavy,Credit card,0,No ticket,iOS,0
SW-1374,35-49,Free,26,0.0,40.0,Podcast-heavy,PayPal,2,Billing,Web,1
SW-1375,Under 25,Family,2,18.99,2.6,Podcast-heavy,Credit card,1,Content,Android,0
SW-1376,25-34,Free,8,0.0,6.6,Balanced,Credit card,1,Content,Android,0
SW-1377,50 plus,Free,21,0.0,2.7,Podcast-heavy,Credit card,0,No ticket,Web,0
SW-1378,Under 25,Basic,10,7.99,7.3,Podcast-heavy,Credit card,1,Playback,Android,0
SW-1379,35-49,Basic,7,7.99,7.2,Music-heavy,PayPal,0,No ticket,Partner promo,0
SW-1380,25-34,Basic,16,7.99,5.5,Balanced,Credit card,1,Billing,Web,0
SW-1381,Under 25,Premium,23,12.99,8.4,Music-heavy,Credit card,1,Playback,Android,0
SW-1382,35-49,Basic,14,7.99,5.8,Balanced,Credit card,0,No ticket,Android,0
SW-1383,35-49,Free,7,0.0,7.3,Music-heavy,Credit card,1,Playback,Partner promo,0
SW-1384,50 plus,Basic,17,7.99,4.4,Music-heavy,Credit card,1,Content,Web,0
SW-1385,35-49,Premium,9,12.99,25.4,Music-heavy,Credit card,0,No ticket,iOS,0
SW-1386,35-49,Premium,20,12.99,3.3,Low-usage,Credit card,0,No ticket,Partner promo,1
SW-1387,25-34,Premium,34,12.99,9.5,Music-heavy,PayPal,1,Billing,Web,0
SW-1388,Under 25,Premium,2,12.99,3.1,Music-heavy,Debit,0,No ticket,iOS,0
SW-1389,35-49,Basic,13,7.99,4.1,Music-heavy,Credit card,0,No ticket,iOS,0
SW-1390,35-49,Free,4,0.0,4.5,Music-heavy,Credit card,0,No ticket,Android,0
SW-1391,50 plus,Basic,60,7.99,7.2,Music-heavy,Credit card,0,No ticket,iOS,0
SW-1392,25-34,Premium,9,12.99,9.2,Podcast-heavy,Credit card,0,No ticket,Partner promo,0
SW-1393,25-34,Family,20,18.99,3.3,Music-heavy,PayPal,0,No ticket,Web,0
SW-1394,35-49,Premium,12,12.99,5.7,Podcast-heavy,Gift card,0,No ticket,Android,0
SW-1395,25-34,Free,7,0.0,3.6,Music-heavy,Debit,0,No ticket,iOS,0
SW-1396,50 plus,Premium,6,12.99,3.5,Low-usage,Credit card,0,No ticket,Partner promo,1
SW-1397,50 plus,Basic,36,7.99,19.8,Podcast-heavy,Debit,0,No ticket,Web,0
SW-1398,25-34,Premium,23,12.99,2.6,Music-heavy,Credit card,1,Billing,Partner promo,0
SW-1399,35-49,Free,47,0.0,8.5,Podcast-heavy,Debit,1,Playback,iOS,0
SW-1400,35-49,Family,12,18.99,31.1,Music-heavy,Credit card,2,Playback,Android,0
SW-1401,Under 25,Basic,15,7.99,21.0,Music-heavy,Credit card,0,No ticket,Android,0
SW-1402,50 plus,Premium,10,12.99,11.2,Low-usage,Credit card,1,Billing,Partner promo,0
SW-1403,25-34,Premium,10,12.99,7.9,Podcast-heavy,Credit card,0,No ticket,Android,0
SW-1404,35-49,Premium,6,12.99,14.4,Balanced,Debit,1,Billing,Web,0
SW-1405,25-34,Premium,13,12.99,10.8,Music-heavy,PayPal,0,No ticket,Android,0
SW-1406,50 plus,Premium,7,12.99,25.0,Music-heavy,PayPal,0,No ticket,Web,0
SW-1407,25-34,Premium,16,12.99,7.2,Music-heavy,Gift card,1,Playback,Android,1
SW-1408,Under 25,Premium,14,12.99,17.8,Podcast-heavy,Credit card,0,No ticket,Android,0
SW-1409,50 plus,Premium,15,12.99,6.2,Podcast-heavy,Credit card,3,Account,iOS,0
SW-1410,Under 25,Family,39,18.99,36.4,Music-heavy,Credit card,0,No ticket,iOS,0
SW-1411,25-34,Premium,12,12.99,7.0,Balanced,PayPal,1,Account,Web,0
SW-1412,50 plus,Premium,20,12.99,2.2,Music-heavy,Credit card,1,Content,Partner promo,0
SW-1413,50 plus,Family,50,18.99,8.5,Low-usage,Credit card,2,Billing,Web,0
SW-1414,35-49,Basic,30,7.99,14.7,Music-heavy,Credit card,0,No ticket,iOS,1
SW-1415,35-49,Free,27,0.0,29.4,Balanced,Gift card,1,Billing,Web,0
SW-1416,25-34,Premium,10,12.99,3.6,Music-heavy,PayPal,1,Playback,Partner promo,0
SW-1417,25-34,Premium,14,12.99,2.0,Balanced,Credit card,0,No ticket,Android,0
SW-1418,25-34,Premium,5,12.99,11.9,Music-heavy,PayPal,1,Playback,Web,0
SW-1419,35-49,Basic,17,7.99,11.6,Music-heavy,Credit card,0,No ticket,Android,0
SW-1420,35-49,Premium,15,12.99,2.6,Music-heavy,Credit card,1,Content,Partner promo,0
SW-1421,35-49,Premium,12,12.99,6.1,Low-usage,Debit,0,No ticket,Android,0
SW-1422,35-49,Free,25,0.0,6.4,Low-usage,Credit card,1,Billing,iOS,0
SW-1423,Under 25,Premium,5,12.99,15.5,Music-heavy,Credit card,1,Playback,Web,0
SW-1424,25-34,Premium,38,12.99,5.7,Balanced,PayPal,1,Billing,Web,0
SW-1425,Under 25,Premium,23,12.99,5.6,Low-usage,Debit,1,Playback,Partner promo,1
SW-1426,25-34,Premium,11,12.99,8.8,Music-heavy,Gift card,0,No ticket,iOS,0
SW-1427,25-34,Premium,11,12.99,2.7,Music-heavy,Credit card,1,Content,Android,0
SW-1428,50 plus,Basic,17,7.99,36.6,Low-usage,Credit card,1,Account,Android,0
SW-1429,25-34,Free,35,0.0,16.9,Podcast-heavy,Credit card,1,Content,Android,0
SW-1430,Under 25,Family,13,18.99,4.6,Music-heavy,PayPal,0,No ticket,Web,0
SW-1431,Under 25,Basic,13,7.99,3.3,Music-heavy,Credit card,1,Billing,Android,0
SW-1432,35-49,Basic,12,7.99,3.5,Music-heavy,Credit card,0,No ticket,Android,0
SW-1433,35-49,Basic,42,7.99,12.8,Podcast-heavy,Credit card,0,No ticket,iOS,0
SW-1434,Under 25,Premium,9,12.99,3.6,Music-heavy,PayPal,0,No ticket,iOS,0
SW-1435,Under 25,Premium,12,12.99,6.6,Podcast-heavy,Credit card,1,Account,Web,0
SW-1436,35-49,Premium,33,12.99,2.1,Music-heavy,Credit card,0,No ticket,Web,0
SW-1437,Under 25,Free,13,0.0,12.3,Music-heavy,Credit card,1,Playback,iOS,0
SW-1438,35-49,Family,27,18.99,12.7,Music-heavy,Credit card,3,Account,Web,0
SW-1439,35-49,Basic,6,7.99,6.9,Low-usage,Credit card,1,Billing,iOS,0
SW-1440,Under 25,Basic,10,7.99,9.3,Music-heavy,Credit card,0,No ticket,iOS,0
SW-1441,Under 25,Basic,34,7.99,15.1,Balanced,PayPal,1,Playback,Partner promo,0
SW-1442,50 plus,Basic,7,7.99,9.1,Music-heavy,Credit card,1,Playback,Partner promo,0
SW-1443,25-34,Family,11,18.99,14.9,Podcast-heavy,Credit card,0,No ticket,Partner promo,0
SW-1444,25-34,Family,14,18.99,3.1,Music-heavy,Credit card,2,Billing,Partner promo,1
SW-1445,35-49,Basic,6,7.99,10.8,Balanced,Gift card,0,No ticket,Partner promo,1
SW-1446,50 plus,Family,9,18.99,9.3,Balanced,Credit card,0,No ticket,Android,0
SW-1447,50 plus,Premium,13,12.99,20.9,Music-heavy,PayPal,0,No ticket,Partner promo,0
SW-1448,35-49,Family,12,18.99,8.2,Music-heavy,PayPal,0,No ticket,Android,0
SW-1449,25-34,Basic,29,7.99,7.4,Balanced,Credit card,0,No ticket,Android,0
SW-1450,Under 25,Premium,35,12.99,5.1,Music-heavy,Credit card,1,Account,Web,0
SW-1451,35-49,Basic,7,7.99,26.4,Balanced,Debit,0,No ticket,Android,0
SW-1452,25-34,Premium,13,12.99,1.2,Music-heavy,Debit,0,No ticket,Partner promo,0
SW-1453,25-34,Free,19,0.0,12.0,Balanced,PayPal,1,Playback,iOS,1
SW-1454,50 plus,Premium,35,12.99,7.9,Podcast-heavy,PayPal,0,No ticket,Web,0
SW-1455,Under 25,Basic,20,7.99,6.9,Music-heavy,Credit card,1,Billing,iOS,0
SW-1456,25-34,Basic,15,7.99,6.1,Balanced,Debit,1,Billing,Android,0
SW-1457,Under 25,Premium,19,12.99,7.7,Podcast-heavy,Credit card,0,No ticket,Android,0
SW-1458,25-34,Family,19,18.99,11.7,Music-heavy,Credit card,0,No ticket,iOS,0
SW-1459,Under 25,Premium,6,12.99,4.2,Music-heavy,Debit,1,Content,Web,0
SW-1460,Under 25,Family,14,18.99,8.9,Podcast-heavy,Credit card,0,No ticket,Partner promo,0
SW-1461,Under 25,Basic,33,7.99,10.6,Music-heavy,Credit card,1,Billing,Android,0
SW-1462,35-49,Premium,10,12.99,3.7,Low-usage,Credit card,1,Playback,Web,0
SW-1463,35-49,Basic,13,7.99,12.0,Balanced,Credit card,1,Playback,Android,0
SW-1464,35-49,Free,10,0.0,10.7,Music-heavy,PayPal,0,No ticket,iOS,0
SW-1465,50 plus,Premium,2,12.99,4.2,Balanced,Credit card,2,Billing,iOS,0
SW-1466,25-34,Premium,12,12.99,3.1,Music-heavy,Debit,0,No ticket,Android,0
SW-1467,25-34,Premium,15,12.99,4.2,Podcast-heavy,Credit card,1,Billing,Android,0
SW-1468,50 plus,Premium,8,12.99,8.9,Music-heavy,Credit card,1,Playback,iOS,0
SW-1469,25-34,Premium,5,12.99,7.5,Balanced,Credit card,0,No ticket,Web,0
SW-1470,50 plus,Free,6,0.0,24.4,Balanced,Credit card,1,Playback,Web,0
SW-1471,Under 25,Free,20,0.0,6.0,Podcast-heavy,Credit card,1,Billing,Partner promo,0
SW-1472,50 plus,Premium,48,12.99,3.9,Music-heavy,PayPal,1,Billing,Partner promo,0
SW-1473,Under 25,Basic,32,7.99,13.5,Music-heavy,Credit card,0,No ticket,iOS,0
SW-1474,50 plus,Free,5,0.0,3.7,Podcast-heavy,Credit card,1,Playback,iOS,0
SW-1475,25-34,Basic,22,7.99,4.2,Music-heavy,Credit card,1,Billing,iOS,0
SW-1476,50 plus,Premium,8,12.99,4.3,Music-heavy,Credit card,0,No ticket,Partner promo,0
SW-1477,Under 25,Basic,8,7.99,0.7,Balanced,Credit card,0,No ticket,iOS,0
SW-1478,25-34,Premium,9,12.99,12.6,Balanced,Debit,1,Account,iOS,0
SW-1479,50 plus,Premium,20,12.99,17.0,Music-heavy,Credit card,0,No ticket,Android,0
SW-1480,25-34,Basic,23,7.99,16.7,Music-heavy,Credit card,0,No ticket,Web,0
SW-1481,35-49,Premium,11,12.99,36.2,Balanced,Debit,1,Content,Web,0
SW-1482,35-49,Premium,11,12.99,26.7,Low-usage,Credit card,0,No ticket,iOS,0
SW-1483,25-34,Premium,17,12.99,6.1,Low-usage,Credit card,0,No ticket,Partner promo,1
SW-1484,35-49,Premium,18,12.99,19.4,Music-heavy,Debit,0,No ticket,Android,0
SW-1485,35-49,Free,27,0.0,7.4,Balanced,PayPal,0,No ticket,iOS,0
SW-1486,50 plus,Premium,5,12.99,5.7,Balanced,Credit card,2,Billing,Web,1
SW-1487,Under 25,Basic,12,7.99,4.4,Music-heavy,Debit,0,No ticket,iOS,0
SW-1488,25-34,Family,6,18.99,6.5,Podcast-heavy,Credit card,0,No ticket,Web,0
SW-1489,50 plus,Premium,12,12.99,10.4,Podcast-heavy,PayPal,1,Billing,Web,0
SW-1490,50 plus,Premium,10,12.99,28.3,Music-heavy,PayPal,2,Billing,Android,1
SW-1491,25-34,Basic,12,7.99,14.3,Balanced,Credit card,0,No ticket,Partner promo,0
SW-1492,35-49,Premium,7,12.99,4.3,Low-usage,Credit card,0,No ticket,Partner promo,1
SW-1493,25-34,Basic,4,7.99,3.5,Balanced,Credit card,0,No ticket,Android,0
SW-1494,Under 25,Premium,3,12.99,12.6,Podcast-heavy,Credit card,1,Playback,Android,0
SW-1495,25-34,Basic,11,7.99,16.5,Music-heavy,Credit card,0,No ticket,Partner promo,0
SW-1496,25-34,Premium,9,12.99,21.4,Balanced,Debit,1,Account,Android,0
SW-1497,35-49,Basic,7,7.99,6.5,Balanced,Credit card,1,Content,Android,0
SW-1498,Under 25,Family,30,18.99,11.6,Low-usage,Credit card,1,Billing,iOS,0
SW-1499,50 plus,Free,7,0.0,15.9,Podcast-heavy,Debit,0,No ticket,Web,0
SW-1500,50 plus,Family,32,18.99,2.7,Music-heavy,Debit,0,No ticket,iOS,0
SW-1501,35-49,Family,37,18.99,10.0,Low-usage,Credit card,0,No ticket,Partner promo,0
SW-1502,25-34,Premium,3,12.99,16.5,Balanced,Debit,0,No ticket,Android,0
SW-1503,25-34,Premium,13,12.99,12.0,Low-usage,PayPal,0,No ticket,Web,0
SW-1504,35-49,Basic,9,7.99,7.5,Music-heavy,Credit card,2,Billing,Android,0
SW-1505,35-49,Premium,2,12.99,40.0,Music-heavy,Credit card,1,Playback,iOS,0
SW-1506,Under 25,Basic,4,7.99,37.5,Music-heavy,Debit,0,No ticket,Partner promo,0
SW-1507,50 plus,Basic,21,7.99,8.1,Balanced,Debit,0,No ticket,Web,0
SW-1508,35-49,Premium,49,12.99,6.9,Low-usage,Credit card,0,No ticket,Android,0
SW-1509,50 plus,Premium,23,12.99,14.0,Podcast-heavy,Credit card,2,Billing,Android,0
SW-1510,35-49,Premium,15,12.99,7.6,Music-heavy,PayPal,1,Billing,Partner promo,0
SW-1511,35-49,Basic,12,7.99,22.1,Music-heavy,Gift card,1,Billing,iOS,0
SW-1512,25-34,Basic,39,7.99,2.9,Podcast-heavy,PayPal,1,Playback,Android,0
SW-1513,50 plus,Free,54,0.0,6.6,Podcast-heavy,Gift card,0,No ticket,Web,0
SW-1514,50 plus,Free,8,0.0,13.8,Balanced,Debit,1,Billing,Web,0
SW-1515,Under 25,Basic,3,7.99,17.9,Music-heavy,PayPal,0,No ticket,iOS,0
SW-1516,Under 25,Free,3,0.0,2.4,Podcast-heavy,Debit,0,No ticket,Android,0
SW-1517,25-34,Free,30,0.0,3.7,Music-heavy,PayPal,2,Billing,iOS,1
SW-1518,35-49,Premium,12,12.99,2.1,Balanced,Credit card,2,Billing,Web,1
SW-1519,50 plus,Free,14,0.0,4.0,Podcast-heavy,PayPal,2,Billing,Android,1
SW-1520,Under 25,Premium,3,12.99,2.9,Low-usage,Credit card,0,No ticket,iOS,0
SW-1521,35-49,Basic,7,7.99,12.3,Balanced,Credit card,0,No ticket,iOS,0
SW-1522,25-34,Family,10,18.99,9.6,Podcast-heavy,Credit card,1,Billing,Web,0
SW-1523,50 plus,Premium,14,12.99,7.1,Music-heavy,Credit card,0,No ticket,Partner promo,0
SW-1524,50 plus,Basic,9,7.99,8.2,Low-usage,Credit card,0,No ticket,Android,0
SW-1525,35-49,Premium,6,12.99,20.8,Music-heavy,Gift card,1,Content,Web,0
SW-1526,25-34,Basic,7,7.99,3.5,Music-heavy,Debit,1,Account,Android,0
SW-1527,25-34,Premium,28,12.99,1.7,Low-usage,PayPal,0,No ticket,iOS,0
SW-1528,25-34,Free,14,0.0,14.1,Balanced,Gift card,0,No ticket,iOS,0
SW-1529,Under 25,Family,18,18.99,5.9,Podcast-heavy,Credit card,3,Billing,iOS,1
SW-1530,50 plus,Basic,6,7.99,3.5,Music-heavy,Credit card,0,No ticket,Partner promo,0
SW-1531,35-49,Basic,2,7.99,12.5,Balanced,Credit card,1,Playback,Partner promo,0
SW-1532,50 plus,Premium,8,12.99,1.7,Music-heavy,Credit card,0,No ticket,Web,0
SW-1533,50 plus,Basic,7,7.99,4.0,Music-heavy,Debit,0,No ticket,Web,0
SW-1534,25-34,Premium,15,12.99,1.2,Music-heavy,Credit card,0,No ticket,Web,0
SW-1535,35-49,Basic,60,7.99,9.8,Music-heavy,Credit card,0,No ticket,Android,0
SW-1536,50 plus,Premium,20,12.99,28.2,Low-usage,Credit card,1,Content,Web,0
SW-1537,50 plus,Free,60,0.0,5.1,Balanced,Credit card,0,No ticket,Android,0
SW-1538,25-34,Premium,18,12.99,4.2,Balanced,Credit card,1,Content,iOS,0
SW-1539,25-34,Premium,8,12.99,33.4,Low-usage,PayPal,1,Billing,Android,0
SW-1540,Under 25,Basic,15,7.99,13.2,Music-heavy,Credit card,0,No ticket,iOS,0
SW-1541,50 plus,Premium,42,12.99,40.0,Low-usage,Credit card,1,Billing,Partner promo,1
SW-1542,35-49,Basic,43,7.99,9.1,Podcast-heavy,Credit card,0,No ticket,Web,0
SW-1543,25-34,Family,8,18.99,9.6,Podcast-heavy,PayPal,0,No ticket,Android,0
SW-1544,35-49,Basic,14,7.99,25.4,Podcast-heavy,Credit card,1,Billing,Android,0
SW-1545,35-49,Basic,4,7.99,7.1,Music-heavy,Credit card,0,No ticket,Android,0
SW-1546,25-34,Free,21,0.0,9.7,Podcast-heavy,Credit card,0,No ticket,iOS,0
SW-1547,Under 25,Basic,36,7.99,1.2,Music-heavy,PayPal,0,No ticket,Web,0
SW-1548,35-49,Premium,12,12.99,32.1,Music-heavy,PayPal,0,No ticket,Android,0
SW-1549,25-34,Family,8,18.99,10.9,Music-heavy,Credit card,0,No ticket,Android,0
SW-1550,35-49,Premium,15,12.99,7.3,Music-heavy,Debit,0,No ticket,Web,0
SW-1551,25-34,Premium,16,12.99,16.5,Music-heavy,Credit card,0,No ticket,iOS,0
SW-1552,50 plus,Premium,13,12.99,3.1,Music-heavy,Credit card,0,No ticket,Web,0
SW-1553,25-34,Free,14,0.0,5.1,Low-usage,Credit card,1,Playback,Android,0
SW-1554,35-49,Basic,11,7.99,12.5,Low-usage,Credit card,0,No ticket,Android,0
SW-1555,50 plus,Premium,24,12.99,8.3,Podcast-heavy,PayPal,2,Billing,Android,1
SW-1556,25-34,Family,20,18.99,11.4,Low-usage,PayPal,0,No ticket,iOS,0
SW-1557,Under 25,Family,6,18.99,9.8,Low-usage,Credit card,1,Playback,Web,0
SW-1558,Under 25,Basic,6,7.99,13.2,Music-heavy,Credit card,0,No ticket,Android,1
SW-1559,35-49,Basic,10,7.99,2.8,Podcast-heavy,Credit card,0,No ticket,iOS,0
SW-1560,35-49,Basic,20,7.99,22.2,Low-usage,Debit,2,Billing,Web,0
SW-1561,35-49,Family,13,18.99,5.4,Balanced,PayPal,1,Content,iOS,0
SW-1562,Under 25,Family,8,18.99,8.4,Music-heavy,PayPal,0,No ticket,Web,0
SW-1563,Under 25,Premium,14,12.99,4.9,Balanced,Debit,1,Content,Android,0
SW-1564,Under 25,Basic,10,7.99,6.4,Music-heavy,Credit card,0,No ticket,Web,0
SW-1565,25-34,Premium,22,12.99,9.6,Music-heavy,PayPal,0,No ticket,iOS,0
SW-1566,35-49,Basic,15,7.99,14.4,Music-heavy,Credit card,0,No ticket,Web,0
SW-1567,25-34,Basic,10,7.99,16.5,Music-heavy,Gift card,1,Content,Android,0
SW-1568,25-34,Premium,14,12.99,11.3,Music-heavy,Credit card,1,Billing,iOS,0
SW-1569,50 plus,Free,30,0.0,5.0,Low-usage,Debit,0,No ticket,Android,0
SW-1570,25-34,Free,8,0.0,10.8,Music-heavy,Credit card,0,No ticket,iOS,0
SW-1571,25-34,Family,16,18.99,9.7,Music-heavy,Credit card,2,Billing,Web,1
SW-1572,35-49,Premium,11,12.99,8.4,Music-heavy,Debit,1,Playback,Web,0
SW-1573,25-34,Basic,16,7.99,12.3,Podcast-heavy,Debit,0,No ticket,Partner promo,0
SW-1574,35-49,Premium,8,12.99,2.9,Low-usage,PayPal,1,Account,iOS,0
SW-1575,50 plus,Basic,13,7.99,1.6,Music-heavy,Debit,2,Playback,Android,0
SW-1576,50 plus,Premium,26,12.99,20.7,Music-heavy,Credit card,1,Playback,Partner promo,1
SW-1577,Under 25,Premium,6,12.99,7.2,Podcast-heavy,PayPal,0,No ticket,Web,0
SW-1578,50 plus,Premium,5,12.99,11.2,Low-usage,PayPal,0,No ticket,Partner promo,1
SW-1579,25-34,Premium,5,12.99,4.0,Music-heavy,Credit card,1,Content,Web,0
SW-1580,25-34,Basic,5,7.99,22.0,Music-heavy,PayPal,1,Billing,Web,0
SW-1581,25-34,Basic,18,7.99,10.6,Podcast-heavy,Gift card,1,Billing,Web,0
SW-1582,50 plus,Basic,4,7.99,6.9,Music-heavy,Debit,1,Billing,Android,0
SW-1583,25-34,Basic,10,7.99,10.1,Low-usage,Credit card,0,No ticket,iOS,0
SW-1584,25-34,Premium,18,12.99,2.0,Music-heavy,Debit,1,Account,Web,0
SW-1585,35-49,Basic,16,7.99,10.8,Music-heavy,Credit card,1,Account,Web,0
SW-1586,25-34,Free,9,0.0,26.3,Balanced,Debit,1,Account,Web,0
SW-1587,Under 25,Basic,14,7.99,10.3,Balanced,Credit card,0,No ticket,Partner promo,0
SW-1588,Under 25,Family,13,18.99,9.3,Music-heavy,PayPal,0,No ticket,iOS,0
SW-1589,Under 25,Basic,10,7.99,6.2,Low-usage,Debit,2,Billing,Partner promo,0
SW-1590,Under 25,Premium,10,12.99,19.0,Balanced,Credit card,1,Account,Android,0
SW-1591,Under 25,Basic,57,7.99,21.4,Music-heavy,Debit,0,No ticket,Android,0
SW-1592,35-49,Premium,21,12.99,5.7,Low-usage,Credit card,0,No ticket,Partner promo,0
SW-1593,Under 25,Premium,60,12.99,10.7,Music-heavy,Credit card,0,No ticket,Web,0
SW-1594,25-34,Premium,8,12.99,9.6,Music-heavy,Credit card,0,No ticket,iOS,0
SW-1595,50 plus,Premium,11,12.99,11.0,Music-heavy,Credit card,0,No ticket,iOS,0
SW-1596,25-34,Family,5,18.99,4.3,Podcast-heavy,Gift card,0,No ticket,iOS,0
SW-1597,35-49,Basic,7,7.99,20.0,Balanced,Credit card,1,Playback,Web,0
SW-1598,Under 25,Free,45,0.0,12.6,Music-heavy,PayPal,0,No ticket,Partner promo,0
SW-1599,Under 25,Family,8,18.99,20.9,Music-heavy,Credit card,0,No ticket,Web,0
SW-1600,Under 25,Basic,46,7.99,3.3,Podcast-heavy,Debit,0,No ticket,Web,0
SW-1601,Under 25,Premium,5,12.99,3.4,Balanced,Debit,0,No ticket,Android,0
SW-1602,25-34,Premium,6,12.99,40.0,Balanced,Credit card,1,Billing,Web,0
SW-1603,Under 25,Basic,9,7.99,20.0,Music-heavy,Gift card,0,No ticket,Web,0
SW-1604,Under 25,Premium,11,12.99,4.2,Podcast-heavy,Credit card,0,No ticket,Web,0
SW-1605,Under 25,Free,23,0.0,16.0,Podcast-heavy,Debit,1,Playback,Web,0
SW-1606,25-34,Basic,16,7.99,5.5,Balanced,Credit card,0,No ticket,Web,0
SW-1607,Under 25,Free,9,0.0,2.1,Music-heavy,Credit card,0,No ticket,Web,0
SW-1608,25-34,Premium,11,12.99,1.5,Music-heavy,PayPal,1,Playback,iOS,0
SW-1609,25-34,Basic,10,7.99,7.9,Podcast-heavy,PayPal,1,Playback,iOS,0
SW-1610,35-49,Premium,6,12.99,27.9,Low-usage,Credit card,1,Content,iOS,0
SW-1611,Under 25,Family,6,18.99,27.0,Podcast-heavy,PayPal,1,Billing,Android,0
SW-1612,35-49,Premium,25,12.99,21.9,Low-usage,Credit card,0,No ticket,Web,0
SW-1613,35-49,Premium,3,12.99,15.5,Music-heavy,Debit,1,Billing,Web,0
SW-1614,Under 25,Basic,37,7.99,10.3,Podcast-heavy,Credit card,0,No ticket,Android,0
SW-1615,50 plus,Basic,9,7.99,20.1,Podcast-heavy,Debit,1,Content,Android,0
SW-1616,50 plus,Premium,7,12.99,1.6,Balanced,Credit card,1,Billing,Web,0
SW-1617,Under 25,Premium,20,12.99,17.7,Balanced,Credit card,1,Playback,Partner promo,0
SW-1618,25-34,Family,34,18.99,3.3,Balanced,Gift card,0,No ticket,Android,0
SW-1619,35-49,Family,26,18.99,3.9,Balanced,Credit card,0,No ticket,Web,0
SW-1620,35-49,Family,17,18.99,14.0,Balanced,Credit card,0,No ticket,Partner promo,0
SW-1621,Under 25,Family,26,18.99,16.8,Low-usage,Credit card,0,No ticket,iOS,0
SW-1622,Under 25,Premium,4,12.99,4.9,Low-usage,Credit card,0,No ticket,Partner promo,1
SW-1623,25-34,Premium,8,12.99,13.4,Balanced,Credit card,2,Billing,Web,1
SW-1624,25-34,Family,6,18.99,12.6,Low-usage,Credit card,0,No ticket,Web,0
SW-1625,35-49,Basic,28,7.99,6.2,Podcast-heavy,Credit card,2,Playback,Android,0
SW-1626,25-34,Family,9,18.99,9.0,Balanced,Debit,0,No ticket,Web,0
SW-1627,25-34,Basic,22,7.99,40.0,Music-heavy,PayPal,1,Billing,Web,0
SW-1628,35-49,Premium,17,12.99,6.4,Music-heavy,Gift card,0,No ticket,Android,0
SW-1629,Under 25,Premium,7,12.99,6.6,Podcast-heavy,Debit,0,No ticket,Web,0
SW-1630,25-34,Family,8,18.99,9.0,Music-heavy,Credit card,0,No ticket,Partner promo,0
SW-1631,35-49,Basic,30,7.99,6.9,Podcast-heavy,Credit card,0,No ticket,iOS,0
SW-1632,50 plus,Premium,7,12.99,15.1,Low-usage,PayPal,0,No ticket,Partner promo,0
SW-1633,25-34,Premium,13,12.99,25.9,Music-heavy,Debit,2,Billing,iOS,1
SW-1634,25-34,Basic,7,7.99,6.6,Music-heavy,Credit card,0,No ticket,iOS,0
SW-1635,Under 25,Premium,10,12.99,4.0,Balanced,Credit card,1,Account,iOS,0
SW-1636,25-34,Premium,12,12.99,38.8,Music-heavy,PayPal,0,No ticket,Android,1
SW-1637,25-34,Premium,7,12.99,8.8,Podcast-heavy,Debit,1,Account,iOS,0
SW-1638,25-34,Basic,6,7.99,2.0,Podcast-heavy,Debit,0,No ticket,Web,0
SW-1639,25-34,Premium,15,12.99,35.5,Music-heavy,Credit card,1,Account,Web,0
SW-1640,25-34,Premium,7,12.99,19.7,Music-heavy,Debit,1,Account,Web,1
SW-1641,Under 25,Basic,7,7.99,28.8,Low-usage,PayPal,3,Playback,iOS,0
SW-1642,25-34,Basic,6,7.99,25.2,Music-heavy,PayPal,0,No ticket,Android,0
SW-1643,Under 25,Family,11,18.99,40.0,Podcast-heavy,Debit,2,Content,Web,0
SW-1644,25-34,Premium,23,12.99,3.5,Low-usage,Debit,0,No ticket,Web,0
SW-1645,Under 25,Premium,34,12.99,4.2,Balanced,Debit,0,No ticket,Partner promo,0
SW-1646,50 plus,Basic,7,7.99,5.4,Music-heavy,Credit card,0,No ticket,Android,0
SW-1647,35-49,Basic,54,7.99,5.3,Podcast-heavy,Credit card,0,No ticket,Partner promo,1
SW-1648,35-49,Basic,6,7.99,8.8,Balanced,PayPal,1,Playback,Partner promo,0
SW-1649,35-49,Basic,26,7.99,5.4,Balanced,Credit card,0,No ticket,Web,0
SW-1650,25-34,Premium,7,12.99,3.1,Balanced,Debit,1,Billing,Partner promo,0
SW-1651,Under 25,Premium,7,12.99,4.0,Podcast-heavy,Gift card,0,No ticket,Web,0
SW-1652,25-34,Premium,7,12.99,6.3,Music-heavy,Gift card,0,No ticket,Partner promo,0
SW-1653,35-49,Free,12,0.0,20.0,Podcast-heavy,Debit,1,Content,iOS,0
SW-1654,35-49,Premium,18,12.99,5.0,Balanced,Credit card,2,Billing,iOS,1
SW-1655,25-34,Basic,19,7.99,15.3,Balanced,Credit card,1,Billing,Android,0
SW-1656,Under 25,Free,6,0.0,2.8,Music-heavy,PayPal,1,Content,Android,0
SW-1657,25-34,Family,6,18.99,0.6,Music-heavy,Credit card,0,No ticket,Android,0
SW-1658,25-34,Premium,6,12.99,7.2,Low-usage,Gift card,4,Billing,iOS,0
SW-1659,35-49,Premium,11,12.99,4.9,Music-heavy,Credit card,1,Playback,Web,0
SW-1660,35-49,Basic,10,7.99,4.0,Music-heavy,Debit,1,Account,Android,0
SW-1661,25-34,Family,6,18.99,3.6,Balanced,Credit card,0,No ticket,Web,0
SW-1662,50 plus,Premium,14,12.99,4.5,Podcast-heavy,Credit card,0,No ticket,Android,0
SW-1663,35-49,Premium,58,12.99,3.6,Music-heavy,PayPal,0,No ticket,iOS,0
SW-1664,25-34,Basic,8,7.99,3.9,Podcast-heavy,Debit,0,No ticket,iOS,0
SW-1665,Under 25,Family,9,18.99,2.7,Podcast-heavy,Credit card,0,No ticket,Android,0
SW-1666,Under 25,Premium,18,12.99,1.5,Podcast-heavy,Credit card,0,No ticket,Android,0
SW-1667,25-34,Family,8,18.99,1.4,Low-usage,Debit,0,No ticket,Partner promo,0
SW-1668,Under 25,Basic,19,7.99,40.0,Music-heavy,Credit card,0,No ticket,Web,0
SW-1669,Under 25,Basic,7,7.99,7.6,Balanced,PayPal,0,No ticket,Partner promo,0
SW-1670,25-34,Basic,43,7.99,27.1,Music-heavy,Credit card,0,No ticket,Partner promo,0
SW-1671,Under 25,Basic,15,7.99,6.9,Podcast-heavy,Credit card,0,No ticket,Android,0
SW-1672,50 plus,Family,8,18.99,7.1,Balanced,Credit card,0,No ticket,Partner promo,0
SW-1673,Under 25,Free,8,0.0,10.2,Music-heavy,Credit card,0,No ticket,Android,0
SW-1674,25-34,Premium,8,12.99,13.3,Low-usage,Credit card,0,No ticket,Partner promo,1
SW-1675,25-34,Basic,31,7.99,3.0,Music-heavy,Gift card,0,No ticket,iOS,0
SW-1676,50 plus,Basic,5,7.99,5.9,Music-heavy,Credit card,3,Billing,Android,1
SW-1677,Under 25,Basic,8,7.99,10.2,Podcast-heavy,Credit card,0,No ticket,Partner promo,0
SW-1678,25-34,Premium,8,12.99,1.7,Balanced,Credit card,1,Content,iOS,0
SW-1679,50 plus,Premium,12,12.99,22.6,Music-heavy,Debit,0,No ticket,Android,0
SW-1680,50 plus,Free,10,0.0,18.7,Low-usage,Debit,1,Playback,Android,0
SW-1681,35-49,Basic,4,7.99,1.5,Music-heavy,PayPal,1,Account,Web,0
SW-1682,25-34,Basic,9,7.99,4.0,Music-heavy,Credit card,0,No ticket,Web,0
SW-1683,Under 25,Free,11,0.0,8.7,Music-heavy,Debit,0,No ticket,Android,0
SW-1684,35-49,Premium,8,12.99,15.7,Music-heavy,Debit,0,No ticket,Web,0
SW-1685,50 plus,Premium,19,12.99,27.1,Music-heavy,Credit card,2,Playback,Web,0
SW-1686,25-34,Premium,23,12.99,4.8,Balanced,Credit card,1,Playback,Android,0
SW-1687,35-49,Premium,11,12.99,40.0,Podcast-heavy,PayPal,1,Playback,Android,0
SW-1688,25-34,Free,14,0.0,7.7,Podcast-heavy,Credit card,2,Account,Android,1
SW-1689,35-49,Family,3,18.99,6.7,Low-usage,Credit card,3,Billing,Partner promo,0
SW-1690,Under 25,Premium,9,12.99,12.5,Low-usage,Credit card,1,Content,Partner promo,1
SW-1691,25-34,Family,24,18.99,10.3,Music-heavy,Credit card,1,Billing,Web,0
SW-1692,25-34,Free,9,0.0,9.8,Music-heavy,Credit card,0,No ticket,Android,0
SW-1693,25-34,Family,7,18.99,39.5,Music-heavy,Debit,1,Account,Android,0
SW-1694,25-34,Premium,59,12.99,9.8,Podcast-heavy,PayPal,2,Playback,iOS,0
SW-1695,Under 25,Premium,43,12.99,3.6,Music-heavy,Debit,0,No ticket,Web,0
SW-1696,35-49,Free,17,0.0,4.1,Podcast-heavy,Credit card,2,Billing,Android,1
SW-1697,25-34,Premium,27,12.99,26.0,Balanced,PayPal,0,No ticket,Android,0
SW-1698,35-49,Family,3,18.99,13.8,Balanced,Debit,2,Billing,Web,1
SW-1699,Under 25,Premium,7,12.99,2.3,Balanced,Credit card,0,No ticket,Web,0
SW-1700,25-34,Premium,9,12.99,2.2,Low-usage,Debit,0,No ticket,Partner promo,0
SW-1701,25-34,Family,10,18.99,8.2,Music-heavy,Debit,1,Content,Web,0
SW-1702,Under 25,Basic,9,7.99,13.1,Podcast-heavy,Credit card,0,No ticket,iOS,0
SW-1703,25-34,Premium,2,12.99,4.7,Music-heavy,Credit card,1,Playback,Web,0
SW-1704,Under 25,Premium,16,12.99,2.1,Music-heavy,Credit card,0,No ticket,Web,0
SW-1705,Under 25,Family,18,18.99,3.3,Podcast-heavy,Gift card,2,Playback,iOS,0
SW-1706,50 plus,Free,37,0.0,29.8,Music-heavy,Credit card,1,Playback,Web,0
SW-1707,25-34,Premium,7,12.99,11.9,Balanced,Credit card,0,No ticket,Web,0
SW-1708,35-49,Premium,7,12.99,17.8,Music-heavy,Credit card,0,No ticket,Android,0
SW-1709,25-34,Premium,2,12.99,20.3,Low-usage,PayPal,0,No ticket,Web,0
SW-1710,35-49,Premium,10,12.99,4.8,Balanced,Credit card,0,No ticket,Android,0
SW-1711,35-49,Family,23,18.99,5.9,Music-heavy,PayPal,0,No ticket,Android,1
SW-1712,35-49,Family,8,18.99,7.0,Podcast-heavy,Debit,0,No ticket,Web,0
SW-1713,25-34,Free,54,0.0,11.2,Podcast-heavy,Debit,1,Billing,Web,0
SW-1714,25-34,Basic,10,7.99,19.1,Balanced,PayPal,1,Account,Android,1
SW-1715,25-34,Free,13,0.0,35.7,Podcast-heavy,Credit card,0,No ticket,iOS,0
SW-1716,50 plus,Basic,5,7.99,15.3,Podcast-heavy,PayPal,0,No ticket,iOS,0
SW-1717,35-49,Premium,15,12.99,15.4,Music-heavy,PayPal,0,No ticket,Android,0
SW-1718,50 plus,Family,3,18.99,37.4,Music-heavy,PayPal,1,Playback,Web,0
SW-1719,Under 25,Premium,20,12.99,6.8,Low-usage,PayPal,1,Playback,Android,0
SW-1720,35-49,Free,20,0.0,20.7,Music-heavy,PayPal,0,No ticket,Partner promo,0
SW-1721,50 plus,Free,31,0.0,12.7,Music-heavy,Credit card,0,No ticket,Web,0
SW-1722,Under 25,Premium,6,12.99,13.1,Music-heavy,Credit card,0,No ticket,Web,0
SW-1723,Under 25,Premium,13,12.99,6.7,Balanced,Credit card,1,Account,iOS,0
SW-1724,35-49,Basic,18,7.99,2.6,Podcast-heavy,Credit card,1,Playback,Partner promo,0
SW-1725,35-49,Family,16,18.99,10.5,Balanced,Debit,1,Account,Web,0
SW-1726,50 plus,Family,7,18.99,10.6,Balanced,Credit card,0,No ticket,iOS,0
SW-1727,Under 25,Basic,2,7.99,5.0,Balanced,Credit card,0,No ticket,Web,0
SW-1728,35-49,Family,15,18.99,7.4,Podcast-heavy,PayPal,0,No ticket,iOS,0
SW-1729,Under 25,Basic,11,7.99,4.0,Music-heavy,PayPal,2,Billing,Web,1
SW-1730,Under 25,Premium,8,12.99,4.0,Music-heavy,PayPal,0,No ticket,iOS,0
SW-1731,Under 25,Premium,20,12.99,5.4,Podcast-heavy,PayPal,1,Playback,iOS,0
SW-1732,35-49,Free,12,0.0,2.8,Music-heavy,Debit,0,No ticket,Partner promo,0
SW-1733,35-49,Family,5,18.99,5.0,Podcast-heavy,PayPal,3,Billing,Android,1
SW-1734,25-34,Basic,3,7.99,14.2,Podcast-heavy,Credit card,0,No ticket,Android,0
SW-1735,25-34,Premium,5,12.99,25.6,Balanced,Gift card,0,No ticket,Web,0
SW-1736,50 plus,Basic,60,7.99,40.0,Music-heavy,Credit card,1,Playback,Web,0
SW-1737,25-34,Free,20,0.0,5.8,Music-heavy,PayPal,1,Billing,Android,0
SW-1738,35-49,Free,14,0.0,20.9,Balanced,Debit,1,Content,iOS,1
SW-1739,25-34,Premium,11,12.99,10.5,Music-heavy,Debit,2,Billing,iOS,0
SW-1740,25-34,Premium,10,12.99,6.6,Balanced,Debit,0,No ticket,Web,0
SW-1741,25-34,Basic,27,7.99,11.0,Podcast-heavy,PayPal,0,No ticket,iOS,0
SW-1742,25-34,Premium,9,12.99,19.3,Low-usage,PayPal,0,No ticket,Web,0
SW-1743,35-49,Premium,18,12.99,5.4,Balanced,Credit card,1,Playback,iOS,0
SW-1744,25-34,Premium,9,12.99,5.3,Podcast-heavy,Credit card,1,Playback,Web,0
SW-1745,25-34,Premium,47,12.99,5.8,Balanced,Credit card,0,No ticket,Android,0
SW-1746,50 plus,Family,20,18.99,4.8,Music-heavy,Credit card,0,No ticket,Web,0
SW-1747,25-34,Premium,29,12.99,20.9,Podcast-heavy,Credit card,1,Account,Partner promo,0
SW-1748,25-34,Basic,8,7.99,4.3,Balanced,Debit,0,No ticket,Android,0
SW-1749,50 plus,Basic,25,7.99,5.0,Balanced,Credit card,0,No ticket,Android,0
SW-1750,35-49,Basic,10,7.99,10.3,Podcast-heavy,PayPal,0,No ticket,Partner promo,0
SW-1751,Under 25,Free,13,0.0,9.6,Music-heavy,Credit card,0,No ticket,Web,0
SW-1752,50 plus,Premium,38,12.99,5.8,Balanced,Debit,1,Playback,Android,0
SW-1753,35-49,Basic,6,7.99,30.8,Music-heavy,Credit card,0,No ticket,Android,0
SW-1754,25-34,Basic,14,7.99,4.8,Balanced,PayPal,0,No ticket,Web,0
SW-1755,Under 25,Premium,16,12.99,7.0,Balanced,PayPal,0,No ticket,Android,0
SW-1756,35-49,Basic,17,7.99,1.7,Music-heavy,Credit card,2,Billing,iOS,0
SW-1757,35-49,Basic,9,7.99,6.3,Music-heavy,Credit card,1,Billing,iOS,0
SW-1758,25-34,Basic,52,7.99,2.8,Music-heavy,Credit card,1,Billing,Partner promo,0
SW-1759,50 plus,Premium,5,12.99,3.8,Low-usage,PayPal,1,Playback,iOS,0
SW-1760,35-49,Free,33,0.0,1.7,Balanced,Debit,0,No ticket,Web,0
SW-1761,Under 25,Basic,28,7.99,3.9,Podcast-heavy,Debit,0,No ticket,Partner promo,0
SW-1762,25-34,Premium,45,12.99,7.5,Podcast-heavy,Credit card,0,No ticket,Web,0
SW-1763,25-34,Premium,4,12.99,6.6,Balanced,Credit card,0,No ticket,Partner promo,0
SW-1764,35-49,Premium,7,12.99,5.7,Podcast-heavy,Credit card,0,No ticket,Partner promo,0
SW-1765,Under 25,Premium,34,12.99,6.2,Balanced,Credit card,1,Billing,Android,0
SW-1766,35-49,Free,3,0.0,5.3,Music-heavy,Credit card,0,No ticket,Android,0
SW-1767,35-49,Basic,4,7.99,7.8,Balanced,Credit card,0,No ticket,Android,0
SW-1768,50 plus,Premium,9,12.99,7.3,Low-usage,Debit,1,Account,Partner promo,0
SW-1769,25-34,Free,14,0.0,10.0,Music-heavy,Credit card,0,No ticket,iOS,0
SW-1770,35-49,Basic,37,7.99,6.8,Balanced,Credit card,1,Playback,Web,0
SW-1771,Under 25,Basic,11,7.99,5.7,Podcast-heavy,Debit,0,No ticket,Web,1
SW-1772,50 plus,Premium,8,12.99,14.9,Music-heavy,Debit,2,Billing,Android,1
SW-1773,Under 25,Premium,15,12.99,13.0,Music-heavy,Debit,1,Account,Android,0
SW-1774,25-34,Basic,17,7.99,7.8,Balanced,Credit card,0,No ticket,Android,0
SW-1775,35-49,Premium,16,12.99,20.8,Balanced,PayPal,0,No ticket,Android,0
SW-1776,Under 25,Basic,11,7.99,8.5,Balanced,PayPal,0,No ticket,Android,0
SW-1777,25-34,Basic,3,7.99,7.0,Balanced,Credit card,0,No ticket,Android,0
SW-1778,35-49,Premium,6,12.99,7.6,Music-heavy,Credit card,0,No ticket,Web,0
SW-1779,35-49,Free,32,0.0,9.1,Music-heavy,PayPal,1,Account,iOS,0
SW-1780,35-49,Free,14,0.0,3.8,Music-heavy,PayPal,0,No ticket,Web,0
SW-1781,35-49,Basic,10,7.99,1.8,Balanced,Credit card,0,No ticket,iOS,0
SW-1782,25-34,Family,26,18.99,10.0,Low-usage,Credit card,1,Playback,Web,0
SW-1783,25-34,Premium,5,12.99,15.6,Music-heavy,PayPal,1,Playback,Android,0
SW-1784,25-34,Free,10,0.0,3.6,Balanced,Credit card,0,No ticket,Web,0
SW-1785,Under 25,Premium,13,12.99,18.9,Podcast-heavy,PayPal,1,Playback,Web,0
SW-1786,50 plus,Premium,9,12.99,2.1,Low-usage,Credit card,0,No ticket,Partner promo,0
SW-1787,35-49,Premium,13,12.99,5.1,Podcast-heavy,PayPal,0,No ticket,Web,0
SW-1788,25-34,Premium,11,12.99,31.3,Balanced,Credit card,1,Billing,Android,0
SW-1789,25-34,Basic,5,7.99,10.6,Music-heavy,Credit card,1,Content,Partner promo,0
SW-1790,50 plus,Basic,14,7.99,6.3,Low-usage,Gift card,0,No ticket,Android,0
SW-1791,Under 25,Premium,5,12.99,9.8,Music-heavy,Credit card,0,No ticket,Android,0
SW-1792,35-49,Premium,13,12.99,20.8,Music-heavy,Credit card,0,No ticket,Android,0
SW-1793,25-34,Premium,31,12.99,2.5,Music-heavy,PayPal,1,Playback,Web,0
SW-1794,35-49,Premium,10,12.99,23.0,Balanced,Credit card,0,No ticket,Android,0
SW-1795,Under 25,Family,5,18.99,5.4,Podcast-heavy,Credit card,0,No ticket,iOS,0
SW-1796,50 plus,Family,11,18.99,14.1,Balanced,Credit card,0,No ticket,Web,0
SW-1797,50 plus,Family,7,18.99,4.9,Podcast-heavy,Debit,1,Billing,Web,0
SW-1798,35-49,Premium,18,12.99,30.8,Podcast-heavy,Debit,0,No ticket,Android,0
SW-1799,35-49,Family,11,18.99,7.8,Balanced,PayPal,0,No ticket,Android,0
SW-1800,50 plus,Free,40,0.0,2.8,Podcast-heavy,Credit card,1,Billing,Android,0
SW-1801,35-49,Basic,27,7.99,11.7,Balanced,Credit card,0,No ticket,iOS,0
SW-1802,Under 25,Premium,11,12.99,22.7,Music-heavy,Credit card,0,No ticket,iOS,0
SW-1803,35-49,Premium,20,12.99,20.7,Balanced,PayPal,0,No ticket,Android,0
SW-1804,35-49,Premium,9,12.99,8.6,Balanced,Debit,0,No ticket,Android,0
SW-1805,25-34,Premium,12,12.99,15.3,Low-usage,PayPal,0,No ticket,Web,0
SW-1806,35-49,Free,9,0.0,5.7,Music-heavy,Gift card,0,No ticket,Web,0
SW-1807,50 plus,Basic,21,7.99,12.8,Balanced,Credit card,3,Playback,iOS,0
SW-1808,50 plus,Premium,33,12.99,10.7,Podcast-heavy,Credit card,0,No ticket,iOS,0
SW-1809,25-34,Basic,21,7.99,0.8,Podcast-heavy,Debit,0,No ticket,Android,0
SW-1810,Under 25,Basic,23,7.99,3.6,Music-heavy,Credit card,1,Billing,iOS,0
SW-1811,50 plus,Basic,23,7.99,9.4,Music-heavy,Credit card,1,Billing,Web,0
SW-1812,35-49,Basic,18,7.99,9.1,Balanced,PayPal,2,Playback,Web,0
SW-1813,Under 25,Premium,5,12.99,7.8,Balanced,Credit card,0,No ticket,Partner promo,0
SW-1814,50 plus,Basic,39,7.99,8.6,Podcast-heavy,Debit,0,No ticket,Web,0
SW-1815,50 plus,Premium,42,12.99,21.0,Balanced,Debit,1,Billing,Web,0
SW-1816,25-34,Free,10,0.0,10.6,Music-heavy,PayPal,0,No ticket,Android,0
SW-1817,35-49,Premium,9,12.99,1.2,Balanced,Credit card,1,Billing,Android,0
SW-1818,25-34,Basic,18,7.99,38.0,Balanced,Debit,0,No ticket,Android,0
SW-1819,Under 25,Premium,18,12.99,1.7,Balanced,Credit card,0,No ticket,iOS,0
SW-1820,25-34,Premium,10,12.99,17.2,Music-heavy,PayPal,2,Billing,Partner promo,0
SW-1821,35-49,Basic,5,7.99,2.3,Balanced,Credit card,0,No ticket,Web,0
SW-1822,Under 25,Family,15,18.99,25.0,Podcast-heavy,PayPal,1,Content,iOS,0
SW-1823,25-34,Premium,18,12.99,6.4,Balanced,Credit card,0,No ticket,iOS,0
SW-1824,25-34,Basic,20,7.99,10.9,Podcast-heavy,Gift card,0,No ticket,Web,0
SW-1825,25-34,Basic,15,7.99,1.6,Balanced,PayPal,0,No ticket,iOS,0
SW-1826,50 plus,Family,10,18.99,14.3,Music-heavy,Debit,0,No ticket,Android,0
SW-1827,25-34,Premium,24,12.99,11.2,Podcast-heavy,Credit card,1,Account,iOS,0
SW-1828,25-34,Basic,13,7.99,13.1,Podcast-heavy,Credit card,2,Billing,Android,0
SW-1829,35-49,Basic,9,7.99,17.1,Balanced,PayPal,2,Billing,Android,1
SW-1830,25-34,Premium,11,12.99,9.2,Low-usage,Debit,0,No ticket,Partner promo,1
SW-1831,25-34,Premium,4,12.99,6.8,Low-usage,Credit card,1,Account,Android,0
SW-1832,25-34,Premium,11,12.99,4.2,Balanced,Debit,0,No ticket,Android,0
SW-1833,Under 25,Basic,19,7.99,5.6,Music-heavy,Debit,0,No ticket,Android,0
SW-1834,Under 25,Premium,15,12.99,21.0,Balanced,Credit card,0,No ticket,Android,0
SW-1835,25-34,Basic,35,7.99,4.1,Music-heavy,Credit card,2,Billing,iOS,0
SW-1836,25-34,Basic,10,7.99,1.8,Balanced,Credit card,1,Content,iOS,0
SW-1837,50 plus,Premium,17,12.99,3.6,Low-usage,Credit card,0,No ticket,Web,0
SW-1838,25-34,Family,21,18.99,13.0,Music-heavy,Credit card,0,No ticket,Android,0
SW-1839,35-49,Premium,60,12.99,6.3,Low-usage,PayPal,2,Content,Partner promo,1
SW-1840,35-49,Basic,13,7.99,13.0,Balanced,Credit card,0,No ticket,iOS,0
SW-1841,Under 25,Premium,6,12.99,1.6,Podcast-heavy,Credit card,0,No ticket,Web,0
SW-1842,35-49,Premium,22,12.99,0.7,Low-usage,Credit card,2,Billing,Partner promo,0
SW-1843,Under 25,Premium,44,12.99,9.9,Podcast-heavy,Gift card,0,No ticket,Partner promo,0
SW-1844,50 plus,Premium,10,12.99,17.9,Low-usage,Credit card,0,No ticket,Android,0
SW-1845,Under 25,Free,22,0.0,2.0,Music-heavy,Gift card,4,Billing,Android,1
SW-1846,25-34,Family,28,18.99,12.2,Podcast-heavy,Credit card,2,Billing,iOS,0
SW-1847,Under 25,Premium,24,12.99,20.7,Music-heavy,Credit card,3,Content,iOS,0
SW-1848,50 plus,Family,13,18.99,8.0,Music-heavy,Debit,0,No ticket,Web,0
SW-1849,25-34,Premium,7,12.99,16.4,Balanced,Credit card,1,Billing,iOS,0
SW-1850,35-49,Family,11,18.99,9.3,Music-heavy,PayPal,0,No ticket,iOS,0
SW-1851,Under 25,Free,17,0.0,6.5,Low-usage,PayPal,0,No ticket,Partner promo,0
SW-1852,35-49,Basic,23,7.99,15.4,Podcast-heavy,Credit card,0,No ticket,iOS,0
SW-1853,Under 25,Family,15,18.99,37.0,Podcast-heavy,Debit,0,No ticket,Android,0
SW-1854,50 plus,Basic,9,7.99,5.1,Music-heavy,Debit,0,No ticket,Partner promo,0
SW-1855,Under 25,Free,18,0.0,7.5,Low-usage,PayPal,0,No ticket,iOS,0
SW-1856,Under 25,Premium,22,12.99,3.6,Music-heavy,Credit card,1,Playback,Web,0
SW-1857,Under 25,Premium,16,12.99,9.1,Podcast-heavy,Credit card,1,Playback,iOS,0
SW-1858,25-34,Basic,7,7.99,7.1,Podcast-heavy,Debit,1,Account,iOS,0
SW-1859,35-49,Family,11,18.99,20.2,Podcast-heavy,Gift card,0,No ticket,Android,0
SW-1860,Under 25,Premium,23,12.99,24.9,Balanced,Credit card,0,No ticket,Web,0
SW-1861,35-49,Premium,5,12.99,15.0,Balanced,Credit card,1,Content,Android,0
SW-1862,25-34,Premium,3,12.99,18.5,Music-heavy,Credit card,0,No ticket,Partner promo,0
SW-1863,25-34,Basic,34,7.99,4.6,Podcast-heavy,PayPal,1,Playback,iOS,0
SW-1864,25-34,Basic,17,7.99,3.7,Balanced,Credit card,0,No ticket,Web,0
SW-1865,25-34,Basic,18,7.99,11.3,Podcast-heavy,Credit card,0,No ticket,Android,0
SW-1866,25-34,Premium,6,12.99,8.1,Music-heavy,Debit,0,No ticket,iOS,0
SW-1867,Under 25,Premium,20,12.99,39.6,Music-heavy,Credit card,0,No ticket,iOS,0
SW-1868,Under 25,Premium,15,12.99,1.7,Low-usage,Credit card,2,Billing,Partner promo,0
SW-1869,50 plus,Premium,4,12.99,13.1,Music-heavy,Credit card,1,Content,iOS,0
SW-1870,50 plus,Premium,33,12.99,13.0,Music-heavy,Credit card,3,Account,Partner promo,0
SW-1871,25-34,Premium,13,12.99,4.3,Podcast-heavy,Credit card,1,Playback,iOS,0
SW-1872,25-34,Basic,9,7.99,3.7,Music-heavy,Credit card,1,Content,iOS,0
SW-1873,35-49,Free,9,0.0,6.1,Balanced,Credit card,0,No ticket,Partner promo,0
SW-1874,25-34,Family,3,18.99,2.2,Low-usage,PayPal,3,Billing,Web,1
SW-1875,Under 25,Free,18,0.0,25.7,Low-usage,Credit card,0,No ticket,Web,0
SW-1876,Under 25,Basic,14,7.99,40.0,Balanced,Debit,1,Playback,Partner promo,0
SW-1877,35-49,Premium,10,12.99,6.1,Music-heavy,Credit card,1,Playback,Web,0
SW-1878,35-49,Basic,29,7.99,4.8,Music-heavy,Credit card,0,No ticket,Web,0
SW-1879,Under 25,Family,5,18.99,2.8,Balanced,PayPal,1,Account,iOS,0
SW-1880,25-34,Basic,8,7.99,3.3,Music-heavy,Credit card,1,Billing,Web,0
SW-1881,25-34,Free,7,0.0,5.0,Music-heavy,Credit card,0,No ticket,Android,0
SW-1882,35-49,Basic,10,7.99,21.0,Podcast-heavy,PayPal,0,No ticket,iOS,0
SW-1883,Under 25,Premium,13,12.99,40.0,Music-heavy,Debit,2,Billing,Android,0
SW-1884,Under 25,Basic,16,7.99,4.5,Balanced,PayPal,1,Content,Web,0
SW-1885,35-49,Premium,9,12.99,3.9,Balanced,Debit,1,Playback,Partner promo,0
SW-1886,Under 25,Family,6,18.99,3.1,Balanced,Credit card,1,Billing,Web,0
SW-1887,35-49,Family,39,18.99,11.5,Balanced,Gift card,1,Account,Android,0
SW-1888,25-34,Basic,60,7.99,10.5,Music-heavy,PayPal,1,Billing,Partner promo,0
SW-1889,Under 25,Basic,13,7.99,8.7,Balanced,Credit card,3,Billing,iOS,0
SW-1890,25-34,Premium,7,12.99,5.6,Music-heavy,PayPal,2,Billing,Web,1
SW-1891,35-49,Family,34,18.99,23.7,Balanced,Credit card,1,Account,Web,0
SW-1892,50 plus,Family,4,18.99,14.7,Music-heavy,Debit,0,No ticket,Partner promo,0
SW-1893,35-49,Basic,9,7.99,14.2,Balanced,Credit card,0,No ticket,Android,0
SW-1894,25-34,Premium,7,12.99,10.8,Low-usage,Credit card,0,No ticket,Partner promo,1
SW-1895,35-49,Basic,5,7.99,6.9,Music-heavy,Credit card,0,No ticket,Android,0
SW-1896,Under 25,Free,10,0.0,4.5,Music-heavy,Credit card,1,Playback,iOS,0
SW-1897,25-34,Free,7,0.0,12.1,Music-heavy,Credit card,0,No ticket,Web,0
SW-1898,50 plus,Basic,12,7.99,11.2,Podcast-heavy,Credit card,0,No ticket,Partner promo,0
SW-1899,Under 25,Premium,12,12.99,12.6,Music-heavy,Debit,0,No ticket,iOS,0
SW-1900,Under 25,Free,8,0.0,2.3,Balanced,PayPal,1,Billing,iOS,0
SW-1901,Under 25,Premium,9,12.99,10.5,Podcast-heavy,Credit card,0,No ticket,iOS,0
SW-1902,Under 25,Basic,10,7.99,6.2,Podcast-heavy,PayPal,1,Playback,Web,0
SW-1903,Under 25,Premium,21,12.99,4.0,Balanced,Credit card,0,No ticket,iOS,0
SW-1904,35-49,Basic,11,7.99,14.3,Music-heavy,PayPal,0,No ticket,Android,0
SW-1905,25-34,Basic,21,7.99,9.2,Music-heavy,Credit card,0,No ticket,Web,0
SW-1906,50 plus,Basic,18,7.99,40.0,Balanced,PayPal,0,No ticket,Web,0
SW-1907,35-49,Basic,18,7.99,11.8,Balanced,Debit,0,No ticket,iOS,1
SW-1908,25-34,Premium,32,12.99,6.3,Music-heavy,Credit card,0,No ticket,Android,0
SW-1909,25-34,Basic,5,7.99,7.3,Music-heavy,Credit card,0,No ticket,Web,0
SW-1910,25-34,Premium,9,12.99,3.1,Music-heavy,Gift card,0,No ticket,Web,0
SW-1911,35-49,Basic,41,7.99,21.4,Music-heavy,PayPal,1,Playback,Partner promo,0
SW-1912,25-34,Premium,10,12.99,10.3,Low-usage,Credit card,3,Billing,Partner promo,0
SW-1913,35-49,Premium,2,12.99,10.4,Balanced,Credit card,0,No ticket,Web,0
SW-1914,25-34,Free,10,0.0,3.4,Balanced,PayPal,0,No ticket,iOS,0
SW-1915,25-34,Basic,13,7.99,14.9,Music-heavy,Gift card,1,Account,Web,0
SW-1916,25-34,Free,2,0.0,3.8,Podcast-heavy,Credit card,0,No ticket,iOS,0
SW-1917,25-34,Premium,31,12.99,5.1,Music-heavy,PayPal,0,No ticket,Partner promo,0
SW-1918,50 plus,Basic,7,7.99,8.8,Podcast-heavy,Credit card,0,No ticket,iOS,0
SW-1919,35-49,Premium,15,12.99,5.0,Balanced,Gift card,1,Billing,Android,0
SW-1920,Under 25,Premium,10,12.99,4.2,Low-usage,Debit,1,Content,Partner promo,1
SW-1921,50 plus,Family,5,18.99,7.7,Music-heavy,Credit card,1,Playback,Web,0
SW-1922,25-34,Premium,6,12.99,17.9,Music-heavy,Credit card,1,Playback,iOS,0
SW-1923,50 plus,Premium,6,12.99,16.4,Balanced,Debit,1,Playback,Android,0
SW-1924,35-49,Basic,26,7.99,14.1,Podcast-heavy,Debit,1,Playback,iOS,0
SW-1925,25-34,Family,11,18.99,11.8,Music-heavy,PayPal,0,No ticket,Android,0
SW-1926,Under 25,Premium,8,12.99,5.5,Music-heavy,PayPal,1,Playback,Android,0
SW-1927,25-34,Basic,6,7.99,19.6,Podcast-heavy,Credit card,0,No ticket,iOS,0
SW-1928,25-34,Premium,28,12.99,2.0,Music-heavy,PayPal,0,No ticket,Web,0
SW-1929,35-49,Basic,33,7.99,11.3,Low-usage,Debit,1,Content,Web,0
SW-1930,25-34,Premium,28,12.99,15.7,Podcast-heavy,PayPal,0,No ticket,iOS,0
SW-1931,Under 25,Premium,17,12.99,7.4,Music-heavy,PayPal,0,No ticket,Web,0
SW-1932,35-49,Basic,15,7.99,4.5,Balanced,PayPal,1,Billing,Android,0
SW-1933,50 plus,Premium,5,12.99,7.8,Music-heavy,Credit card,2,Billing,iOS,1
SW-1934,25-34,Basic,10,7.99,4.4,Podcast-heavy,Debit,1,Account,Android,0
SW-1935,Under 25,Basic,7,7.99,12.1,Podcast-heavy,Credit card,1,Billing,iOS,0
SW-1936,25-34,Basic,3,7.99,17.0,Podcast-heavy,Credit card,0,No ticket,Android,0
SW-1937,Under 25,Premium,25,12.99,11.4,Balanced,Credit card,1,Playback,Partner promo,0
SW-1938,50 plus,Basic,7,7.99,10.9,Music-heavy,PayPal,1,Content,Android,0
SW-1939,Under 25,Free,28,0.0,14.7,Low-usage,Credit card,1,Playback,iOS,0
SW-1940,35-49,Premium,22,12.99,16.1,Balanced,Credit card,1,Account,Web,0
SW-1941,25-34,Basic,18,7.99,4.3,Music-heavy,Credit card,0,No ticket,iOS,0
SW-1942,25-34,Free,18,0.0,2.3,Music-heavy,Credit card,1,Content,iOS,0
SW-1943,35-49,Basic,8,7.99,10.0,Music-heavy,Debit,1,Playback,Partner promo,0
SW-1944,35-49,Basic,44,7.99,16.8,Music-heavy,Credit card,1,Billing,iOS,1
SW-1945,Under 25,Premium,12,12.99,2.3,Podcast-heavy,Credit card,0,No ticket,Android,0
SW-1946,Under 25,Free,15,0.0,8.5,Music-heavy,Credit card,0,No ticket,Android,0
SW-1947,Under 25,Family,8,18.99,19.7,Low-usage,Credit card,1,Content,iOS,0
SW-1948,50 plus,Premium,6,12.99,7.3,Music-heavy,Credit card,0,No ticket,Android,0
SW-1949,50 plus,Basic,17,7.99,27.0,Music-heavy,PayPal,0,No ticket,Web,0
SW-1950,35-49,Basic,14,7.99,23.3,Music-heavy,PayPal,0,No ticket,Web,0
SW-1951,35-49,Basic,7,7.99,6.9,Music-heavy,Credit card,2,Billing,Android,1
SW-1952,35-49,Premium,4,12.99,6.0,Balanced,Credit card,0,No ticket,Android,0
SW-1953,Under 25,Premium,5,12.99,6.0,Low-usage,PayPal,1,Content,Partner promo,1
SW-1954,50 plus,Basic,28,7.99,8.9,Music-heavy,Credit card,0,No ticket,iOS,0
SW-1955,25-34,Family,8,18.99,3.1,Balanced,Debit,1,Playback,iOS,0
SW-1956,25-34,Basic,9,7.99,2.7,Balanced,Debit,1,Content,iOS,0
SW-1957,25-34,Basic,33,7.99,1.3,Balanced,PayPal,0,No ticket,Web,0
SW-1958,Under 25,Premium,5,12.99,7.9,Low-usage,Gift card,1,Account,Partner promo,0
SW-1959,Under 25,Premium,7,12.99,40.0,Balanced,Credit card,1,Billing,iOS,0
SW-1960,35-49,Basic,7,7.99,1.6,Podcast-heavy,Credit card,1,Content,iOS,0
SW-1961,Under 25,Premium,37,12.99,6.9,Music-heavy,Debit,0,No ticket,Web,0
SW-1962,35-49,Free,48,0.0,6.7,Music-heavy,Gift card,0,No ticket,Android,0
SW-1963,25-34,Premium,20,12.99,7.1,Podcast-heavy,PayPal,1,Content,Web,0
SW-1964,25-34,Premium,21,12.99,21.9,Low-usage,Debit,2,Billing,iOS,0
SW-1965,25-34,Premium,8,12.99,3.9,Podcast-heavy,PayPal,0,No ticket,iOS,0
SW-1966,25-34,Family,47,18.99,1.7,Low-usage,Credit card,2,Billing,iOS,0
SW-1967,35-49,Family,14,18.99,5.2,Music-heavy,Credit card,0,No ticket,Web,0
SW-1968,25-34,Family,22,18.99,4.7,Balanced,Credit card,1,Account,Android,0
SW-1969,35-49,Premium,11,12.99,1.3,Balanced,Credit card,0,No ticket,iOS,0
SW-1970,25-34,Basic,10,7.99,9.7,Balanced,Debit,0,No ticket,Android,0
SW-1971,35-49,Basic,38,7.99,3.1,Balanced,PayPal,0,No ticket,Android,0
SW-1972,50 plus,Premium,18,12.99,7.5,Music-heavy,Debit,1,Account,Android,0
SW-1973,35-49,Family,33,18.99,6.0,Music-heavy,Debit,0,No ticket,iOS,0
SW-1974,Under 25,Basic,14,7.99,3.4,Low-usage,Credit card,0,No ticket,Android,0
SW-1975,Under 25,Family,7,18.99,16.3,Music-heavy,Debit,1,Content,Android,0
SW-1976,25-34,Premium,8,12.99,6.4,Podcast-heavy,Credit card,0,No ticket,iOS,0
SW-1977,35-49,Family,13,18.99,8.4,Podcast-heavy,Debit,0,No ticket,Android,0
SW-1978,Under 25,Family,8,18.99,12.8,Music-heavy,Credit card,0,No ticket,Web,0
SW-1979,25-34,Basic,6,7.99,10.1,Balanced,Debit,1,Playback,Web,0
SW-1980,35-49,Free,28,0.0,9.0,Balanced,Credit card,0,No ticket,iOS,0
SW-1981,25-34,Free,8,0.0,4.1,Low-usage,Debit,1,Playback,Partner promo,0
SW-1982,35-49,Basic,13,7.99,3.3,Podcast-heavy,Credit card,2,Playback,Android,0
SW-1983,Under 25,Premium,15,12.99,9.1,Podcast-heavy,Credit card,0,No ticket,Android,0
SW-1984,Under 25,Premium,8,12.99,3.7,Low-usage,Credit card,2,Billing,Web,1
SW-1985,35-49,Family,33,18.99,15.1,Low-usage,Debit,1,Playback,iOS,0
SW-1986,25-34,Premium,5,12.99,7.2,Low-usage,Debit,0,No ticket,iOS,0
SW-1987,35-49,Free,14,0.0,13.4,Balanced,PayPal,0,No ticket,Android,0
SW-1988,25-34,Basic,14,7.99,3.6,Music-heavy,Debit,2,Billing,Web,0
SW-1989,25-34,Free,12,0.0,3.2,Music-heavy,Credit card,0,No ticket,iOS,0
SW-1990,35-49,Basic,5,7.99,30.6,Balanced,PayPal,1,Billing,Partner promo,0
SW-1991,35-49,Premium,22,12.99,7.1,Balanced,Credit card,0,No ticket,Partner promo,0
SW-1992,35-49,Free,20,0.0,16.6,Balanced,Credit card,0,No ticket,Android,0
SW-1993,25-34,Basic,7,7.99,2.6,Music-heavy,Debit,0,No ticket,iOS,0
SW-1994,35-49,Basic,20,7.99,6.4,Balanced,Credit card,0,No ticket,Partner promo,0
SW-1995,25-34,Premium,16,12.99,22.7,Music-heavy,Credit card,0,No ticket,Android,0
SW-1996,Under 25,Basic,5,7.99,2.3,Podcast-heavy,PayPal,0,No ticket,Android,0
SW-1997,50 plus,Premium,7,12.99,40.0,Podcast-heavy,PayPal,1,Billing,Partner promo,0
SW-1998,Under 25,Basic,27,7.99,9.4,Low-usage,PayPal,3,Content,Partner promo,0
SW-1999,50 plus,Family,15,18.99,4.2,Music-heavy,Credit card,0,No ticket,Web,0
SW-2000,25-34,Basic,8,7.99,10.6,Podcast-heavy,PayPal,0,No ticket,Web,0
SW-2001,Under 25,Premium,7,12.99,19.4,Low-usage,Debit,0,No ticket,Partner promo,0
SW-2002,25-34,Premium,8,12.99,4.1,Balanced,PayPal,0,No ticket,iOS,0
SW-2003,50 plus,Premium,9,12.99,4.6,Podcast-heavy,Debit,1,Playback,iOS,0
SW-2004,35-49,Family,7,18.99,9.8,Low-usage,Debit,0,No ticket,Android,0
SW-2005,35-49,Basic,4,7.99,11.6,Music-heavy,Credit card,1,Billing,Web,0
SW-2006,35-49,Basic,27,7.99,6.8,Music-heavy,Debit,0,No ticket,Web,0
SW-2007,35-49,Free,24,0.0,11.0,Balanced,Debit,0,No ticket,iOS,0
SW-2008,50 plus,Premium,5,12.99,15.8,Music-heavy,Credit card,2,Billing,Web,0
SW-2009,25-34,Basic,13,7.99,9.2,Music-heavy,Debit,1,Account,Android,0
SW-2010,25-34,Basic,6,7.99,4.6,Podcast-heavy,Debit,1,Billing,Partner promo,0
SW-2011,25-34,Premium,10,12.99,7.9,Balanced,Debit,1,Playback,Android,0
SW-2012,50 plus,Premium,9,12.99,32.6,Low-usage,Credit card,0,No ticket,Partner promo,1
SW-2013,50 plus,Free,9,0.0,10.4,Music-heavy,Credit card,0,No ticket,Web,0
SW-2014,Under 25,Premium,49,12.99,21.6,Balanced,Credit card,0,No ticket,iOS,0
SW-2015,35-49,Premium,9,12.99,5.3,Podcast-heavy,PayPal,1,Playback,Android,0
SW-2016,50 plus,Basic,7,7.99,9.9,Music-heavy,Credit card,0,No ticket,Android,0
SW-2017,Under 25,Basic,7,7.99,15.1,Music-heavy,Credit card,2,Billing,Web,1
SW-2018,35-49,Premium,25,12.99,26.5,Balanced,Gift card,0,No ticket,Android,0
SW-2019,50 plus,Premium,4,12.99,21.4,Music-heavy,Credit card,1,Playback,Partner promo,0
SW-2020,Under 25,Basic,7,7.99,3.3,Balanced,Debit,0,No ticket,Web,0
SW-2021,35-49,Basic,33,7.99,20.1,Balanced,PayPal,0,No ticket,Web,0
SW-2022,25-34,Premium,14,12.99,30.8,Podcast-heavy,Debit,1,Playback,iOS,0
SW-2023,50 plus,Family,14,18.99,5.1,Low-usage,PayPal,0,No ticket,Web,0
SW-2024,50 plus,Premium,53,12.99,3.9,Podcast-heavy,Gift card,2,Billing,Android,1
SW-2025,50 plus,Free,14,0.0,7.8,Music-heavy,PayPal,0,No ticket,Partner promo,0
SW-2026,25-34,Basic,7,7.99,9.2,Balanced,Debit,0,No ticket,Android,0
SW-2027,50 plus,Family,10,18.99,6.0,Podcast-heavy,Credit card,0,No ticket,Android,0
SW-2028,50 plus,Free,5,0.0,3.1,Music-heavy,Credit card,1,Playback,Android,0
SW-2029,25-34,Family,29,18.99,26.0,Music-heavy,PayPal,2,Playback,iOS,0
SW-2030,35-49,Family,18,18.99,4.0,Podcast-heavy,PayPal,2,Billing,Android,0
SW-2031,Under 25,Free,26,0.0,5.3,Music-heavy,PayPal,1,Account,Android,0
SW-2032,35-49,Family,28,18.99,8.7,Balanced,Debit,0,No ticket,Android,0
SW-2033,25-34,Basic,9,7.99,2.5,Balanced,Credit card,0,No ticket,Web,0
SW-2034,Under 25,Premium,6,12.99,2.3,Podcast-heavy,Credit card,0,No ticket,iOS,0
SW-2035,Under 25,Basic,12,7.99,5.7,Podcast-heavy,Credit card,0,No ticket,iOS,0
SW-2036,35-49,Basic,7,7.99,15.5,Music-heavy,PayPal,1,Content,Android,0
SW-2037,25-34,Premium,13,12.99,9.3,Music-heavy,Credit card,0,No ticket,iOS,0
SW-2038,35-49,Premium,27,12.99,1.5,Music-heavy,Credit card,1,Billing,iOS,0
SW-2039,Under 25,Free,11,0.0,24.3,Music-heavy,PayPal,1,Playback,Android,0
SW-2040,25-34,Premium,13,12.99,15.1,Music-heavy,Credit card,0,No ticket,iOS,0
SW-2041,25-34,Basic,11,7.99,9.3,Podcast-heavy,PayPal,0,No ticket,Web,0
SW-2042,35-49,Basic,21,7.99,9.1,Balanced,Credit card,2,Billing,Partner promo,0
SW-2043,25-34,Basic,8,7.99,13.7,Podcast-heavy,PayPal,1,Billing,Web,1
SW-2044,35-49,Basic,3,7.99,40.0,Low-usage,Credit card,0,No ticket,Web,0
SW-2045,50 plus,Basic,17,7.99,16.2,Balanced,Credit card,1,Account,Web,0
SW-2046,35-49,Free,24,0.0,10.1,Low-usage,Debit,0,No ticket,Web,0
SW-2047,25-34,Free,16,0.0,3.0,Balanced,PayPal,2,Content,iOS,0
SW-2048,Under 25,Premium,8,12.99,9.1,Low-usage,Credit card,0,No ticket,Partner promo,0
SW-2049,50 plus,Premium,5,12.99,14.9,Podcast-heavy,Debit,0,No ticket,iOS,0
SW-2050,Under 25,Family,17,18.99,7.3,Music-heavy,Gift card,0,No ticket,Web,0
SW-2051,50 plus,Free,13,0.0,5.3,Balanced,Credit card,1,Playback,Web,0
SW-2052,25-34,Family,11,18.99,12.5,Balanced,PayPal,0,No ticket,iOS,1
SW-2053,50 plus,Premium,43,12.99,3.6,Podcast-heavy,Credit card,0,No ticket,iOS,0
SW-2054,35-49,Premium,6,12.99,16.0,Balanced,Credit card,0,No ticket,iOS,0
SW-2055,50 plus,Premium,42,12.99,5.6,Podcast-heavy,Credit card,0,No ticket,Web,0
SW-2056,25-34,Premium,12,12.99,1.5,Podcast-heavy,Credit card,1,Account,Web,0
SW-2057,35-49,Premium,3,12.99,5.6,Low-usage,Credit card,1,Playback,Partner promo,0
SW-2058,25-34,Premium,11,12.99,7.6,Balanced,Credit card,0,No ticket,Web,0
SW-2059,25-34,Premium,23,12.99,12.4,Balanced,Credit card,0,No ticket,Android,0
SW-2060,35-49,Premium,9,12.99,11.3,Balanced,Debit,1,Billing,iOS,0
SW-2061,50 plus,Premium,4,12.99,2.8,Balanced,Debit,1,Playback,Web,0
SW-2062,50 plus,Free,11,0.0,8.8,Music-heavy,Debit,0,No ticket,iOS,0
SW-2063,35-49,Premium,7,12.99,5.2,Low-usage,Credit card,0,No ticket,iOS,0
SW-2064,25-34,Premium,17,12.99,6.0,Music-heavy,PayPal,0,No ticket,iOS,0
SW-2065,25-34,Basic,21,7.99,3.6,Low-usage,Credit card,0,No ticket,Web,1
SW-2066,35-49,Basic,6,7.99,7.7,Music-heavy,Credit card,1,Content,Android,0
SW-2067,25-34,Premium,7,12.99,40.0,Podcast-heavy,Debit,0,No ticket,Android,0
SW-2068,Under 25,Family,20,18.99,35.3,Balanced,Debit,0,No ticket,iOS,0
SW-2069,25-34,Premium,7,12.99,3.6,Balanced,Credit card,0,No ticket,iOS,0
SW-2070,25-34,Premium,6,12.99,8.4,Podcast-heavy,Credit card,1,Playback,Web,0
SW-2071,25-34,Basic,5,7.99,6.2,Balanced,PayPal,0,No ticket,Android,0
SW-2072,25-34,Free,15,0.0,9.0,Podcast-heavy,Credit card,3,Billing,Android,1
SW-2073,Under 25,Free,15,0.0,16.7,Music-heavy,Credit card,1,Playback,Web,0
SW-2074,Under 25,Free,7,0.0,7.2,Balanced,PayPal,0,No ticket,iOS,0
SW-2075,50 plus,Basic,12,7.99,4.5,Music-heavy,Credit card,1,Billing,Partner promo,0
SW-2076,25-34,Basic,35,7.99,20.2,Balanced,Debit,0,No ticket,iOS,0
SW-2077,25-34,Premium,6,12.99,3.0,Music-heavy,Credit card,2,Billing,iOS,1
SW-2078,35-49,Premium,3,12.99,9.3,Podcast-heavy,Credit card,2,Billing,Android,0
SW-2079,Under 25,Free,17,0.0,2.4,Podcast-heavy,Credit card,0,No ticket,Web,0
SW-2080,50 plus,Basic,11,7.99,3.5,Music-heavy,Debit,0,No ticket,iOS,0
SW-2081,35-49,Basic,7,7.99,14.5,Podcast-heavy,Credit card,0,No ticket,Android,0
SW-2082,Under 25,Premium,19,12.99,4.6,Balanced,Debit,1,Account,Android,0
SW-2083,25-34,Free,22,0.0,1.8,Low-usage,Gift card,2,Billing,Android,1
SW-2084,50 plus,Free,3,0.0,4.5,Balanced,PayPal,0,No ticket,iOS,0
SW-2085,50 plus,Family,8,18.99,4.1,Balanced,Credit card,0,No ticket,Android,0
SW-2086,25-34,Premium,60,12.99,2.9,Podcast-heavy,Credit card,0,No ticket,Partner promo,0
SW-2087,35-49,Basic,18,7.99,12.4,Podcast-heavy,Credit card,0,No ticket,iOS,0
SW-2088,Under 25,Basic,19,7.99,2.3,Music-heavy,Credit card,1,Content,Web,0
SW-2089,50 plus,Basic,27,7.99,5.0,Music-heavy,Gift card,0,No ticket,Partner promo,0
SW-2090,25-34,Premium,12,12.99,8.9,Balanced,Gift card,0,No ticket,Web,0
SW-2091,50 plus,Premium,21,12.99,6.1,Podcast-heavy,Credit card,0,No ticket,Web,0
SW-2092,35-49,Free,20,0.0,5.8,Podcast-heavy,Credit card,2,Playback,iOS,0
SW-2093,35-49,Premium,18,12.99,4.5,Music-heavy,PayPal,2,Billing,iOS,1
SW-2094,25-34,Basic,10,7.99,3.0,Music-heavy,PayPal,0,No ticket,Android,0
SW-2095,25-34,Basic,14,7.99,4.8,Music-heavy,Credit card,0,No ticket,iOS,0
SW-2096,Under 25,Basic,8,7.99,13.5,Balanced,Credit card,0,No ticket,Web,0
SW-2097,25-34,Premium,12,12.99,5.7,Podcast-heavy,Credit card,1,Billing,Android,0
SW-2098,Under 25,Basic,5,7.99,9.1,Balanced,PayPal,1,Account,Android,0
SW-2099,35-49,Basic,7,7.99,19.6,Podcast-heavy,Credit card,2,Billing,Android,0
SW-2100,25-34,Basic,10,7.99,12.9,Balanced,PayPal,0,No ticket,iOS,0
SW-2101,Under 25,Free,6,0.0,2.9,Balanced,Credit card,1,Billing,Web,0
SW-2102,50 plus,Premium,8,12.99,11.4,Balanced,PayPal,0,No ticket,iOS,0
SW-2103,50 plus,Basic,11,7.99,18.5,Podcast-heavy,Credit card,3,Billing,Web,1
SW-2104,50 plus,Free,16,0.0,5.0,Music-heavy,Credit card,0,No ticket,Web,0
SW-2105,50 plus,Premium,23,12.99,2.3,Low-usage,Credit card,0,No ticket,Partner promo,1
SW-2106,Under 25,Premium,9,12.99,5.6,Music-heavy,Debit,1,Playback,iOS,0
SW-2107,25-34,Premium,31,12.99,9.3,Music-heavy,Credit card,0,No ticket,iOS,0
SW-2108,35-49,Premium,23,12.99,12.9,Podcast-heavy,Debit,1,Content,Android,0
SW-2109,35-49,Basic,17,7.99,5.3,Balanced,Credit card,1,Account,iOS,0
SW-2110,Under 25,Premium,13,12.99,1.6,Low-usage,Credit card,0,No ticket,Partner promo,1
SW-2111,35-49,Premium,15,12.99,2.9,Balanced,Credit card,1,Billing,Web,0
SW-2112,25-34,Basic,28,7.99,10.7,Podcast-heavy,Debit,0,No ticket,Web,0
SW-2113,25-34,Family,28,18.99,39.3,Podcast-heavy,Credit card,1,Account,Partner promo,0
SW-2114,25-34,Free,31,0.0,7.9,Podcast-heavy,Credit card,0,No ticket,Android,0
SW-2115,35-49,Family,12,18.99,22.9,Podcast-heavy,Debit,0,No ticket,iOS,0
SW-2116,35-49,Family,18,18.99,3.4,Music-heavy,Credit card,0,No ticket,Web,0
SW-2117,Under 25,Premium,31,12.99,4.8,Music-heavy,Credit card,0,No ticket,Web,0
SW-2118,50 plus,Family,8,18.99,1.2,Music-heavy,Credit card,1,Billing,Android,0
SW-2119,25-34,Premium,10,12.99,10.8,Balanced,Credit card,3,Billing,Partner promo,1
SW-2120,Under 25,Basic,12,7.99,3.9,Podcast-heavy,Debit,0,No ticket,Web,0
SW-2121,50 plus,Basic,23,7.99,12.9,Podcast-heavy,Credit card,0,No ticket,Partner promo,0
SW-2122,50 plus,Free,23,0.0,5.4,Podcast-heavy,Credit card,0,No ticket,iOS,0
SW-2123,50 plus,Basic,10,7.99,40.0,Podcast-heavy,PayPal,0,No ticket,Web,0
SW-2124,35-49,Premium,4,12.99,33.6,Low-usage,Credit card,1,Billing,Partner promo,0
SW-2125,35-49,Basic,14,7.99,1.3,Music-heavy,Debit,0,No ticket,Android,0
SW-2126,25-34,Basic,6,7.99,12.8,Low-usage,Credit card,1,Billing,iOS,0
SW-2127,Under 25,Premium,4,12.99,4.4,Podcast-heavy,Debit,0,No ticket,Android,0
SW-2128,25-34,Family,5,18.99,13.4,Balanced,Debit,0,No ticket,Web,0
SW-2129,25-34,Free,15,0.0,2.7,Podcast-heavy,PayPal,0,No ticket,Android,0
SW-2130,25-34,Basic,31,7.99,25.3,Balanced,PayPal,0,No ticket,Web,0
SW-2131,35-49,Basic,12,7.99,18.2,Podcast-heavy,PayPal,2,Billing,Web,0
SW-2132,25-34,Premium,14,12.99,2.6,Music-heavy,PayPal,0,No ticket,Web,0
SW-2133,Under 25,Free,27,0.0,6.9,Low-usage,Credit card,2,Billing,Android,1
SW-2134,25-34,Premium,4,12.99,9.1,Music-heavy,Credit card,0,No ticket,Android,0
SW-2135,35-49,Basic,17,7.99,14.2,Music-heavy,PayPal,3,Billing,Web,0
SW-2136,Under 25,Basic,12,7.99,7.9,Music-heavy,PayPal,1,Billing,iOS,0
SW-2137,50 plus,Family,18,18.99,15.0,Balanced,Credit card,1,Playback,Android,0
SW-2138,25-34,Free,9,0.0,7.6,Balanced,Credit card,1,Playback,Web,0
SW-2139,25-34,Basic,7,7.99,13.1,Balanced,PayPal,1,Account,Partner promo,0
SW-2140,35-49,Free,13,0.0,2.7,Low-usage,Credit card,2,Playback,Partner promo,0
SW-2141,35-49,Premium,38,12.99,7.8,Music-heavy,Credit card,1,Billing,iOS,0
SW-2142,25-34,Premium,22,12.99,20.1,Podcast-heavy,Debit,1,Account,Android,0
SW-2143,35-49,Basic,8,7.99,24.7,Balanced,Credit card,0,No ticket,Android,0
SW-2144,35-49,Free,5,0.0,9.2,Low-usage,Credit card,1,Playback,Web,0
SW-2145,25-34,Basic,4,7.99,7.4,Music-heavy,PayPal,0,No ticket,iOS,0
SW-2146,50 plus,Premium,30,12.99,23.9,Low-usage,Credit card,0,No ticket,Web,0
SW-2147,35-49,Premium,6,12.99,7.4,Low-usage,PayPal,0,No ticket,Partner promo,1
SW-2148,35-49,Premium,10,12.99,20.0,Balanced,Gift card,0,No ticket,Android,0
SW-2149,50 plus,Premium,30,12.99,7.3,Balanced,PayPal,0,No ticket,Web,0
SW-2150,50 plus,Basic,4,7.99,8.3,Balanced,Gift card,0,No ticket,iOS,0
SW-2151,35-49,Basic,34,7.99,3.3,Music-heavy,Credit card,1,Billing,iOS,0
SW-2152,35-49,Basic,10,7.99,2.9,Music-heavy,Debit,1,Billing,Android,0
SW-2153,35-49,Basic,5,7.99,17.5,Music-heavy,PayPal,2,Billing,iOS,1
SW-2154,35-49,Basic,10,7.99,31.7,Podcast-heavy,Credit card,1,Playback,Android,0
SW-2155,35-49,Premium,7,12.99,8.7,Balanced,Credit card,0,No ticket,Web,0
SW-2156,35-49,Premium,16,12.99,7.0,Low-usage,Debit,0,No ticket,iOS,0
SW-2157,Under 25,Family,8,18.99,18.1,Podcast-heavy,Debit,1,Content,Web,0
SW-2158,50 plus,Basic,3,7.99,10.5,Music-heavy,PayPal,2,Playback,Web,0
SW-2159,50 plus,Premium,10,12.99,1.2,Music-heavy,Debit,1,Account,Android,0
SW-2160,Under 25,Premium,5,12.99,17.7,Music-heavy,Debit,2,Billing,Android,1
SW-2161,35-49,Premium,14,12.99,2.7,Balanced,Debit,1,Playback,Partner promo,0
SW-2162,Under 25,Basic,5,7.99,7.9,Balanced,Credit card,1,Billing,Android,0
SW-2163,25-34,Basic,9,7.99,5.6,Low-usage,Credit card,0,No ticket,iOS,0
SW-2164,35-49,Free,14,0.0,4.8,Podcast-heavy,PayPal,0,No ticket,Partner promo,0
SW-2165,Under 25,Basic,10,7.99,8.3,Music-heavy,Credit card,0,No ticket,Android,0
SW-2166,35-49,Premium,14,12.99,16.4,Music-heavy,Gift card,0,No ticket,iOS,0
SW-2167,35-49,Free,19,0.0,8.2,Podcast-heavy,PayPal,0,No ticket,iOS,0
SW-2168,25-34,Basic,5,7.99,24.7,Low-usage,Debit,0,No ticket,Partner promo,0
SW-2169,Under 25,Premium,11,12.99,27.3,Music-heavy,Gift card,0,No ticket,Android,0
SW-2170,25-34,Premium,1,12.99,27.1,Music-heavy,Debit,0,No ticket,Android,1
SW-2171,35-49,Basic,14,7.99,7.7,Balanced,Credit card,0,No ticket,Web,0
SW-2172,50 plus,Premium,10,12.99,5.5,Balanced,Debit,2,Billing,Android,0
SW-2173,35-49,Basic,6,7.99,7.8,Music-heavy,Credit card,0,No ticket,Web,0
SW-2174,25-34,Basic,15,7.99,19.7,Balanced,Credit card,1,Playback,Web,0
SW-2175,35-49,Basic,27,7.99,18.8,Music-heavy,Credit card,0,No ticket,Android,0
SW-2176,25-34,Premium,9,12.99,1.0,Low-usage,PayPal,1,Account,Android,1
SW-2177,35-49,Family,6,18.99,10.2,Music-heavy,Credit card,1,Playback,iOS,0
SW-2178,Under 25,Free,13,0.0,1.2,Music-heavy,Credit card,1,Playback,iOS,0
SW-2179,35-49,Premium,5,12.99,7.9,Low-usage,Credit card,2,Billing,Partner promo,1
SW-2180,25-34,Basic,8,7.99,5.2,Music-heavy,Credit card,2,Billing,Web,1
SW-2181,50 plus,Premium,28,12.99,4.1,Podcast-heavy,Credit card,1,Playback,iOS,0
SW-2182,25-34,Free,13,0.0,15.8,Balanced,Credit card,0,No ticket,Web,0
SW-2183,35-49,Basic,3,7.99,4.8,Podcast-heavy,PayPal,0,No ticket,iOS,0
SW-2184,50 plus,Premium,3,12.99,7.9,Balanced,Credit card,3,Playback,Android,0
SW-2185,Under 25,Premium,13,12.99,3.8,Music-heavy,Credit card,1,Billing,Web,0
SW-2186,50 plus,Basic,22,7.99,8.5,Music-heavy,Credit card,0,No ticket,Web,0
SW-2187,35-49,Basic,4,7.99,17.2,Low-usage,Debit,0,No ticket,Partner promo,0
SW-2188,Under 25,Basic,16,7.99,4.0,Balanced,PayPal,2,Account,Android,0
SW-2189,25-34,Basic,30,7.99,13.3,Music-heavy,Gift card,1,Playback,Web,0
SW-2190,35-49,Premium,45,12.99,8.4,Podcast-heavy,Debit,0,No ticket,Web,0
SW-2191,Under 25,Family,15,18.99,8.3,Balanced,Credit card,0,No ticket,Android,0
SW-2192,35-49,Basic,17,7.99,6.0,Music-heavy,Credit card,0,No ticket,iOS,0
SW-2193,25-34,Basic,3,7.99,14.9,Podcast-heavy,Credit card,0,No ticket,Android,0
SW-2194,35-49,Premium,52,12.99,13.7,Podcast-heavy,Debit,1,Playback,iOS,0
SW-2195,Under 25,Basic,8,7.99,7.2,Music-heavy,Credit card,0,No ticket,Partner promo,0
SW-2196,50 plus,Premium,6,12.99,9.4,Music-heavy,Debit,1,Content,Android,0
SW-2197,50 plus,Basic,10,7.99,14.5,Balanced,Credit card,0,No ticket,Web,0
SW-2198,50 plus,Premium,35,12.99,12.3,Music-heavy,Credit card,0,No ticket,iOS,0
SW-2199,35-49,Premium,56,12.99,6.3,Music-heavy,Credit card,0,No ticket,iOS,0
SW-2200,Under 25,Premium,13,12.99,20.3,Balanced,PayPal,0,No ticket,Web,0
SW-2201,35-49,Premium,24,12.99,16.0,Balanced,Credit card,0,No ticket,Web,0
SW-2202,Under 25,Basic,12,7.99,40.0,Music-heavy,Debit,0,No ticket,Web,0
SW-2203,Under 25,Premium,6,12.99,2.3,Balanced,Credit card,0,No ticket,iOS,0
SW-2204,25-34,Premium,34,12.99,14.0,Balanced,Credit card,1,Billing,Android,0
SW-2205,25-34,Basic,8,7.99,20.1,Music-heavy,Credit card,0,No ticket,Web,0
SW-2206,35-49,Basic,35,7.99,17.9,Podcast-heavy,Credit card,1,Playback,Android,0
SW-2207,35-49,Free,30,0.0,6.5,Balanced,Credit card,0,No ticket,Android,0
SW-2208,25-34,Basic,18,7.99,2.7,Music-heavy,Credit card,2,Billing,Partner promo,1
SW-2209,25-34,Basic,43,7.99,27.4,Podcast-heavy,Credit card,1,Content,Android,0
SW-2210,50 plus,Premium,57,12.99,5.4,Balanced,PayPal,0,No ticket,Partner promo,0
SW-2211,25-34,Basic,11,7.99,6.3,Podcast-heavy,Credit card,2,Billing,Partner promo,0
SW-2212,25-34,Family,7,18.99,40.0,Balanced,Credit card,1,Account,iOS,0
SW-2213,Under 25,Premium,3,12.99,2.9,Low-usage,Debit,0,No ticket,Partner promo,1
SW-2214,35-49,Basic,58,7.99,15.4,Music-heavy,Debit,0,No ticket,Web,0
SW-2215,35-49,Premium,9,12.99,4.4,Podcast-heavy,Credit card,1,Content,iOS,0
SW-2216,25-34,Premium,27,12.99,4.3,Podcast-heavy,Debit,0,No ticket,Web,0
SW-2217,Under 25,Basic,7,7.99,9.1,Balanced,PayPal,0,No ticket,Android,0
SW-2218,35-49,Basic,35,7.99,13.7,Balanced,Credit card,0,No ticket,Web,0
SW-2219,35-49,Basic,7,7.99,17.1,Podcast-heavy,Credit card,0,No ticket,Web,0
SW-2220,25-34,Premium,5,12.99,19.0,Low-usage,Credit card,0,No ticket,Partner promo,0
SW-2221,50 plus,Premium,10,12.99,4.5,Music-heavy,Credit card,1,Content,Partner promo,0
SW-2222,Under 25,Basic,8,7.99,3.2,Music-heavy,Gift card,0,No ticket,Web,0
SW-2223,25-34,Premium,18,12.99,6.1,Music-heavy,Credit card,0,No ticket,Partner promo,0
SW-2224,50 plus,Premium,12,12.99,10.6,Music-heavy,Credit card,0,No ticket,Web,0
SW-2225,25-34,Free,19,0.0,6.8,Balanced,Gift card,0,No ticket,Android,0
SW-2226,35-49,Family,10,18.99,0.4,Music-heavy,Debit,2,Billing,iOS,0
SW-2227,25-34,Premium,8,12.99,1.9,Music-heavy,Debit,2,Billing,iOS,0
SW-2228,25-34,Premium,8,12.99,6.6,Low-usage,Debit,0,No ticket,Partner promo,0
SW-2229,50 plus,Basic,50,7.99,15.9,Balanced,Debit,0,No ticket,Web,0
SW-2230,25-34,Free,14,0.0,3.9,Balanced,PayPal,0,No ticket,Web,0
SW-2231,50 plus,Free,3,0.0,14.4,Balanced,Credit card,0,No ticket,Android,0
SW-2232,25-34,Premium,8,12.99,2.4,Music-heavy,Credit card,1,Playback,Android,0
SW-2233,Under 25,Basic,13,7.99,9.8,Podcast-heavy,Credit card,0,No ticket,Partner promo,0
SW-2234,Under 25,Premium,44,12.99,9.9,Music-heavy,Credit card,0,No ticket,Android,0
SW-2235,35-49,Premium,25,12.99,11.6,Music-heavy,Credit card,0,No ticket,iOS,0
SW-2236,25-34,Premium,6,12.99,3.6,Balanced,Debit,1,Playback,iOS,0
SW-2237,50 plus,Premium,60,12.99,2.3,Podcast-heavy,Credit card,2,Billing,Android,0
SW-2238,25-34,Free,12,0.0,14.3,Music-heavy,Credit card,1,Playback,Android,0
SW-2239,50 plus,Basic,29,7.99,2.4,Podcast-heavy,Debit,0,No ticket,Web,0
SW-2240,Under 25,Premium,5,12.99,4.3,Low-usage,Debit,0,No ticket,Partner promo,1
SW-2241,50 plus,Free,2,0.0,24.4,Podcast-heavy,PayPal,0,No ticket,Web,0
SW-2242,35-49,Free,4,0.0,9.2,Podcast-heavy,PayPal,0,No ticket,iOS,0
SW-2243,35-49,Family,1,18.99,10.7,Music-heavy,Gift card,1,Content,Web,0
SW-2244,50 plus,Premium,53,12.99,13.2,Low-usage,Debit,0,No ticket,iOS,0
SW-2245,35-49,Basic,14,7.99,12.8,Podcast-heavy,Debit,0,No ticket,Android,0
SW-2246,35-49,Premium,6,12.99,7.9,Balanced,PayPal,1,Billing,Web,0
SW-2247,Under 25,Premium,16,12.99,3.9,Balanced,PayPal,1,Account,Web,0
SW-2248,Under 25,Basic,14,7.99,40.0,Balanced,Debit,1,Content,Web,0
SW-2249,50 plus,Free,19,0.0,6.3,Podcast-heavy,Credit card,0,No ticket,Web,0
SW-2250,35-49,Family,28,18.99,10.4,Music-heavy,Credit card,1,Account,Web,0
SW-2251,35-49,Basic,10,7.99,11.4,Balanced,PayPal,0,No ticket,Android,0
SW-2252,25-34,Free,6,0.0,5.2,Music-heavy,PayPal,1,Content,iOS,0
SW-2253,Under 25,Premium,21,12.99,5.7,Music-heavy,PayPal,0,No ticket,iOS,0
SW-2254,Under 25,Premium,21,12.99,26.3,Podcast-heavy,Credit card,1,Account,Android,0
SW-2255,35-49,Basic,13,7.99,4.4,Balanced,Credit card,1,Billing,Android,0
SW-2256,25-34,Basic,55,7.99,11.1,Low-usage,Credit card,1,Account,Web,0
SW-2257,Under 25,Basic,9,7.99,16.4,Music-heavy,PayPal,0,No ticket,Android,0
SW-2258,25-34,Family,6,18.99,6.7,Podcast-heavy,PayPal,1,Account,Partner promo,0
SW-2259,Under 25,Basic,16,7.99,7.4,Balanced,Credit card,1,Account,Web,0
SW-2260,35-49,Premium,7,12.99,17.2,Music-heavy,Debit,0,No ticket,Android,0
SW-2261,25-34,Family,17,18.99,7.2,Music-heavy,Credit card,0,No ticket,Web,0
SW-2262,35-49,Free,7,0.0,1.5,Music-heavy,Credit card,1,Playback,Web,0
SW-2263,25-34,Family,9,18.99,26.6,Low-usage,Credit card,0,No ticket,Web,0
SW-2264,25-34,Family,45,18.99,3.7,Music-heavy,PayPal,1,Account,Android,0
SW-2265,Under 25,Family,9,18.99,9.5,Music-heavy,PayPal,1,Billing,Android,0
SW-2266,Under 25,Basic,7,7.99,2.8,Podcast-heavy,Credit card,1,Billing,iOS,1
SW-2267,25-34,Premium,27,12.99,5.3,Balanced,Credit card,0,No ticket,iOS,0
SW-2268,25-34,Premium,6,12.99,5.6,Low-usage,Debit,2,Billing,iOS,1
SW-2269,35-49,Family,7,18.99,9.2,Podcast-heavy,Credit card,0,No ticket,iOS,0
SW-2270,25-34,Basic,18,7.99,4.0,Low-usage,Gift card,1,Content,Android,0
SW-2271,35-49,Premium,23,12.99,39.1,Music-heavy,PayPal,1,Billing,iOS,0
SW-2272,50 plus,Basic,28,7.99,8.2,Music-heavy,Credit card,0,No ticket,iOS,0
SW-2273,35-49,Basic,7,7.99,16.2,Low-usage,Credit card,1,Playback,iOS,0
SW-2274,Under 25,Basic,18,7.99,7.9,Podcast-heavy,Credit card,1,Content,Partner promo,0
SW-2275,25-34,Premium,9,12.99,17.8,Music-heavy,Credit card,1,Content,Android,0
SW-2276,Under 25,Basic,8,7.99,1.5,Podcast-heavy,Debit,0,No ticket,Web,0
SW-2277,25-34,Premium,28,12.99,4.6,Balanced,Credit card,0,No ticket,iOS,0
SW-2278,50 plus,Family,8,18.99,5.3,Balanced,PayPal,1,Billing,Web,0
SW-2279,Under 25,Basic,15,7.99,5.2,Balanced,Debit,0,No ticket,Partner promo,1
SW-2280,25-34,Premium,13,12.99,12.1,Podcast-heavy,Gift card,1,Playback,iOS,0
SW-2281,35-49,Basic,6,7.99,12.8,Balanced,Credit card,1,Account,Web,0
SW-2282,35-49,Basic,24,7.99,7.5,Podcast-heavy,PayPal,0,No ticket,iOS,0
SW-2283,25-34,Premium,18,12.99,7.7,Balanced,PayPal,0,No ticket,iOS,0
SW-2284,Under 25,Family,3,18.99,40.0,Balanced,Credit card,1,Account,Android,0
SW-2285,25-34,Premium,15,12.99,10.4,Podcast-heavy,Credit card,1,Playback,Web,0
SW-2286,25-34,Premium,7,12.99,1.3,Music-heavy,PayPal,3,Playback,Web,0
SW-2287,Under 25,Free,26,0.0,14.8,Music-heavy,Credit card,0,No ticket,Web,0
SW-2288,25-34,Basic,4,7.99,12.5,Balanced,Credit card,0,No ticket,Web,0
SW-2289,Under 25,Premium,9,12.99,20.2,Music-heavy,PayPal,2,Playback,iOS,0
SW-2290,Under 25,Free,15,0.0,12.9,Music-heavy,Credit card,0,No ticket,Android,0
SW-2291,25-34,Basic,12,7.99,3.9,Music-heavy,Credit card,0,No ticket,Web,0
SW-2292,Under 25,Premium,20,12.99,16.3,Music-heavy,Debit,1,Playback,Web,0
SW-2293,35-49,Free,4,0.0,8.7,Balanced,Debit,1,Billing,Android,0
SW-2294,35-49,Basic,38,7.99,18.5,Music-heavy,Credit card,0,No ticket,Android,0
SW-2295,35-49,Premium,17,12.99,27.6,Music-heavy,Debit,1,Playback,iOS,0
SW-2296,Under 25,Premium,31,12.99,7.3,Balanced,Debit,1,Playback,Web,0
SW-2297,Under 25,Family,22,18.99,16.1,Balanced,Debit,0,No ticket,Android,1
SW-2298,Under 25,Premium,12,12.99,18.3,Music-heavy,Debit,2,Billing,Web,0
SW-2299,35-49,Basic,5,7.99,9.1,Music-heavy,Credit card,1,Playback,Partner promo,0
SW-2300,35-49,Family,8,18.99,38.3,Low-usage,PayPal,1,Account,Android,0
SW-2301,Under 25,Premium,37,12.99,18.5,Podcast-heavy,Credit card,0,No ticket,iOS,0
SW-2302,50 plus,Basic,32,7.99,5.0,Low-usage,Gift card,0,No ticket,Web,0
SW-2303,Under 25,Free,8,0.0,9.9,Music-heavy,Credit card,1,Billing,Web,0
SW-2304,25-34,Premium,2,12.99,15.9,Low-usage,Credit card,0,No ticket,Partner promo,1
SW-2305,35-49,Premium,10,12.99,37.2,Music-heavy,Credit card,0,No ticket,Android,0
SW-2306,50 plus,Premium,10,12.99,13.1,Music-heavy,Debit,0,No ticket,iOS,0
SW-2307,35-49,Premium,10,12.99,10.1,Low-usage,Credit card,3,Billing,Web,0
SW-2308,35-49,Premium,17,12.99,22.0,Low-usage,Debit,0,No ticket,Android,0
SW-2309,25-34,Family,22,18.99,6.7,Low-usage,PayPal,1,Playback,Partner promo,0
SW-2310,35-49,Premium,24,12.99,3.6,Balanced,Credit card,1,Billing,Android,0
SW-2311,Under 25,Free,16,0.0,14.0,Balanced,Credit card,0,No ticket,Web,0
SW-2312,50 plus,Premium,3,12.99,5.9,Balanced,PayPal,0,No ticket,iOS,0
SW-2313,25-34,Basic,9,7.99,40.0,Balanced,Credit card,1,Content,Web,0
SW-2314,35-49,Premium,60,12.99,9.8,Music-heavy,Credit card,1,Billing,Partner promo,0
SW-2315,25-34,Family,16,18.99,14.1,Podcast-heavy,Credit card,0,No ticket,iOS,0
SW-2316,35-49,Premium,16,12.99,4.8,Balanced,Credit card,1,Playback,Android,0
SW-2317,25-34,Premium,15,12.99,22.0,Balanced,Credit card,0,No ticket,Web,0
SW-2318,35-49,Basic,16,7.99,7.8,Balanced,Debit,0,No ticket,Web,0
SW-2319,Under 25,Basic,2,7.99,7.2,Balanced,Credit card,1,Account,Android,0
SW-2320,Under 25,Basic,10,7.99,7.4,Podcast-heavy,PayPal,0,No ticket,Android,0
SW-2321,25-34,Premium,12,12.99,2.8,Balanced,Credit card,2,Content,Web,0
SW-2322,Under 25,Premium,29,12.99,6.5,Low-usage,Credit card,1,Billing,iOS,0
SW-2323,50 plus,Premium,12,12.99,12.4,Music-heavy,Credit card,0,No ticket,Android,1
SW-2324,Under 25,Basic,4,7.99,2.3,Low-usage,PayPal,1,Content,Android,0
SW-2325,50 plus,Premium,16,12.99,18.1,Podcast-heavy,Credit card,1,Billing,Android,0
SW-2326,25-34,Premium,7,12.99,6.5,Balanced,Credit card,1,Playback,Web,0
SW-2327,Under 25,Premium,5,12.99,9.7,Balanced,Credit card,1,Playback,iOS,0
SW-2328,35-49,Premium,7,12.99,1.3,Low-usage,Credit card,2,Account,Partner promo,1
SW-2329,35-49,Premium,18,12.99,9.6,Podcast-heavy,Credit card,2,Playback,Android,0
SW-2330,25-34,Premium,29,12.99,3.5,Podcast-heavy,Credit card,0,No ticket,Android,0
SW-2331,25-34,Basic,17,7.99,6.0,Music-heavy,Credit card,1,Playback,Partner promo,0
SW-2332,35-49,Family,19,18.99,2.3,Podcast-heavy,Gift card,0,No ticket,Web,0
SW-2333,25-34,Basic,17,7.99,4.0,Music-heavy,Credit card,2,Billing,iOS,0
SW-2334,50 plus,Family,13,18.99,7.0,Low-usage,PayPal,0,No ticket,Android,0
SW-2335,50 plus,Free,20,0.0,6.4,Music-heavy,Credit card,2,Playback,Web,0
SW-2336,35-49,Free,2,0.0,16.2,Podcast-heavy,Credit card,0,No ticket,Partner promo,0
SW-2337,Under 25,Family,13,18.99,1.8,Low-usage,Gift card,1,Account,iOS,0
SW-2338,35-49,Basic,6,7.99,7.7,Low-usage,PayPal,0,No ticket,iOS,0
SW-2339,Under 25,Premium,27,12.99,7.4,Balanced,Debit,1,Billing,Web,0
SW-2340,Under 25,Premium,11,12.99,5.5,Podcast-heavy,Debit,1,Account,Web,0
SW-2341,25-34,Family,12,18.99,3.9,Music-heavy,Gift card,0,No ticket,iOS,0
SW-2342,25-34,Family,4,18.99,19.3,Music-heavy,Debit,0,No ticket,iOS,0
SW-2343,50 plus,Basic,24,7.99,40.0,Music-heavy,Credit card,0,No ticket,Web,0
SW-2344,35-49,Premium,19,12.99,2.0,Balanced,Credit card,0,No ticket,Android,0
SW-2345,35-49,Free,18,0.0,3.8,Music-heavy,Debit,0,No ticket,Web,0
SW-2346,25-34,Basic,7,7.99,3.6,Balanced,Debit,1,Playback,Android,0
SW-2347,25-34,Premium,7,12.99,6.4,Music-heavy,Debit,0,No ticket,Web,0
SW-2348,25-34,Basic,14,7.99,21.8,Podcast-heavy,Credit card,1,Content,iOS,0
SW-2349,50 plus,Premium,7,12.99,12.2,Podcast-heavy,PayPal,0,No ticket,iOS,1
SW-2350,Under 25,Premium,16,12.99,7.1,Balanced,Debit,0,No ticket,iOS,0
SW-2351,50 plus,Premium,3,12.99,8.1,Music-heavy,Debit,1,Playback,Android,0
SW-2352,35-49,Family,9,18.99,6.2,Podcast-heavy,Credit card,0,No ticket,Partner promo,0
SW-2353,25-34,Free,42,0.0,14.4,Music-heavy,Gift card,2,Billing,iOS,0
SW-2354,35-49,Premium,16,12.99,15.9,Music-heavy,Debit,1,Content,iOS,0
SW-2355,25-34,Family,13,18.99,12.8,Balanced,Debit,1,Playback,iOS,0
SW-2356,50 plus,Premium,48,12.99,1.4,Music-heavy,PayPal,1,Playback,Partner promo,0
SW-2357,50 plus,Free,2,0.0,8.1,Music-heavy,PayPal,1,Content,Android,0
SW-2358,25-34,Premium,7,12.99,6.9,Low-usage,Credit card,0,No ticket,iOS,0
SW-2359,25-34,Basic,9,7.99,17.7,Podcast-heavy,PayPal,0,No ticket,iOS,0
SW-2360,35-49,Basic,22,7.99,9.7,Music-heavy,Debit,1,Content,Web,0
SW-2361,50 plus,Premium,22,12.99,12.5,Music-heavy,Credit card,1,Content,Android,0
SW-2362,Under 25,Premium,7,12.99,5.4,Music-heavy,Credit card,0,No ticket,Android,0
SW-2363,35-49,Family,24,18.99,17.0,Podcast-heavy,Credit card,0,No ticket,Partner promo,0
SW-2364,35-49,Premium,9,12.99,21.5,Balanced,Debit,1,Account,iOS,0
SW-2365,35-49,Premium,28,12.99,2.2,Balanced,Debit,1,Billing,Android,1
SW-2366,Under 25,Free,6,0.0,2.8,Music-heavy,Credit card,0,No ticket,iOS,0
SW-2367,35-49,Basic,11,7.99,14.7,Balanced,PayPal,1,Billing,Android,0
SW-2368,50 plus,Basic,9,7.99,7.0,Podcast-heavy,PayPal,1,Account,iOS,0
SW-2369,Under 25,Family,25,18.99,18.2,Podcast-heavy,Debit,0,No ticket,Android,0
SW-2370,25-34,Basic,8,7.99,9.7,Balanced,PayPal,3,Account,Web,0
SW-2371,50 plus,Basic,12,7.99,13.9,Music-heavy,PayPal,0,No ticket,Web,0
SW-2372,Under 25,Premium,17,12.99,4.4,Music-heavy,Credit card,0,No ticket,Android,0
SW-2373,50 plus,Basic,18,7.99,10.5,Balanced,PayPal,0,No ticket,Partner promo,0
SW-2374,25-34,Basic,22,7.99,10.5,Music-heavy,Gift card,1,Playback,Android,0
SW-2375,25-34,Premium,14,12.99,4.6,Music-heavy,Credit card,1,Billing,Android,0
SW-2376,50 plus,Free,9,0.0,17.8,Balanced,Gift card,1,Account,Android,0
SW-2377,25-34,Free,9,0.0,1.8,Balanced,Credit card,0,No ticket,iOS,0
SW-2378,25-34,Basic,12,7.99,9.4,Balanced,Credit card,0,No ticket,Web,0
SW-2379,25-34,Premium,14,12.99,2.8,Music-heavy,PayPal,2,Billing,Partner promo,1
SW-2380,35-49,Premium,11,12.99,3.5,Music-heavy,PayPal,0,No ticket,Partner promo,0
SW-2381,Under 25,Basic,12,7.99,17.6,Music-heavy,Debit,1,Account,iOS,0
SW-2382,25-34,Premium,4,12.99,3.3,Podcast-heavy,Credit card,0,No ticket,Web,0
SW-2383,50 plus,Basic,19,7.99,3.2,Music-heavy,Debit,1,Billing,Partner promo,0
SW-2384,25-34,Family,14,18.99,12.7,Balanced,Debit,1,Billing,Android,0
SW-2385,35-49,Free,24,0.0,3.3,Music-heavy,Credit card,2,Playback,Web,0
SW-2386,25-34,Premium,12,12.99,18.1,Music-heavy,Debit,0,No ticket,Web,0
SW-2387,35-49,Family,4,18.99,13.4,Podcast-heavy,PayPal,0,No ticket,Partner promo,0
SW-2388,Under 25,Premium,9,12.99,4.3,Low-usage,Credit card,1,Account,Web,0
SW-2389,50 plus,Basic,10,7.99,17.5,Low-usage,Credit card,0,No ticket,Web,0
SW-2390,25-34,Basic,20,7.99,1.7,Low-usage,Credit card,0,No ticket,iOS,0
SW-2391,25-34,Premium,3,12.99,11.7,Podcast-heavy,Debit,0,No ticket,Web,0
SW-2392,Under 25,Free,12,0.0,3.0,Music-heavy,Credit card,0,No ticket,Web,0
SW-2393,Under 25,Premium,17,12.99,5.3,Music-heavy,Credit card,1,Account,iOS,1
SW-2394,25-34,Premium,8,12.99,5.5,Balanced,Credit card,0,No ticket,Web,0
SW-2395,25-34,Premium,13,12.99,22.3,Music-heavy,Credit card,1,Playback,Android,0
SW-2396,35-49,Free,8,0.0,5.4,Music-heavy,Credit card,2,Billing,iOS,1
SW-2397,25-34,Premium,7,12.99,7.5,Music-heavy,Credit card,2,Billing,Web,1
SW-2398,25-34,Premium,9,12.99,5.6,Podcast-heavy,Credit card,1,Account,iOS,0
SW-2399,35-49,Premium,7,12.99,3.6,Music-heavy,Credit card,0,No ticket,Web,0
SW-2400,35-49,Free,19,0.0,3.5,Music-heavy,PayPal,0,No ticket,Web,0
SW-2401,Under 25,Free,7,0.0,10.2,Podcast-heavy,Credit card,0,No ticket,Android,0
SW-2402,Under 25,Basic,6,7.99,7.8,Music-heavy,PayPal,2,Billing,Web,0
SW-2403,Under 25,Free,41,0.0,14.7,Podcast-heavy,Debit,1,Account,iOS,0
SW-2404,35-49,Premium,24,12.99,6.6,Balanced,Credit card,1,Playback,Android,0
SW-2405,35-49,Family,3,18.99,6.8,Music-heavy,Credit card,4,Billing,iOS,1
SW-2406,25-34,Basic,7,7.99,14.8,Balanced,Gift card,0,No ticket,iOS,0
SW-2407,50 plus,Premium,14,12.99,5.9,Music-heavy,Debit,1,Playback,Android,0
SW-2408,35-49,Free,15,0.0,2.5,Podcast-heavy,Credit card,1,Playback,Android,0
SW-2409,35-49,Basic,4,7.99,15.8,Podcast-heavy,Credit card,0,No ticket,Partner promo,0
SW-2410,50 plus,Free,27,0.0,4.7,Low-usage,Credit card,0,No ticket,iOS,0
SW-2411,Under 25,Basic,21,7.99,8.4,Podcast-heavy,PayPal,1,Playback,Partner promo,0
SW-2412,Under 25,Family,17,18.99,4.8,Music-heavy,PayPal,1,Account,Android,1
SW-2413,25-34,Premium,31,12.99,3.7,Low-usage,Credit card,1,Playback,Partner promo,1
SW-2414,Under 25,Premium,16,12.99,1.8,Podcast-heavy,Credit card,0,No ticket,Android,0
SW-2415,25-34,Basic,16,7.99,10.5,Podcast-heavy,Credit card,0,No ticket,Web,0
SW-2416,50 plus,Family,36,18.99,0.5,Music-heavy,Gift card,2,Content,iOS,0
SW-2417,Under 25,Premium,26,12.99,22.6,Low-usage,Debit,2,Billing,Partner promo,1
SW-2418,Under 25,Basic,7,7.99,18.3,Music-heavy,PayPal,4,Playback,Web,0
SW-2419,25-34,Free,19,0.0,3.9,Balanced,Credit card,0,No ticket,Web,0
SW-2420,50 plus,Basic,8,7.99,28.5,Podcast-heavy,Debit,0,No ticket,iOS,0
SW-2421,25-34,Basic,17,7.99,40.0,Music-heavy,Credit card,0,No ticket,iOS,0
SW-2422,25-34,Family,17,18.99,6.4,Low-usage,PayPal,0,No ticket,Android,0
SW-2423,Under 25,Premium,5,12.99,11.1,Balanced,Credit card,0,No ticket,iOS,0
SW-2424,Under 25,Premium,11,12.99,8.9,Music-heavy,PayPal,0,No ticket,Android,1
SW-2425,50 plus,Premium,14,12.99,26.9,Music-heavy,Credit card,0,No ticket,iOS,0
SW-2426,50 plus,Free,9,0.0,2.6,Balanced,Debit,0,No ticket,Android,0
SW-2427,Under 25,Basic,15,7.99,6.7,Music-heavy,Credit card,0,No ticket,Web,0
SW-2428,50 plus,Family,21,18.99,16.7,Low-usage,Credit card,0,No ticket,Android,0
SW-2429,35-49,Premium,12,12.99,15.3,Music-heavy,Credit card,3,Billing,Android,1
SW-2430,50 plus,Family,14,18.99,7.7,Music-heavy,Debit,0,No ticket,Android,0
SW-2431,25-34,Premium,32,12.99,24.4,Low-usage,Credit card,1,Billing,Web,0
SW-2432,25-34,Free,17,0.0,9.6,Low-usage,Credit card,0,No ticket,iOS,0
SW-2433,25-34,Basic,14,7.99,8.8,Music-heavy,Credit card,1,Playback,Web,0
SW-2434,35-49,Free,6,0.0,14.0,Balanced,Credit card,1,Content,Web,0
SW-2435,Under 25,Basic,19,7.99,7.6,Music-heavy,Credit card,1,Billing,iOS,0
SW-2436,Under 25,Free,15,0.0,8.3,Balanced,Credit card,0,No ticket,Partner promo,0
SW-2437,25-34,Premium,29,12.99,4.3,Balanced,Credit card,1,Billing,iOS,0
SW-2438,35-49,Premium,12,12.99,40.0,Music-heavy,Credit card,0,No ticket,iOS,0
SW-2439,Under 25,Family,3,18.99,5.5,Music-heavy,PayPal,1,Billing,Android,0
SW-2440,35-49,Premium,4,12.99,14.3,Music-heavy,Credit card,0,No ticket,Web,0
SW-2441,50 plus,Family,20,18.99,36.8,Music-heavy,Debit,0,No ticket,iOS,0
SW-2442,Under 25,Free,8,0.0,2.7,Music-heavy,Credit card,1,Account,Android,0
SW-2443,35-49,Premium,16,12.99,13.0,Low-usage,Gift card,1,Content,Partner promo,0
SW-2444,25-34,Premium,13,12.99,8.1,Music-heavy,Credit card,0,No ticket,Android,0
SW-2445,50 plus,Basic,11,7.99,33.6,Podcast-heavy,PayPal,0,No ticket,Web,0
SW-2446,Under 25,Basic,11,7.99,3.9,Balanced,Credit card,1,Content,iOS,0
SW-2447,35-49,Basic,7,7.99,4.4,Podcast-heavy,Credit card,0,No ticket,Partner promo,0
SW-2448,35-49,Basic,12,7.99,7.7,Podcast-heavy,Credit card,2,Billing,Partner promo,0
SW-2449,50 plus,Premium,8,12.99,5.4,Music-heavy,Credit card,1,Billing,iOS,0
SW-2450,35-49,Basic,9,7.99,5.5,Podcast-heavy,Credit card,0,No ticket,Android,0
SW-2451,25-34,Premium,10,12.99,40.0,Music-heavy,Credit card,1,Billing,Web,0
SW-2452,35-49,Premium,10,12.99,8.9,Balanced,PayPal,0,No ticket,iOS,0
SW-2453,50 plus,Basic,23,7.99,4.3,Music-heavy,Credit card,1,Playback,Android,0
SW-2454,35-49,Premium,11,12.99,5.9,Low-usage,Credit card,1,Content,Partner promo,0
SW-2455,Under 25,Basic,25,7.99,11.1,Balanced,PayPal,0,No ticket,Android,0
SW-2456,50 plus,Basic,35,7.99,10.5,Balanced,PayPal,0,No ticket,Android,0
SW-2457,35-49,Premium,22,12.99,5.0,Music-heavy,Credit card,0,No ticket,Android,0
SW-2458,35-49,Premium,17,12.99,2.2,Music-heavy,Debit,0,No ticket,Web,0
SW-2459,Under 25,Premium,15,12.99,7.7,Balanced,Credit card,1,Playback,Android,0
SW-2460,35-49,Basic,22,7.99,7.5,Music-heavy,Credit card,0,No ticket,Partner promo,0
SW-2461,25-34,Premium,13,12.99,4.8,Music-heavy,Credit card,0,No ticket,iOS,0
SW-2462,35-49,Premium,24,12.99,22.3,Balanced,Credit card,1,Playback,Web,0
SW-2463,Under 25,Premium,18,12.99,12.7,Balanced,Credit card,4,Billing,Partner promo,1
SW-2464,35-49,Premium,9,12.99,8.9,Music-heavy,Credit card,0,No ticket,Web,0
SW-2465,50 plus,Premium,22,12.99,6.0,Balanced,Credit card,0,No ticket,iOS,0
SW-2466,Under 25,Premium,13,12.99,32.0,Podcast-heavy,Debit,1,Playback,Web,0
SW-2467,50 plus,Premium,11,12.99,3.2,Music-heavy,Debit,0,No ticket,Web,0
SW-2468,25-34,Free,9,0.0,5.4,Balanced,Debit,0,No ticket,Web,0
SW-2469,50 plus,Premium,13,12.99,5.6,Balanced,Debit,1,Content,iOS,0
SW-2470,35-49,Free,24,0.0,10.2,Low-usage,PayPal,0,No ticket,iOS,0
SW-2471,35-49,Free,22,0.0,13.6,Music-heavy,PayPal,1,Content,Android,0
SW-2472,35-49,Family,15,18.99,2.7,Balanced,PayPal,2,Billing,Android,1
SW-2473,50 plus,Family,18,18.99,4.6,Podcast-heavy,Credit card,1,Account,iOS,0
SW-2474,25-34,Free,29,0.0,11.4,Music-heavy,Credit card,1,Billing,Android,0
SW-2475,25-34,Basic,11,7.99,4.7,Balanced,Credit card,0,No ticket,Partner promo,0
SW-2476,35-49,Basic,5,7.99,5.8,Music-heavy,Credit card,0,No ticket,Web,0
SW-2477,35-49,Premium,30,12.99,9.2,Music-heavy,Credit card,2,Account,Web,0
SW-2478,35-49,Premium,8,12.99,3.7,Music-heavy,Credit card,1,Playback,iOS,0
SW-2479,35-49,Family,7,18.99,10.0,Music-heavy,Gift card,0,No ticket,Web,0
SW-2480,25-34,Premium,3,12.99,13.1,Podcast-heavy,Credit card,1,Playback,Partner promo,0
SW-2481,35-49,Basic,18,7.99,8.2,Music-heavy,Credit card,2,Playback,Web,0
SW-2482,Under 25,Premium,4,12.99,25.0,Podcast-heavy,Credit card,1,Account,iOS,0
SW-2483,25-34,Basic,7,7.99,14.3,Music-heavy,Debit,0,No ticket,Web,0
SW-2484,Under 25,Family,18,18.99,7.7,Balanced,Credit card,1,Billing,iOS,0
SW-2485,25-34,Family,20,18.99,6.2,Balanced,Credit card,0,No ticket,Web,0
SW-2486,25-34,Premium,8,12.99,32.6,Music-heavy,Gift card,0,No ticket,Android,0
SW-2487,25-34,Basic,11,7.99,4.7,Podcast-heavy,PayPal,0,No ticket,Partner promo,0
SW-2488,35-49,Basic,7,7.99,6.4,Balanced,Debit,0,No ticket,iOS,0
SW-2489,25-34,Free,8,0.0,5.8,Podcast-heavy,Gift card,1,Playback,Web,0
SW-2490,25-34,Premium,14,12.99,11.0,Music-heavy,Credit card,0,No ticket,iOS,0
SW-2491,25-34,Basic,8,7.99,40.0,Balanced,Debit,1,Playback,Android,0
SW-2492,25-34,Basic,10,7.99,9.7,Music-heavy,Credit card,1,Account,Web,0
SW-2493,25-34,Premium,4,12.99,6.2,Music-heavy,Debit,0,No ticket,Android,0
SW-2494,Under 25,Premium,27,12.99,9.3,Podcast-heavy,Credit card,0,No ticket,Web,0
SW-2495,35-49,Free,17,0.0,2.8,Music-heavy,Credit card,1,Billing,Web,1
SW-2496,35-49,Family,21,18.99,6.9,Podcast-heavy,Credit card,3,Content,iOS,0
SW-2497,35-49,Family,30,18.99,31.3,Balanced,Credit card,0,No ticket,Web,0
SW-2498,25-34,Family,7,18.99,13.6,Balanced,Credit card,0,No ticket,Android,0
SW-2499,25-34,Basic,9,7.99,21.4,Music-heavy,Credit card,0,No ticket,Web,0
SW-2500,50 plus,Basic,3,7.99,18.0,Low-usage,Debit,1,Playback,Android,0
SW-2501,25-34,Basic,60,7.99,4.5,Balanced,Credit card,0,No ticket,iOS,0
SW-2502,25-34,Basic,11,7.99,36.9,Music-heavy,Credit card,1,Content,iOS,0
SW-2503,Under 25,Basic,25,7.99,1.9,Music-heavy,Debit,0,No ticket,Web,0
SW-2504,25-34,Premium,5,12.99,10.4,Podcast-heavy,Debit,1,Billing,Web,0
SW-2505,25-34,Premium,24,12.99,1.5,Low-usage,Credit card,1,Playback,Android,0
SW-2506,25-34,Family,44,18.99,2.0,Podcast-heavy,Credit card,1,Billing,Web,0
SW-2507,35-49,Free,12,0.0,16.9,Balanced,PayPal,1,Account,iOS,0
SW-2508,25-34,Premium,6,12.99,4.6,Music-heavy,Credit card,0,No ticket,iOS,0
SW-2509,35-49,Premium,11,12.99,21.7,Podcast-heavy,Credit card,0,No ticket,Web,0
SW-2510,35-49,Premium,3,12.99,1.4,Music-heavy,Credit card,0,No ticket,Android,0
SW-2511,35-49,Family,12,18.99,7.5,Balanced,PayPal,2,Billing,Partner promo,1
SW-2512,35-49,Premium,21,12.99,3.0,Music-heavy,Credit card,0,No ticket,iOS,0
SW-2513,50 plus,Family,12,18.99,6.2,Music-heavy,Credit card,2,Account,Partner promo,0
SW-2514,Under 25,Basic,10,7.99,27.6,Music-heavy,PayPal,1,Playback,Partner promo,0
SW-2515,Under 25,Premium,17,12.99,33.5,Balanced,Credit card,0,No ticket,Web,0
SW-2516,Under 25,Free,18,0.0,12.1,Balanced,Credit card,0,No ticket,Web,0
SW-2517,35-49,Free,4,0.0,2.2,Music-heavy,Credit card,1,Billing,iOS,0
SW-2518,50 plus,Basic,13,7.99,3.0,Low-usage,Gift card,1,Billing,iOS,0
SW-2519,25-34,Free,60,0.0,9.1,Music-heavy,PayPal,1,Playback,iOS,0
SW-2520,50 plus,Basic,5,7.99,4.2,Music-heavy,Debit,0,No ticket,iOS,0
SW-2521,Under 25,Basic,11,7.99,13.5,Music-heavy,Credit card,2,Billing,iOS,1
SW-2522,50 plus,Free,47,0.0,30.6,Music-heavy,Credit card,0,No ticket,Android,0
SW-2523,25-34,Family,26,18.99,3.6,Music-heavy,Credit card,0,No ticket,Web,0
SW-2524,Under 25,Free,8,0.0,3.9,Balanced,Credit card,0,No ticket,Android,0
SW-2525,25-34,Premium,14,12.99,3.1,Balanced,Debit,1,Playback,Partner promo,0
SW-2526,25-34,Basic,12,7.99,6.5,Balanced,Debit,1,Billing,Android,0
SW-2527,25-34,Premium,7,12.99,8.3,Low-usage,PayPal,0,No ticket,Partner promo,1
SW-2528,25-34,Family,11,18.99,8.1,Balanced,Credit card,0,No ticket,Web,0
SW-2529,35-49,Premium,10,12.99,16.4,Music-heavy,Debit,0,No ticket,iOS,0
SW-2530,25-34,Premium,13,12.99,11.0,Balanced,PayPal,0,No ticket,Partner promo,0
SW-2531,25-34,Free,7,0.0,7.6,Podcast-heavy,Credit card,0,No ticket,Android,0
SW-2532,35-49,Family,5,18.99,8.3,Low-usage,PayPal,1,Playback,iOS,0
SW-2533,35-49,Family,12,18.99,8.6,Music-heavy,Credit card,0,No ticket,Web,0
SW-2534,25-34,Family,40,18.99,7.6,Music-heavy,Debit,0,No ticket,Android,0
SW-2535,25-34,Premium,13,12.99,4.7,Balanced,PayPal,0,No ticket,Android,0
SW-2536,Under 25,Basic,10,7.99,3.1,Balanced,Credit card,1,Playback,Partner promo,0
SW-2537,Under 25,Family,20,18.99,9.0,Music-heavy,Credit card,1,Content,Android,0
SW-2538,35-49,Basic,11,7.99,5.4,Podcast-heavy,Credit card,0,No ticket,iOS,0
SW-2539,Under 25,Premium,44,12.99,12.2,Music-heavy,Debit,2,Playback,Android,0
SW-2540,25-34,Free,12,0.0,8.5,Low-usage,Debit,0,No ticket,Partner promo,0
SW-2541,35-49,Family,20,18.99,8.1,Music-heavy,Credit card,0,No ticket,Android,0
SW-2542,Under 25,Free,7,0.0,17.6,Music-heavy,PayPal,1,Playback,Web,0
SW-2543,35-49,Premium,17,12.99,2.6,Low-usage,PayPal,2,Billing,Partner promo,1
SW-2544,25-34,Premium,15,12.99,32.9,Podcast-heavy,PayPal,2,Billing,Android,1
SW-2545,50 plus,Premium,12,12.99,1.4,Music-heavy,Credit card,0,No ticket,iOS,0
SW-2546,25-34,Premium,8,12.99,25.5,Balanced,Credit card,0,No ticket,iOS,0
SW-2547,35-49,Basic,8,7.99,9.4,Low-usage,PayPal,0,No ticket,Android,0
SW-2548,25-34,Free,15,0.0,5.3,Music-heavy,Credit card,1,Billing,Android,0
SW-2549,Under 25,Premium,19,12.99,2.5,Balanced,Debit,1,Account,Web,1
SW-2550,35-49,Family,11,18.99,5.0,Music-heavy,Debit,1,Playback,Android,0
SW-2551,50 plus,Premium,15,12.99,7.0,Podcast-heavy,Credit card,0,No ticket,iOS,0
SW-2552,35-49,Premium,12,12.99,9.3,Low-usage,Credit card,0,No ticket,Partner promo,1
SW-2553,35-49,Family,13,18.99,25.4,Music-heavy,Credit card,0,No ticket,Partner promo,1
SW-2554,50 plus,Basic,10,7.99,8.5,Balanced,Credit card,1,Billing,iOS,0
SW-2555,25-34,Premium,12,12.99,10.3,Music-heavy,Credit card,0,No ticket,Partner promo,0
SW-2556,Under 25,Premium,60,12.99,10.6,Balanced,PayPal,2,Billing,iOS,0
SW-2557,35-49,Basic,15,7.99,6.2,Balanced,Credit card,0,No ticket,Android,0
SW-2558,25-34,Premium,19,12.99,6.9,Balanced,Credit card,1,Content,Web,0
SW-2559,35-49,Premium,16,12.99,7.3,Low-usage,Credit card,0,No ticket,Web,0
SW-2560,50 plus,Basic,10,7.99,13.2,Low-usage,Credit card,0,No ticket,Android,0
SW-2561,25-34,Basic,30,7.99,3.9,Podcast-heavy,Credit card,0,No ticket,Partner promo,0
SW-2562,25-34,Free,10,0.0,5.3,Podcast-heavy,Credit card,1,Content,iOS,0
SW-2563,35-49,Premium,25,12.99,10.6,Music-heavy,Credit card,2,Billing,iOS,0
SW-2564,25-34,Basic,9,7.99,3.4,Balanced,Credit card,1,Account,iOS,0
SW-2565,35-49,Free,6,0.0,8.8,Podcast-heavy,Credit card,1,Billing,Android,0
SW-2566,25-34,Premium,15,12.99,5.2,Low-usage,PayPal,0,No ticket,Web,0
SW-2567,35-49,Premium,6,12.99,12.0,Music-heavy,Credit card,1,Playback,Web,0
SW-2568,Under 25,Premium,17,12.99,24.0,Music-heavy,Credit card,2,Billing,Android,0
SW-2569,35-49,Premium,5,12.99,5.2,Music-heavy,PayPal,1,Playback,Partner promo,1
SW-2570,25-34,Family,10,18.99,14.7,Balanced,Debit,1,Billing,Web,0
SW-2571,35-49,Family,4,18.99,9.4,Music-heavy,Credit card,1,Playback,Android,0
SW-2572,Under 25,Premium,60,12.99,5.9,Podcast-heavy,Credit card,1,Billing,Android,0
SW-2573,35-49,Premium,4,12.99,8.0,Podcast-heavy,Debit,1,Playback,Web,0
SW-2574,50 plus,Basic,12,7.99,22.6,Music-heavy,Credit card,1,Billing,Android,0
SW-2575,Under 25,Family,27,18.99,7.0,Podcast-heavy,Credit card,2,Billing,Android,1
SW-2576,Under 25,Basic,25,7.99,22.8,Podcast-heavy,Credit card,0,No ticket,Web,0
SW-2577,Under 25,Basic,22,7.99,7.3,Music-heavy,PayPal,0,No ticket,iOS,0
SW-2578,35-49,Basic,10,7.99,2.6,Podcast-heavy,Debit,2,Billing,Android,1
SW-2579,35-49,Free,31,0.0,7.1,Low-usage,Credit card,1,Playback,Web,0
SW-2580,25-34,Family,23,18.99,2.4,Low-usage,Credit card,1,Playback,iOS,0
SW-2581,25-34,Premium,14,12.99,6.2,Podcast-heavy,Credit card,1,Content,Web,0
SW-2582,25-34,Premium,14,12.99,6.0,Podcast-heavy,Credit card,0,No ticket,iOS,0
SW-2583,35-49,Premium,10,12.99,34.2,Music-heavy,PayPal,0,No ticket,Web,0
SW-2584,25-34,Premium,6,12.99,29.0,Low-usage,Credit card,0,No ticket,iOS,0
SW-2585,50 plus,Free,29,0.0,8.6,Music-heavy,Gift card,0,No ticket,Web,0
SW-2586,Under 25,Premium,30,12.99,21.1,Podcast-heavy,Credit card,0,No ticket,iOS,0
SW-2587,35-49,Premium,6,12.99,5.8,Music-heavy,Credit card,0,No ticket,Web,0
SW-2588,25-34,Basic,11,7.99,2.6,Music-heavy,Credit card,2,Billing,Android,0
SW-2589,25-34,Premium,11,12.99,12.2,Music-heavy,Debit,2,Billing,Android,1
SW-2590,35-49,Basic,12,7.99,10.7,Balanced,Credit card,0,No ticket,Web,0
SW-2591,35-49,Basic,13,7.99,3.8,Podcast-heavy,Debit,0,No ticket,Partner promo,0
SW-2592,50 plus,Basic,23,7.99,3.9,Podcast-heavy,Credit card,0,No ticket,Android,0
SW-2593,Under 25,Basic,7,7.99,17.0,Music-heavy,Credit card,1,Playback,Android,0
SW-2594,Under 25,Premium,7,12.99,2.1,Balanced,Debit,1,Billing,iOS,0
SW-2595,35-49,Premium,29,12.99,12.5,Music-heavy,Credit card,0,No ticket,Web,0
SW-2596,35-49,Basic,9,7.99,6.2,Music-heavy,Credit card,0,No ticket,Partner promo,0
SW-2597,25-34,Premium,5,12.99,12.5,Balanced,Credit card,0,No ticket,Web,0
SW-2598,Under 25,Premium,9,12.99,17.6,Low-usage,Credit card,2,Billing,Android,1
SW-2599,Under 25,Basic,10,7.99,4.0,Music-heavy,PayPal,0,No ticket,iOS,0
SW-2600,50 plus,Basic,36,7.99,3.2,Podcast-heavy,Credit card,1,Billing,Partner promo,0
SW-2601,Under 25,Family,23,18.99,25.9,Podcast-heavy,PayPal,1,Playback,iOS,0
SW-2602,25-34,Premium,27,12.99,7.6,Balanced,PayPal,1,Account,iOS,0
SW-2603,25-34,Family,21,18.99,10.4,Music-heavy,Credit card,1,Playback,Android,1
SW-2604,25-34,Basic,23,7.99,16.6,Podcast-heavy,Credit card,0,No ticket,Web,0
SW-2605,Under 25,Premium,7,12.99,3.7,Music-heavy,PayPal,0,No ticket,Web,0
SW-2606,25-34,Basic,10,7.99,16.5,Music-heavy,PayPal,1,Account,Web,0
SW-2607,Under 25,Basic,6,7.99,13.4,Music-heavy,Credit card,1,Playback,Web,0
SW-2608,35-49,Premium,10,12.99,25.9,Low-usage,PayPal,0,No ticket,Web,0
SW-2609,25-34,Basic,19,7.99,25.6,Music-heavy,PayPal,2,Billing,Android,1
SW-2610,25-34,Basic,13,7.99,8.4,Low-usage,Credit card,0,No ticket,Android,0
SW-2611,50 plus,Basic,30,7.99,14.6,Music-heavy,PayPal,1,Account,Partner promo,0
SW-2612,35-49,Free,5,0.0,8.3,Low-usage,Credit card,0,No ticket,iOS,0
SW-2613,25-34,Premium,17,12.99,9.0,Balanced,Debit,0,No ticket,Web,0
SW-2614,25-34,Premium,5,12.99,3.2,Music-heavy,Credit card,0,No ticket,Android,0
SW-2615,25-34,Free,13,0.0,6.7,Podcast-heavy,Credit card,1,Playback,Android,0
SW-2616,35-49,Basic,20,7.99,1.9,Music-heavy,Debit,2,Billing,Android,1
SW-2617,50 plus,Free,10,0.0,7.2,Podcast-heavy,Credit card,1,Playback,Web,0
SW-2618,35-49,Premium,18,12.99,23.0,Podcast-heavy,Debit,0,No ticket,Partner promo,0
SW-2619,25-34,Free,6,0.0,14.9,Podcast-heavy,PayPal,0,No ticket,Web,0
SW-2620,35-49,Premium,4,12.99,8.8,Balanced,Credit card,0,No ticket,Web,0
SW-2621,25-34,Free,18,0.0,6.8,Balanced,Credit card,0,No ticket,Android,1
SW-2622,Under 25,Premium,41,12.99,5.2,Low-usage,Debit,1,Content,Partner promo,1
SW-2623,35-49,Family,6,18.99,3.8,Low-usage,Credit card,2,Billing,Web,1
SW-2624,50 plus,Premium,28,12.99,15.4,Low-usage,PayPal,1,Account,Android,0
SW-2625,Under 25,Free,12,0.0,2.3,Music-heavy,Credit card,0,No ticket,Android,0
SW-2626,35-49,Premium,5,12.99,2.3,Music-heavy,Debit,1,Account,Android,0
SW-2627,Under 25,Premium,5,12.99,16.5,Podcast-heavy,Credit card,0,No ticket,Web,0
SW-2628,25-34,Premium,12,12.99,9.4,Podcast-heavy,Credit card,0,No ticket,Web,0
SW-2629,Under 25,Premium,9,12.99,8.3,Music-heavy,Credit card,1,Account,iOS,0
SW-2630,25-34,Premium,5,12.99,9.4,Music-heavy,Credit card,0,No ticket,Android,0
SW-2631,35-49,Family,4,18.99,39.9,Balanced,Credit card,1,Billing,Web,0
SW-2632,25-34,Basic,7,7.99,8.4,Balanced,Debit,0,No ticket,iOS,0
SW-2633,35-49,Premium,14,12.99,10.1,Music-heavy,Credit card,0,No ticket,Web,0
SW-2634,35-49,Basic,12,7.99,40.0,Low-usage,Credit card,0,No ticket,Web,0
SW-2635,50 plus,Free,8,0.0,7.6,Balanced,Credit card,1,Billing,Partner promo,0
SW-2636,25-34,Free,14,0.0,31.8,Music-heavy,PayPal,0,No ticket,Web,1
SW-2637,25-34,Free,25,0.0,1.5,Balanced,Debit,0,No ticket,Android,0
SW-2638,Under 25,Premium,16,12.99,3.2,Music-heavy,Credit card,0,No ticket,iOS,0
SW-2639,50 plus,Premium,11,12.99,4.7,Podcast-heavy,PayPal,2,Billing,Web,1
SW-2640,50 plus,Premium,23,12.99,12.8,Music-heavy,PayPal,0,No ticket,Partner promo,0
SW-2641,25-34,Free,6,0.0,33.1,Music-heavy,Credit card,0,No ticket,Android,1
SW-2642,50 plus,Basic,10,7.99,5.0,Music-heavy,Debit,0,No ticket,Android,0
SW-2643,25-34,Family,10,18.99,17.5,Music-heavy,Credit card,1,Account,Android,0
SW-2644,35-49,Basic,5,7.99,40.0,Balanced,PayPal,1,Account,iOS,0
SW-2645,Under 25,Premium,9,12.99,28.0,Balanced,Credit card,0,No ticket,iOS,0
SW-2646,35-49,Premium,3,12.99,5.8,Music-heavy,Gift card,1,Billing,Web,0
SW-2647,Under 25,Premium,46,12.99,16.0,Music-heavy,Credit card,0,No ticket,Android,0
SW-2648,35-49,Premium,6,12.99,10.5,Balanced,Credit card,0,No ticket,Android,0
SW-2649,35-49,Family,36,18.99,4.7,Music-heavy,PayPal,0,No ticket,Web,0
SW-2650,35-49,Basic,12,7.99,11.3,Music-heavy,PayPal,2,Billing,Partner promo,1
SW-2651,Under 25,Family,18,18.99,5.5,Podcast-heavy,Debit,0,No ticket,Android,0
SW-2652,25-34,Basic,9,7.99,8.8,Balanced,PayPal,1,Playback,iOS,0
SW-2653,25-34,Basic,14,7.99,2.7,Balanced,Debit,1,Content,Web,1
SW-2654,25-34,Free,19,0.0,2.0,Balanced,Debit,0,No ticket,Partner promo,0
SW-2655,Under 25,Premium,19,12.99,6.4,Music-heavy,Credit card,1,Billing,Partner promo,1
SW-2656,50 plus,Premium,21,12.99,10.3,Low-usage,Credit card,0,No ticket,Partner promo,0
SW-2657,25-34,Basic,9,7.99,3.2,Music-heavy,Credit card,1,Billing,iOS,1
SW-2658,25-34,Basic,9,7.99,12.2,Music-heavy,Debit,0,No ticket,iOS,0
SW-2659,25-34,Family,4,18.99,8.3,Podcast-heavy,Credit card,1,Billing,Web,0
SW-2660,25-34,Premium,17,12.99,13.5,Balanced,Credit card,0,No ticket,iOS,0
SW-2661,35-49,Premium,26,12.99,17.0,Music-heavy,Credit card,0,No ticket,Web,0
SW-2662,25-34,Premium,37,12.99,23.4,Music-heavy,PayPal,1,Playback,Partner promo,0
SW-2663,50 plus,Premium,15,12.99,13.0,Balanced,Credit card,1,Account,Web,0
SW-2664,25-34,Basic,7,7.99,6.3,Balanced,Credit card,0,No ticket,Android,0
SW-2665,50 plus,Family,4,18.99,9.3,Balanced,Credit card,1,Content,iOS,0
SW-2666,50 plus,Free,25,0.0,40.0,Podcast-heavy,Credit card,0,No ticket,Web,0
SW-2667,Under 25,Basic,3,7.99,17.6,Balanced,Credit card,0,No ticket,iOS,0
SW-2668,50 plus,Basic,9,7.99,8.5,Balanced,Credit card,0,No ticket,Android,0
SW-2669,Under 25,Premium,10,12.99,7.1,Podcast-heavy,Credit card,0,No ticket,Android,0
SW-2670,35-49,Basic,11,7.99,5.0,Music-heavy,PayPal,0,No ticket,Web,0
SW-2671,25-34,Premium,12,12.99,3.1,Music-heavy,PayPal,0,No ticket,iOS,0
SW-2672,50 plus,Free,13,0.0,31.4,Podcast-heavy,Credit card,3,Billing,Android,1
SW-2673,50 plus,Premium,2,12.99,11.7,Music-heavy,Debit,1,Account,Android,0
SW-2674,35-49,Basic,12,7.99,2.9,Music-heavy,Debit,0,No ticket,Android,0
SW-2675,35-49,Basic,3,7.99,7.2,Podcast-heavy,Debit,0,No ticket,Web,0
SW-2676,25-34,Free,20,0.0,22.1,Music-heavy,Credit card,1,Playback,Android,0
SW-2677,Under 25,Premium,8,12.99,5.6,Balanced,Credit card,0,No ticket,iOS,0
SW-2678,25-34,Basic,3,7.99,4.2,Music-heavy,Debit,0,No ticket,iOS,0
SW-2679,Under 25,Premium,7,12.99,10.6,Podcast-heavy,Credit card,0,No ticket,Web,0
SW-2680,35-49,Premium,8,12.99,13.5,Balanced,Credit card,0,No ticket,Web,0
SW-2681,25-34,Premium,28,12.99,5.6,Podcast-heavy,Credit card,0,No ticket,iOS,0
SW-2682,50 plus,Premium,14,12.99,5.0,Music-heavy,PayPal,1,Playback,Web,0
SW-2683,35-49,Premium,15,12.99,11.6,Low-usage,Credit card,0,No ticket,Partner promo,1
SW-2684,35-49,Basic,27,7.99,3.3,Balanced,Credit card,0,No ticket,Android,0
SW-2685,Under 25,Premium,11,12.99,5.2,Low-usage,PayPal,0,No ticket,Partner promo,1
SW-2686,50 plus,Premium,20,12.99,7.3,Balanced,PayPal,0,No ticket,Web,0
SW-2687,50 plus,Premium,19,12.99,14.4,Balanced,Credit card,1,Playback,Web,0
SW-2688,25-34,Family,5,18.99,5.7,Music-heavy,Credit card,1,Billing,iOS,0
SW-2689,35-49,Basic,34,7.99,12.6,Low-usage,Debit,3,Billing,Web,0
SW-2690,35-49,Free,4,0.0,20.3,Low-usage,Credit card,0,No ticket,Web,0
SW-2691,Under 25,Premium,23,12.99,5.3,Podcast-heavy,Debit,1,Account,iOS,0
SW-2692,25-34,Basic,4,7.99,40.0,Balanced,PayPal,2,Account,Android,0
SW-2693,25-34,Free,18,0.0,24.9,Podcast-heavy,Credit card,0,No ticket,Android,0
SW-2694,Under 25,Family,44,18.99,9.9,Music-heavy,Credit card,1,Billing,Partner promo,0
SW-2695,25-34,Basic,10,7.99,6.9,Balanced,Credit card,1,Billing,Android,0
SW-2696,Under 25,Family,10,18.99,5.1,Podcast-heavy,Debit,0,No ticket,Web,0
SW-2697,Under 25,Premium,18,12.99,30.2,Podcast-heavy,Credit card,2,Billing,Android,1
SW-2698,Under 25,Premium,10,12.99,9.5,Low-usage,Credit card,0,No ticket,Partner promo,1
SW-2699,50 plus,Basic,43,7.99,2.5,Balanced,Credit card,0,No ticket,iOS,0
SW-2700,25-34,Basic,14,7.99,2.0,Balanced,Credit card,0,No ticket,Partner promo,0
SW-2701,50 plus,Premium,10,12.99,8.8,Music-heavy,Credit card,0,No ticket,Android,0
SW-2702,25-34,Basic,8,7.99,8.9,Podcast-heavy,Credit card,1,Playback,Android,0
SW-2703,25-34,Basic,6,7.99,3.8,Low-usage,Debit,1,Billing,Web,0
SW-2704,25-34,Basic,8,7.99,2.4,Podcast-heavy,Credit card,1,Playback,Android,0
SW-2705,25-34,Basic,9,7.99,1.7,Low-usage,Credit card,2,Playback,Android,0
SW-2706,Under 25,Basic,9,7.99,4.4,Balanced,PayPal,0,No ticket,Web,0
SW-2707,35-49,Premium,8,12.99,6.0,Balanced,Debit,0,No ticket,Web,0
SW-2708,Under 25,Basic,52,7.99,13.9,Music-heavy,PayPal,2,Billing,Web,1
SW-2709,35-49,Free,6,0.0,7.2,Music-heavy,Credit card,2,Account,Web,0
SW-2710,35-49,Premium,13,12.99,18.7,Balanced,Credit card,0,No ticket,Android,0
SW-2711,Under 25,Family,18,18.99,13.0,Podcast-heavy,Debit,1,Playback,Web,0
SW-2712,Under 25,Basic,19,7.99,12.1,Balanced,PayPal,1,Playback,Partner promo,0
SW-2713,35-49,Free,12,0.0,17.5,Balanced,PayPal,0,No ticket,Android,0
SW-2714,25-34,Premium,10,12.99,2.6,Music-heavy,PayPal,1,Account,iOS,0
SW-2715,Under 25,Family,16,18.99,5.2,Balanced,Credit card,0,No ticket,iOS,0
SW-2716,50 plus,Premium,14,12.99,40.0,Podcast-heavy,PayPal,1,Playback,iOS,0
SW-2717,Under 25,Premium,10,12.99,1.7,Music-heavy,PayPal,0,No ticket,Web,0
SW-2718,35-49,Basic,4,7.99,6.3,Podcast-heavy,Credit card,0,No ticket,Web,0
SW-2719,50 plus,Premium,9,12.99,11.7,Low-usage,Credit card,0,No ticket,iOS,0
SW-2720,25-34,Free,5,0.0,1.8,Music-heavy,Credit card,0,No ticket,Partner promo,0
SW-2721,Under 25,Premium,8,12.99,4.4,Music-heavy,Credit card,0,No ticket,Partner promo,0
SW-2722,Under 25,Premium,12,12.99,39.5,Music-heavy,Credit card,1,Playback,Android,0
SW-2723,25-34,Family,15,18.99,9.2,Music-heavy,PayPal,0,No ticket,Android,0
SW-2724,Under 25,Basic,42,7.99,5.1,Podcast-heavy,PayPal,1,Playback,Android,0
SW-2725,35-49,Premium,8,12.99,9.5,Low-usage,PayPal,1,Playback,Partner promo,1
SW-2726,Under 25,Premium,21,12.99,5.0,Low-usage,Credit card,0,No ticket,Partner promo,1
SW-2727,25-34,Premium,15,12.99,31.5,Music-heavy,Credit card,0,No ticket,Android,0
SW-2728,50 plus,Premium,30,12.99,3.6,Podcast-heavy,Debit,0,No ticket,Partner promo,0
SW-2729,35-49,Basic,18,7.99,5.3,Music-heavy,Credit card,2,Billing,Web,1
SW-2730,35-49,Basic,6,7.99,2.4,Low-usage,Credit card,0,No ticket,Web,0
SW-2731,25-34,Premium,4,12.99,6.3,Podcast-heavy,Debit,1,Account,Web,0
SW-2732,35-49,Basic,15,7.99,7.0,Balanced,Credit card,0,No ticket,Web,0
SW-2733,25-34,Family,8,18.99,20.8,Balanced,Credit card,0,No ticket,Web,0
SW-2734,25-34,Premium,6,12.99,3.5,Balanced,Credit card,2,Account,iOS,0
SW-2735,Under 25,Premium,5,12.99,11.8,Balanced,PayPal,0,No ticket,Partner promo,0
SW-2736,50 plus,Premium,13,12.99,8.6,Music-heavy,Credit card,0,No ticket,Android,1
SW-2737,25-34,Premium,34,12.99,1.8,Balanced,Credit card,0,No ticket,Partner promo,0
SW-2738,Under 25,Basic,9,7.99,4.5,Music-heavy,Gift card,0,No ticket,Web,0
SW-2739,25-34,Premium,18,12.99,4.3,Balanced,Credit card,0,No ticket,Web,0
SW-2740,25-34,Basic,11,7.99,30.7,Low-usage,Credit card,0,No ticket,Web,0
SW-2741,35-49,Premium,5,12.99,12.4,Low-usage,Debit,0,No ticket,Partner promo,0
SW-2742,35-49,Basic,20,7.99,9.0,Music-heavy,Credit card,0,No ticket,Web,0
SW-2743,35-49,Premium,6,12.99,0.3,Music-heavy,Credit card,1,Billing,iOS,0
SW-2744,Under 25,Basic,12,7.99,1.7,Music-heavy,PayPal,1,Playback,Web,0
SW-2745,25-34,Basic,9,7.99,14.3,Music-heavy,Credit card,0,No ticket,Web,0
SW-2746,25-34,Family,22,18.99,15.0,Music-heavy,Debit,0,No ticket,Web,0
SW-2747,Under 25,Basic,6,7.99,4.4,Podcast-heavy,Credit card,1,Billing,Android,0
SW-2748,25-34,Premium,16,12.99,8.2,Low-usage,Credit card,0,No ticket,Web,0
SW-2749,35-49,Family,7,18.99,7.7,Podcast-heavy,Credit card,0,No ticket,Web,0
SW-2750,Under 25,Free,8,0.0,9.2,Balanced,Credit card,3,Playback,iOS,0
SW-2751,25-34,Premium,1,12.99,5.9,Podcast-heavy,Credit card,1,Billing,Android,0
SW-2752,Under 25,Basic,52,7.99,15.4,Balanced,Credit card,2,Billing,iOS,1
SW-2753,Under 25,Free,18,0.0,19.4,Low-usage,Credit card,2,Content,Partner promo,0
SW-2754,25-34,Basic,7,7.99,3.7,Podcast-heavy,Debit,1,Billing,iOS,0
SW-2755,50 plus,Family,5,18.99,3.1,Music-heavy,Credit card,1,Billing,Web,0
SW-2756,35-49,Free,8,0.0,4.2,Podcast-heavy,Credit card,0,No ticket,iOS,0
SW-2757,50 plus,Premium,20,12.99,8.3,Low-usage,Debit,0,No ticket,iOS,0
SW-2758,25-34,Premium,3,12.99,10.6,Podcast-heavy,Credit card,2,Billing,Android,1
SW-2759,Under 25,Family,11,18.99,15.0,Podcast-heavy,PayPal,0,No ticket,Partner promo,0
SW-2760,25-34,Free,41,0.0,17.4,Music-heavy,Debit,1,Playback,Android,0
SW-2761,25-34,Premium,5,12.99,10.7,Music-heavy,Gift card,3,Account,iOS,0
SW-2762,50 plus,Premium,13,12.99,9.6,Balanced,Credit card,1,Playback,Web,0
SW-2763,Under 25,Premium,56,12.99,29.9,Music-heavy,PayPal,0,No ticket,Partner promo,0
SW-2764,25-34,Family,19,18.99,8.0,Music-heavy,Debit,0,No ticket,iOS,1
SW-2765,Under 25,Premium,13,12.99,12.8,Podcast-heavy,Debit,2,Account,Android,1
SW-2766,25-34,Free,17,0.0,10.3,Low-usage,PayPal,0,No ticket,Partner promo,0
SW-2767,35-49,Premium,9,12.99,7.0,Music-heavy,Debit,0,No ticket,iOS,0
SW-2768,25-34,Basic,30,7.99,7.0,Balanced,PayPal,1,Playback,iOS,0
SW-2769,25-34,Basic,9,7.99,23.0,Music-heavy,Credit card,0,No ticket,Android,0
SW-2770,25-34,Basic,3,7.99,7.4,Balanced,Debit,0,No ticket,Web,0
SW-2771,25-34,Basic,9,7.99,6.0,Low-usage,Credit card,0,No ticket,iOS,0
SW-2772,35-49,Basic,6,7.99,4.4,Music-heavy,Credit card,0,No ticket,iOS,0
SW-2773,50 plus,Family,10,18.99,11.2,Music-heavy,Debit,0,No ticket,Web,0
SW-2774,50 plus,Free,10,0.0,5.3,Music-heavy,Gift card,1,Billing,Android,0
SW-2775,35-49,Family,28,18.99,10.4,Balanced,PayPal,1,Playback,iOS,0
SW-2776,25-34,Premium,20,12.99,9.2,Music-heavy,Debit,1,Playback,Android,0
SW-2777,35-49,Premium,14,12.99,5.7,Music-heavy,Debit,0,No ticket,Android,0
SW-2778,25-34,Premium,12,12.99,2.6,Music-heavy,Credit card,0,No ticket,Web,0
SW-2779,25-34,Basic,6,7.99,3.5,Music-heavy,Credit card,0,No ticket,Android,0
SW-2780,50 plus,Basic,3,7.99,4.0,Music-heavy,Credit card,0,No ticket,iOS,0
SW-2781,Under 25,Basic,13,7.99,3.6,Balanced,Credit card,0,No ticket,Android,0
SW-2782,50 plus,Basic,21,7.99,11.5,Balanced,Debit,0,No ticket,Android,0
SW-2783,25-34,Family,11,18.99,40.0,Podcast-heavy,PayPal,0,No ticket,Web,0
SW-2784,35-49,Premium,8,12.99,5.3,Balanced,Credit card,2,Billing,Android,1
SW-2785,35-49,Free,17,0.0,5.9,Balanced,Credit card,0,No ticket,iOS,0
SW-2786,50 plus,Free,11,0.0,5.0,Balanced,Credit card,0,No ticket,Android,0
SW-2787,35-49,Basic,39,7.99,15.9,Podcast-heavy,Credit card,0,No ticket,Android,0
SW-2788,35-49,Free,28,0.0,11.3,Podcast-heavy,Credit card,0,No ticket,Android,0
SW-2789,Under 25,Premium,23,12.99,7.9,Balanced,Credit card,0,No ticket,Web,0
SW-2790,25-34,Free,20,0.0,3.0,Balanced,Credit card,3,Account,Android,0
SW-2791,Under 25,Premium,5,12.99,3.7,Music-heavy,PayPal,3,Billing,Android,0
SW-2792,35-49,Free,19,0.0,9.2,Music-heavy,Credit card,1,Playback,iOS,0
SW-2793,25-34,Basic,16,7.99,9.6,Music-heavy,PayPal,0,No ticket,iOS,0
SW-2794,35-49,Premium,18,12.99,7.9,Podcast-heavy,Debit,0,No ticket,iOS,0
SW-2795,Under 25,Premium,17,12.99,13.6,Music-heavy,Credit card,4,Content,Web,0
SW-2796,Under 25,Family,16,18.99,3.0,Podcast-heavy,PayPal,1,Account,Web,0
SW-2797,35-49,Family,60,18.99,10.2,Podcast-heavy,Debit,0,No ticket,Web,0
SW-2798,Under 25,Basic,11,7.99,9.8,Balanced,Credit card,3,Playback,Android,0
SW-2799,Under 25,Free,23,0.0,3.7,Music-heavy,Credit card,0,No ticket,Android,0
SW-2800,Under 25,Premium,9,12.99,4.9,Podcast-heavy,PayPal,0,No ticket,Android,0
SW-2801,50 plus,Family,21,18.99,13.9,Podcast-heavy,Credit card,1,Billing,Android,0
SW-2802,35-49,Premium,23,12.99,3.2,Podcast-heavy,Credit card,0,No ticket,Web,0
SW-2803,25-34,Free,15,0.0,40.0,Podcast-heavy,Credit card,0,No ticket,iOS,0
SW-2804,25-34,Family,39,18.99,12.5,Balanced,Credit card,0,No ticket,Partner promo,0
SW-2805,25-34,Basic,6,7.99,7.6,Music-heavy,PayPal,0,No ticket,Android,0
SW-2806,35-49,Premium,9,12.99,6.5,Balanced,PayPal,0,No ticket,Web,0
SW-2807,35-49,Family,14,18.99,15.0,Low-usage,Debit,2,Billing,iOS,0
SW-2808,Under 25,Basic,22,7.99,5.8,Balanced,Credit card,1,Account,Web,0
SW-2809,Under 25,Family,14,18.99,5.9,Balanced,PayPal,1,Billing,Web,0
SW-2810,Under 25,Basic,30,7.99,25.6,Balanced,Debit,1,Billing,iOS,0
SW-2811,35-49,Family,8,18.99,5.5,Podcast-heavy,PayPal,0,No ticket,Partner promo,0
SW-2812,35-49,Basic,5,7.99,8.9,Low-usage,Credit card,1,Account,Android,0
SW-2813,25-34,Family,15,18.99,4.4,Music-heavy,Credit card,1,Playback,iOS,0
SW-2814,Under 25,Free,11,0.0,9.8,Music-heavy,PayPal,1,Billing,iOS,1
SW-2815,Under 25,Premium,18,12.99,12.7,Music-heavy,Credit card,2,Billing,Android,0
SW-2816,50 plus,Premium,12,12.99,30.7,Balanced,Debit,1,Playback,Web,0
SW-2817,25-34,Premium,9,12.99,3.8,Music-heavy,Debit,1,Account,Android,0
SW-2818,35-49,Basic,11,7.99,2.5,Low-usage,Credit card,0,No ticket,Web,0
SW-2819,35-49,Premium,12,12.99,6.5,Podcast-heavy,PayPal,0,No ticket,iOS,0
SW-2820,25-34,Basic,10,7.99,4.9,Balanced,Credit card,1,Billing,Web,0
SW-2821,Under 25,Premium,10,12.99,7.9,Music-heavy,Debit,1,Playback,Android,0
SW-2822,Under 25,Basic,9,7.99,12.1,Music-heavy,Gift card,0,No ticket,Web,0
SW-2823,35-49,Premium,22,12.99,40.0,Low-usage,Gift card,0,No ticket,Partner promo,0
SW-2824,35-49,Free,14,0.0,5.6,Music-heavy,PayPal,0,No ticket,iOS,0
SW-2825,35-49,Basic,58,7.99,1.4,Podcast-heavy,Credit card,1,Billing,Android,0
SW-2826,25-34,Basic,13,7.99,6.6,Low-usage,Debit,1,Billing,Android,0
SW-2827,Under 25,Basic,8,7.99,10.6,Podcast-heavy,Debit,1,Billing,Web,0
SW-2828,50 plus,Basic,60,7.99,3.7,Balanced,Credit card,0,No ticket,Web,0
SW-2829,35-49,Premium,16,12.99,9.6,Podcast-heavy,Credit card,0,No ticket,Android,0
SW-2830,25-34,Family,24,18.99,8.9,Music-heavy,Debit,0,No ticket,Android,0
SW-2831,50 plus,Premium,18,12.99,9.8,Podcast-heavy,Credit card,0,No ticket,Android,0
SW-2832,35-49,Premium,19,12.99,15.1,Music-heavy,PayPal,0,No ticket,Android,0
SW-2833,35-49,Free,17,0.0,7.5,Low-usage,Credit card,0,No ticket,Android,0
SW-2834,35-49,Premium,6,12.99,12.4,Low-usage,Credit card,0,No ticket,Partner promo,1
SW-2835,35-49,Basic,16,7.99,1.9,Music-heavy,Credit card,2,Billing,Android,0
SW-2836,35-49,Premium,5,12.99,3.7,Balanced,PayPal,0,No ticket,Android,0
SW-2837,Under 25,Basic,11,7.99,6.1,Music-heavy,PayPal,0,No ticket,Web,0
SW-2838,25-34,Basic,7,7.99,3.6,Balanced,Credit card,0,No ticket,iOS,0
SW-2839,50 plus,Basic,15,7.99,8.0,Balanced,PayPal,1,Billing,Android,0
SW-2840,25-34,Family,15,18.99,6.1,Balanced,Debit,1,Content,iOS,0
SW-2841,25-34,Free,17,0.0,5.6,Music-heavy,Debit,1,Playback,Android,0
SW-2842,25-34,Premium,15,12.99,16.2,Music-heavy,PayPal,0,No ticket,Web,0
SW-2843,25-34,Free,8,0.0,8.6,Podcast-heavy,Credit card,0,No ticket,Web,0
SW-2844,35-49,Premium,10,12.99,3.4,Low-usage,Credit card,0,No ticket,Web,0
SW-2845,50 plus,Family,23,18.99,4.9,Low-usage,Credit card,0,No ticket,Partner promo,0
SW-2846,25-34,Premium,25,12.99,14.6,Low-usage,Credit card,1,Playback,Partner promo,1
SW-2847,Under 25,Premium,5,12.99,9.4,Balanced,Credit card,0,No ticket,Web,0
SW-2848,Under 25,Family,4,18.99,20.8,Low-usage,Credit card,0,No ticket,Web,0
SW-2849,50 plus,Premium,7,12.99,15.7,Music-heavy,Debit,0,No ticket,Web,0
SW-2850,35-49,Premium,25,12.99,5.9,Balanced,Credit card,0,No ticket,Web,0
SW-2851,25-34,Premium,28,12.99,25.2,Music-heavy,Debit,0,No ticket,iOS,0
SW-2852,35-49,Premium,6,12.99,26.9,Music-heavy,Debit,0,No ticket,Web,0
SW-2853,50 plus,Free,15,0.0,1.9,Music-heavy,PayPal,0,No ticket,Android,0
SW-2854,50 plus,Premium,43,12.99,8.2,Podcast-heavy,Debit,2,Content,Android,0
SW-2855,50 plus,Basic,16,7.99,5.2,Balanced,Gift card,1,Playback,Web,0
SW-2856,25-34,Free,32,0.0,6.5,Podcast-heavy,Credit card,0,No ticket,Android,0
SW-2857,35-49,Premium,24,12.99,4.2,Music-heavy,Debit,1,Billing,iOS,0
SW-2858,25-34,Basic,6,7.99,3.8,Music-heavy,Credit card,1,Billing,Web,0
SW-2859,50 plus,Free,11,0.0,16.5,Podcast-heavy,Debit,1,Playback,Android,0
SW-2860,35-49,Premium,12,12.99,3.1,Podcast-heavy,Credit card,1,Account,Web,0
SW-2861,35-49,Family,13,18.99,8.6,Podcast-heavy,Debit,0,No ticket,Web,0
SW-2862,35-49,Premium,23,12.99,2.7,Low-usage,Credit card,3,Billing,Partner promo,0
SW-2863,Under 25,Family,16,18.99,22.1,Balanced,Credit card,2,Billing,Partner promo,0
SW-2864,25-34,Family,2,18.99,8.2,Low-usage,Debit,0,No ticket,Android,0
SW-2865,50 plus,Free,5,0.0,14.5,Podcast-heavy,PayPal,0,No ticket,iOS,0
SW-2866,50 plus,Basic,3,7.99,9.4,Balanced,Credit card,0,No ticket,Android,0
SW-2867,Under 25,Premium,14,12.99,6.5,Low-usage,PayPal,1,Playback,Web,0
SW-2868,Under 25,Basic,14,7.99,8.4,Balanced,Credit card,0,No ticket,Partner promo,0
SW-2869,Under 25,Premium,15,12.99,26.7,Balanced,Debit,0,No ticket,Android,0
SW-2870,35-49,Premium,6,12.99,3.9,Balanced,Gift card,1,Billing,iOS,0
SW-2871,35-49,Basic,19,7.99,1.0,Music-heavy,Credit card,0,No ticket,Android,0
SW-2872,Under 25,Family,20,18.99,4.3,Podcast-heavy,Credit card,1,Account,Android,0
SW-2873,25-34,Premium,5,12.99,3.0,Balanced,Credit card,0,No ticket,Partner promo,0
SW-2874,50 plus,Basic,4,7.99,17.4,Music-heavy,Credit card,2,Billing,Android,1
SW-2875,35-49,Family,12,18.99,7.0,Low-usage,PayPal,1,Playback,Web,0
SW-2876,25-34,Premium,42,12.99,15.5,Balanced,Debit,0,No ticket,Web,0
SW-2877,35-49,Basic,39,7.99,8.2,Podcast-heavy,Gift card,1,Billing,Web,0
SW-2878,25-34,Premium,18,12.99,8.1,Balanced,Credit card,1,Content,Web,0
SW-2879,25-34,Premium,7,12.99,9.1,Podcast-heavy,Credit card,0,No ticket,iOS,0
SW-2880,35-49,Premium,22,12.99,26.1,Balanced,Credit card,0,No ticket,Web,0
SW-2881,35-49,Premium,9,12.99,9.3,Podcast-heavy,PayPal,1,Playback,iOS,0
SW-2882,50 plus,Premium,7,12.99,19.4,Low-usage,Credit card,0,No ticket,Partner promo,1
SW-2883,35-49,Basic,3,7.99,18.5,Podcast-heavy,Gift card,1,Account,Android,0
SW-2884,35-49,Family,13,18.99,7.0,Balanced,Credit card,1,Playback,Web,0
SW-2885,Under 25,Family,8,18.99,7.5,Low-usage,Debit,0,No ticket,Web,0
SW-2886,25-34,Basic,13,7.99,5.9,Music-heavy,Credit card,0,No ticket,Web,0
SW-2887,Under 25,Free,2,0.0,22.3,Balanced,PayPal,0,No ticket,Android,0
SW-2888,25-34,Family,14,18.99,3.8,Music-heavy,Debit,1,Billing,iOS,0
SW-2889,35-49,Family,2,18.99,4.5,Balanced,Debit,0,No ticket,Partner promo,0
SW-2890,50 plus,Family,26,18.99,6.4,Podcast-heavy,Debit,1,Billing,Partner promo,0
SW-2891,Under 25,Family,17,18.99,3.2,Low-usage,Credit card,1,Content,Partner promo,0
SW-2892,25-34,Premium,10,12.99,5.0,Balanced,Credit card,0,No ticket,Web,0
SW-2893,35-49,Premium,18,12.99,19.9,Music-heavy,PayPal,0,No ticket,iOS,0
SW-2894,Under 25,Premium,6,12.99,13.5,Music-heavy,Credit card,0,No ticket,Partner promo,0
SW-2895,25-34,Free,13,0.0,5.7,Balanced,PayPal,3,Playback,Web,0
SW-2896,35-49,Premium,21,12.99,15.2,Podcast-heavy,Debit,1,Billing,iOS,0
SW-2897,35-49,Premium,1,12.99,40.0,Music-heavy,Credit card,1,Billing,iOS,0
SW-2898,Under 25,Premium,9,12.99,10.3,Music-heavy,Debit,0,No ticket,iOS,0
SW-2899,25-34,Premium,12,12.99,24.9,Podcast-heavy,Debit,0,No ticket,Partner promo,0
SW-2900,35-49,Premium,10,12.99,15.8,Music-heavy,Debit,1,Billing,Android,0
SW-2901,25-34,Basic,33,7.99,6.3,Balanced,PayPal,1,Billing,Android,0
SW-2902,Under 25,Basic,5,7.99,9.4,Balanced,Credit card,0,No ticket,Android,0
SW-2903,35-49,Basic,8,7.99,12.2,Balanced,PayPal,1,Content,iOS,0
SW-2904,Under 25,Basic,3,7.99,4.4,Music-heavy,Credit card,0,No ticket,Android,0
SW-2905,35-49,Family,35,18.99,1.0,Music-heavy,PayPal,0,No ticket,Partner promo,0
SW-2906,Under 25,Basic,10,7.99,4.1,Podcast-heavy,Credit card,1,Playback,Partner promo,0
SW-2907,50 plus,Basic,9,7.99,1.4,Low-usage,Credit card,1,Account,Android,0
SW-2908,25-34,Premium,12,12.99,4.4,Music-heavy,Debit,1,Playback,iOS,0
SW-2909,25-34,Premium,19,12.99,2.0,Music-heavy,Credit card,0,No ticket,Web,0
SW-2910,Under 25,Basic,15,7.99,16.2,Music-heavy,Gift card,2,Playback,Web,0
SW-2911,25-34,Premium,60,12.99,3.1,Balanced,Credit card,0,No ticket,Web,0
SW-2912,50 plus,Premium,16,12.99,12.4,Balanced,Credit card,0,No ticket,iOS,0
SW-2913,50 plus,Basic,9,7.99,14.8,Music-heavy,Credit card,0,No ticket,Web,0
SW-2914,25-34,Basic,8,7.99,14.0,Podcast-heavy,Credit card,1,Billing,Web,0
SW-2915,25-34,Family,9,18.99,1.8,Balanced,Debit,1,Playback,Web,0
SW-2916,35-49,Premium,4,12.99,19.6,Podcast-heavy,Credit card,0,No ticket,iOS,0
SW-2917,50 plus,Premium,12,12.99,11.2,Balanced,Credit card,0,No ticket,Web,0
SW-2918,35-49,Free,21,0.0,15.2,Balanced,Credit card,0,No ticket,Android,0
SW-2919,25-34,Basic,8,7.99,34.6,Balanced,Credit card,1,Playback,iOS,0
SW-2920,25-34,Premium,7,12.99,15.1,Balanced,Credit card,1,Billing,Android,0
SW-2921,35-49,Basic,35,7.99,3.1,Balanced,Debit,0,No ticket,Partner promo,0
SW-2922,Under 25,Basic,4,7.99,13.5,Low-usage,PayPal,0,No ticket,Web,0
SW-2923,35-49,Premium,3,12.99,2.4,Podcast-heavy,PayPal,0,No ticket,Partner promo,0
SW-2924,25-34,Basic,5,7.99,7.6,Music-heavy,Gift card,1,Billing,Android,0
SW-2925,35-49,Premium,4,12.99,5.3,Balanced,PayPal,1,Playback,Web,0
SW-2926,Under 25,Premium,16,12.99,8.1,Music-heavy,Credit card,0,No ticket,iOS,0
SW-2927,35-49,Basic,9,7.99,2.4,Low-usage,Credit card,2,Billing,Partner promo,0
SW-2928,25-34,Premium,10,12.99,2.6,Music-heavy,PayPal,0,No ticket,Android,0
SW-2929,35-49,Free,27,0.0,5.6,Low-usage,Debit,3,Billing,Web,1
SW-2930,Under 25,Premium,7,12.99,6.7,Podcast-heavy,Credit card,1,Playback,Partner promo,0
SW-2931,35-49,Basic,21,7.99,5.7,Balanced,Debit,1,Playback,Android,0
SW-2932,35-49,Free,35,0.0,25.5,Podcast-heavy,Gift card,0,No ticket,Android,0
SW-2933,35-49,Premium,9,12.99,11.2,Low-usage,PayPal,1,Playback,Partner promo,1
SW-2934,35-49,Premium,20,12.99,11.0,Low-usage,Credit card,1,Content,Partner promo,1
SW-2935,35-49,Family,10,18.99,5.9,Music-heavy,Gift card,0,No ticket,Web,0
SW-2936,35-49,Basic,23,7.99,2.6,Music-heavy,Gift card,0,No ticket,Android,0
SW-2937,25-34,Basic,4,7.99,8.0,Low-usage,Credit card,0,No ticket,Android,0
SW-2938,35-49,Premium,4,12.99,34.0,Podcast-heavy,PayPal,0,No ticket,Web,0
SW-2939,25-34,Premium,9,12.99,9.6,Low-usage,PayPal,1,Billing,Partner promo,0
SW-2940,Under 25,Basic,6,7.99,19.5,Balanced,Credit card,2,Content,Web,0
SW-2941,Under 25,Premium,8,12.99,21.6,Balanced,Debit,0,No ticket,Web,0
SW-2942,25-34,Premium,10,12.99,12.5,Balanced,Credit card,0,No ticket,Web,0
SW-2943,35-49,Family,20,18.99,9.5,Podcast-heavy,Debit,0,No ticket,Android,0
SW-2944,35-49,Family,9,18.99,3.6,Balanced,PayPal,0,No ticket,Android,0
SW-2945,35-49,Basic,7,7.99,6.8,Balanced,Credit card,1,Playback,Web,0
SW-2946,25-34,Premium,9,12.99,6.0,Music-heavy,Credit card,0,No ticket,Android,0
SW-2947,25-34,Basic,7,7.99,10.4,Music-heavy,PayPal,0,No ticket,Android,0
SW-2948,Under 25,Premium,6,12.99,2.6,Music-heavy,Gift card,0,No ticket,Web,0
SW-2949,25-34,Premium,4,12.99,5.2,Music-heavy,Credit card,1,Playback,Web,0
SW-2950,25-34,Family,13,18.99,11.1,Podcast-heavy,PayPal,1,Playback,Web,0
SW-2951,Under 25,Premium,8,12.99,4.6,Balanced,Credit card,0,No ticket,Android,0
SW-2952,25-34,Family,24,18.99,3.8,Low-usage,Credit card,0,No ticket,iOS,0
SW-2953,35-49,Premium,4,12.99,4.2,Music-heavy,PayPal,0,No ticket,Web,0
SW-2954,35-49,Family,8,18.99,6.4,Balanced,PayPal,1,Playback,Web,0
SW-2955,50 plus,Premium,43,12.99,1.2,Podcast-heavy,Debit,2,Playback,Partner promo,0
SW-2956,50 plus,Basic,6,7.99,4.4,Music-heavy,Credit card,0,No ticket,Android,0
SW-2957,35-49,Basic,10,7.99,17.1,Balanced,Credit card,0,No ticket,iOS,0
SW-2958,25-34,Basic,5,7.99,10.4,Low-usage,PayPal,0,No ticket,Partner promo,0
SW-2959,35-49,Free,5,0.0,11.2,Music-heavy,Credit card,1,Billing,Web,0
SW-2960,35-49,Premium,35,12.99,1.9,Podcast-heavy,Credit card,0,No ticket,Android,0
SW-2961,Under 25,Premium,14,12.99,5.7,Music-heavy,PayPal,1,Account,iOS,0
SW-2962,25-34,Premium,13,12.99,7.3,Music-heavy,Debit,1,Playback,iOS,1
SW-2963,35-49,Family,4,18.99,11.6,Balanced,Credit card,2,Billing,Android,1
SW-2964,25-34,Family,15,18.99,19.5,Balanced,Credit card,0,No ticket,Android,0
SW-2965,35-49,Basic,27,7.99,17.2,Balanced,PayPal,0,No ticket,Web,0
SW-2966,35-49,Basic,27,7.99,5.0,Podcast-heavy,Gift card,0,No ticket,Web,0
SW-2967,Under 25,Basic,19,7.99,5.1,Low-usage,Credit card,0,No ticket,iOS,0
SW-2968,25-34,Basic,5,7.99,24.8,Music-heavy,Debit,0,No ticket,Android,0
SW-2969,25-34,Premium,15,12.99,6.0,Balanced,Credit card,0,No ticket,Web,0
SW-2970,Under 25,Premium,19,12.99,3.4,Podcast-heavy,PayPal,1,Playback,Android,0
SW-2971,Under 25,Premium,3,12.99,6.8,Low-usage,Credit card,0,No ticket,Partner promo,0
SW-2972,35-49,Family,5,18.99,23.5,Balanced,Debit,0,No ticket,Web,0
SW-2973,25-34,Premium,22,12.99,3.9,Low-usage,Credit card,0,No ticket,Android,1
SW-2974,25-34,Free,22,0.0,5.7,Music-heavy,Credit card,1,Playback,Web,0
SW-2975,25-34,Premium,4,12.99,4.0,Balanced,PayPal,0,No ticket,Android,0
SW-2976,50 plus,Basic,21,7.99,17.2,Balanced,Credit card,0,No ticket,Android,0
SW-2977,25-34,Basic,13,7.99,10.1,Balanced,PayPal,0,No ticket,iOS,0
SW-2978,25-34,Free,21,0.0,16.8,Podcast-heavy,Credit card,0,No ticket,Web,0
SW-2979,50 plus,Premium,8,12.99,28.0,Music-heavy,Credit card,0,No ticket,Partner promo,0
SW-2980,50 plus,Basic,19,7.99,2.4,Music-heavy,Credit card,1,Billing,Web,0
SW-2981,Under 25,Basic,22,7.99,4.4,Music-heavy,Credit card,0,No ticket,iOS,0
SW-2982,35-49,Premium,9,12.99,5.7,Balanced,Credit card,1,Playback,iOS,0
SW-2983,25-34,Premium,12,12.99,8.5,Balanced,PayPal,3,Content,iOS,0
SW-2984,25-34,Basic,8,7.99,12.0,Music-heavy,Debit,0,No ticket,iOS,0
SW-2985,Under 25,Free,38,0.0,5.4,Low-usage,PayPal,0,No ticket,iOS,0
SW-2986,Under 25,Premium,11,12.99,4.6,Music-heavy,Credit card,0,No ticket,Web,0
SW-2987,35-49,Free,6,0.0,17.2,Podcast-heavy,Credit card,0,No ticket,Android,0
SW-2988,25-34,Family,7,18.99,12.4,Music-heavy,Credit card,0,No ticket,Web,0
SW-2989,25-34,Premium,13,12.99,10.3,Balanced,PayPal,1,Account,Web,0
SW-2990,35-49,Basic,20,7.99,1.4,Balanced,Credit card,1,Account,iOS,1
SW-2991,35-49,Basic,5,7.99,21.0,Music-heavy,Credit card,2,Billing,iOS,1
SW-2992,Under 25,Free,44,0.0,9.3,Balanced,Credit card,1,Content,Web,0
SW-2993,35-49,Basic,15,7.99,7.0,Music-heavy,Credit card,2,Billing,iOS,1
SW-2994,Under 25,Free,17,0.0,4.2,Podcast-heavy,Credit card,0,No ticket,iOS,0
SW-2995,35-49,Premium,11,12.99,4.8,Music-heavy,Credit card,2,Playback,iOS,0
SW-2996,35-49,Basic,12,7.99,3.9,Music-heavy,Credit card,0,No ticket,Android,0
SW-2997,50 plus,Premium,11,12.99,1.6,Balanced,Credit card,1,Billing,Partner promo,0
SW-2998,Under 25,Premium,24,12.99,4.2,Balanced,PayPal,0,No ticket,iOS,0
SW-2999,Under 25,Basic,12,7.99,2.2,Music-heavy,PayPal,0,No ticket,Android,0
SW-3000,25-34,Free,21,0.0,7.6,Music-heavy,Debit,1,Billing,Web,0
SW-3001,25-34,Free,9,0.0,3.2,Music-heavy,Credit card,0,No ticket,Android,0
SW-3002,25-34,Free,14,0.0,14.3,Music-heavy,Credit card,1,Billing,Android,0
SW-3003,50 plus,Premium,7,12.99,2.1,Podcast-heavy,PayPal,1,Playback,Android,0
SW-3004,25-34,Basic,28,7.99,20.8,Music-heavy,Credit card,0,No ticket,Partner promo,0
SW-3005,25-34,Premium,7,12.99,15.6,Balanced,Credit card,0,No ticket,Web,0
SW-3006,35-49,Basic,10,7.99,3.4,Podcast-heavy,PayPal,1,Playback,iOS,0
SW-3007,25-34,Basic,10,7.99,7.4,Music-heavy,Gift card,0,No ticket,Web,0
SW-3008,35-49,Premium,9,12.99,4.0,Low-usage,PayPal,0,No ticket,Android,0
SW-3009,Under 25,Premium,20,12.99,12.7,Music-heavy,Gift card,0,No ticket,Android,0
SW-3010,25-34,Basic,10,7.99,33.8,Podcast-heavy,PayPal,1,Playback,iOS,0
SW-3011,Under 25,Free,32,0.0,20.6,Podcast-heavy,Debit,0,No ticket,iOS,0
SW-3012,Under 25,Premium,7,12.99,4.6,Music-heavy,Credit card,1,Playback,Android,0
SW-3013,50 plus,Basic,14,7.99,8.8,Music-heavy,Gift card,1,Billing,Web,0
SW-3014,Under 25,Basic,7,7.99,27.0,Music-heavy,PayPal,1,Billing,Web,0
SW-3015,25-34,Premium,16,12.99,12.2,Balanced,Credit card,0,No ticket,iOS,0
SW-3016,25-34,Premium,12,12.99,17.9,Balanced,Credit card,1,Account,iOS,0
SW-3017,25-34,Premium,11,12.99,13.5,Balanced,Credit card,1,Account,iOS,0
SW-3018,50 plus,Premium,28,12.99,8.5,Podcast-heavy,Gift card,1,Billing,Web,1
SW-3019,Under 25,Premium,8,12.99,7.6,Podcast-heavy,Debit,0,No ticket,iOS,0
SW-3020,35-49,Premium,18,12.99,3.0,Music-heavy,Credit card,1,Playback,Partner promo,0
SW-3021,50 plus,Premium,7,12.99,4.3,Music-heavy,Credit card,1,Billing,Web,0
SW-3022,35-49,Premium,13,12.99,3.9,Music-heavy,Gift card,1,Billing,Android,0
SW-3023,50 plus,Family,5,18.99,6.0,Podcast-heavy,Debit,1,Content,Android,0
SW-3024,Under 25,Basic,8,7.99,8.7,Music-heavy,Credit card,0,No ticket,Partner promo,0
SW-3025,25-34,Basic,11,7.99,7.3,Music-heavy,Credit card,2,Billing,Android,1
SW-3026,25-34,Premium,43,12.99,9.5,Music-heavy,Credit card,0,No ticket,Android,0
SW-3027,35-49,Premium,13,12.99,13.6,Music-heavy,Credit card,0,No ticket,Android,1
SW-3028,50 plus,Free,38,0.0,5.7,Podcast-heavy,Debit,1,Playback,Web,0
SW-3029,25-34,Family,14,18.99,14.4,Music-heavy,Credit card,2,Billing,Android,1
SW-3030,35-49,Free,9,0.0,19.9,Music-heavy,Credit card,2,Playback,iOS,0
SW-3031,Under 25,Premium,35,12.99,11.2,Music-heavy,Debit,0,No ticket,iOS,0
SW-3032,35-49,Premium,16,12.99,5.2,Music-heavy,Credit card,0,No ticket,Web,0
SW-3033,25-34,Family,8,18.99,17.1,Music-heavy,PayPal,0,No ticket,Web,0
SW-3034,50 plus,Free,17,0.0,11.8,Music-heavy,Credit card,0,No ticket,Web,0
SW-3035,35-49,Premium,10,12.99,13.1,Balanced,Credit card,1,Playback,Android,0
SW-3036,25-34,Basic,3,7.99,27.3,Podcast-heavy,Credit card,3,Billing,Partner promo,1
SW-3037,Under 25,Basic,23,7.99,14.1,Music-heavy,Credit card,0,No ticket,Web,0
SW-3038,Under 25,Free,26,0.0,28.2,Music-heavy,Credit card,0,No ticket,Web,0
SW-3039,25-34,Premium,43,12.99,7.1,Music-heavy,Credit card,0,No ticket,Partner promo,0
SW-3040,25-34,Premium,16,12.99,5.7,Music-heavy,Debit,1,Content,Android,0
SW-3041,50 plus,Free,10,0.0,20.1,Low-usage,Credit card,0,No ticket,Partner promo,0
SW-3042,35-49,Premium,22,12.99,3.6,Balanced,Credit card,2,Billing,Web,1
SW-3043,25-34,Premium,22,12.99,36.2,Music-heavy,PayPal,0,No ticket,Android,0
SW-3044,Under 25,Premium,38,12.99,22.7,Balanced,Credit card,0,No ticket,Android,0
SW-3045,50 plus,Family,12,18.99,8.6,Music-heavy,PayPal,0,No ticket,Web,0
SW-3046,35-49,Basic,11,7.99,20.9,Music-heavy,Credit card,1,Billing,Web,0
SW-3047,Under 25,Family,7,18.99,13.6,Balanced,Credit card,0,No ticket,Web,0
SW-3048,35-49,Family,17,18.99,2.9,Music-heavy,Credit card,0,No ticket,Web,0
SW-3049,25-34,Basic,4,7.99,4.2,Podcast-heavy,Credit card,0,No ticket,Partner promo,0
SW-3050,Under 25,Basic,21,7.99,10.1,Balanced,PayPal,1,Content,iOS,0
SW-3051,25-34,Basic,18,7.99,9.1,Podcast-heavy,Credit card,1,Playback,Android,0
SW-3052,25-34,Basic,18,7.99,22.8,Low-usage,Debit,0,No ticket,Android,0
SW-3053,Under 25,Premium,13,12.99,10.2,Balanced,Debit,0,No ticket,iOS,0
SW-3054,50 plus,Premium,35,12.99,2.9,Balanced,Credit card,1,Account,Android,0
SW-3055,50 plus,Premium,22,12.99,5.2,Music-heavy,Debit,1,Billing,Web,0
SW-3056,35-49,Premium,8,12.99,14.5,Music-heavy,Credit card,0,No ticket,iOS,0
SW-3057,25-34,Free,8,0.0,1.9,Balanced,Debit,0,No ticket,Partner promo,0
SW-3058,25-34,Family,6,18.99,2.6,Low-usage,PayPal,2,Billing,Web,1
SW-3059,35-49,Basic,18,7.99,5.9,Podcast-heavy,Credit card,0,No ticket,iOS,0
SW-3060,25-34,Family,6,18.99,16.8,Low-usage,Credit card,1,Billing,Android,0
SW-3061,Under 25,Free,26,0.0,6.7,Music-heavy,Credit card,1,Billing,Android,0
SW-3062,25-34,Family,30,18.99,11.6,Music-heavy,Credit card,2,Billing,Android,1
SW-3063,35-49,Free,6,0.0,8.0,Music-heavy,Credit card,0,No ticket,Android,0
SW-3064,25-34,Basic,11,7.99,7.1,Podcast-heavy,Gift card,0,No ticket,Web,0
SW-3065,Under 25,Free,12,0.0,4.7,Balanced,Credit card,0,No ticket,Android,0
SW-3066,35-49,Premium,22,12.99,15.7,Music-heavy,Credit card,0,No ticket,Partner promo,0
SW-3067,Under 25,Family,37,18.99,2.9,Low-usage,Credit card,0,No ticket,Web,0
SW-3068,25-34,Basic,4,7.99,6.6,Podcast-heavy,Credit card,2,Billing,iOS,1
SW-3069,Under 25,Family,10,18.99,20.0,Podcast-heavy,Credit card,1,Content,iOS,0
SW-3070,25-34,Premium,10,12.99,4.3,Balanced,Credit card,0,No ticket,Web,0
SW-3071,35-49,Premium,5,12.99,2.3,Music-heavy,Credit card,0,No ticket,iOS,0
SW-3072,25-34,Premium,9,12.99,1.5,Balanced,Credit card,0,No ticket,Android,0
SW-3073,Under 25,Basic,16,7.99,13.6,Music-heavy,Debit,1,Billing,Partner promo,0
SW-3074,50 plus,Basic,10,7.99,14.4,Music-heavy,PayPal,1,Content,Android,0
SW-3075,50 plus,Family,4,18.99,6.1,Podcast-heavy,Credit card,2,Playback,Android,0
SW-3076,50 plus,Family,60,18.99,2.9,Low-usage,PayPal,0,No ticket,Web,0
SW-3077,25-34,Family,14,18.99,7.1,Podcast-heavy,Credit card,1,Playback,Web,0
SW-3078,25-34,Family,13,18.99,20.5,Balanced,PayPal,1,Playback,Partner promo,0
SW-3079,50 plus,Free,6,0.0,2.9,Balanced,Credit card,1,Account,Partner promo,0
SW-3080,35-49,Premium,14,12.99,18.7,Music-heavy,PayPal,0,No ticket,Web,0
SW-3081,Under 25,Basic,11,7.99,2.1,Balanced,PayPal,0,No ticket,Android,0
SW-3082,Under 25,Family,3,18.99,3.2,Podcast-heavy,PayPal,0,No ticket,iOS,0
SW-3083,25-34,Premium,6,12.99,8.7,Music-heavy,PayPal,1,Billing,iOS,0
SW-3084,50 plus,Premium,21,12.99,17.1,Music-heavy,Debit,1,Account,Android,0
SW-3085,25-34,Premium,47,12.99,26.0,Music-heavy,Credit card,2,Account,Android,0
SW-3086,25-34,Basic,16,7.99,17.7,Music-heavy,Debit,0,No ticket,Web,0
SW-3087,Under 25,Free,26,0.0,27.7,Music-heavy,Credit card,0,No ticket,iOS,0
SW-3088,35-49,Family,11,18.99,9.3,Music-heavy,Credit card,0,No ticket,Web,0
SW-3089,35-49,Premium,11,12.99,4.9,Low-usage,Credit card,0,No ticket,Partner promo,0
SW-3090,25-34,Free,26,0.0,20.6,Podcast-heavy,Debit,1,Billing,iOS,0
SW-3091,35-49,Premium,38,12.99,23.8,Balanced,Credit card,0,No ticket,Partner promo,0
SW-3092,50 plus,Premium,30,12.99,16.8,Music-heavy,Debit,4,Account,Android,0
SW-3093,Under 25,Basic,6,7.99,13.1,Balanced,Debit,0,No ticket,Web,0
SW-3094,25-34,Basic,11,7.99,24.4,Music-heavy,Credit card,1,Account,Android,0
SW-3095,25-34,Family,15,18.99,10.5,Podcast-heavy,Credit card,0,No ticket,iOS,0
SW-3096,35-49,Premium,10,12.99,7.9,Music-heavy,Gift card,1,Playback,Web,0
SW-3097,35-49,Premium,16,12.99,14.3,Podcast-heavy,PayPal,0,No ticket,iOS,0
SW-3098,35-49,Premium,21,12.99,11.7,Music-heavy,Credit card,1,Billing,Partner promo,0
SW-3099,35-49,Free,24,0.0,16.2,Balanced,Credit card,0,No ticket,iOS,0
SW-3100,25-34,Premium,39,12.99,7.2,Low-usage,Credit card,2,Billing,Android,1
SW-3101,50 plus,Basic,10,7.99,16.6,Balanced,Credit card,0,No ticket,iOS,0
SW-3102,25-34,Basic,5,7.99,15.9,Music-heavy,Credit card,1,Billing,iOS,0
SW-3103,Under 25,Premium,15,12.99,9.5,Music-heavy,PayPal,2,Billing,Android,1
SW-3104,35-49,Family,45,18.99,4.4,Low-usage,Gift card,2,Content,Android,0
SW-3105,35-49,Basic,9,7.99,21.6,Podcast-heavy,PayPal,1,Playback,Web,0
SW-3106,25-34,Basic,19,7.99,3.0,Low-usage,Credit card,2,Billing,Web,0
SW-3107,50 plus,Premium,20,12.99,3.7,Podcast-heavy,Credit card,1,Billing,iOS,0
SW-3108,50 plus,Family,14,18.99,9.2,Low-usage,Debit,1,Billing,iOS,0
SW-3109,25-34,Premium,12,12.99,1.1,Low-usage,Debit,0,No ticket,Android,0
SW-3110,50 plus,Family,6,18.99,27.5,Balanced,Credit card,0,No ticket,Web,0
SW-3111,Under 25,Premium,2,12.99,8.1,Music-heavy,Debit,0,No ticket,Android,0
SW-3112,Under 25,Premium,6,12.99,27.4,Podcast-heavy,Debit,1,Account,Android,0
SW-3113,Under 25,Free,9,0.0,33.9,Low-usage,PayPal,0,No ticket,Web,0
SW-3114,50 plus,Basic,26,7.99,7.1,Low-usage,Credit card,0,No ticket,iOS,0
SW-3115,35-49,Basic,11,7.99,23.5,Music-heavy,PayPal,1,Playback,Web,0
SW-3116,Under 25,Premium,8,12.99,3.4,Podcast-heavy,Credit card,0,No ticket,Web,0
SW-3117,25-34,Family,6,18.99,11.3,Balanced,Debit,0,No ticket,Android,0
SW-3118,35-49,Family,19,18.99,5.5,Podcast-heavy,Credit card,1,Account,iOS,0
SW-3119,Under 25,Free,31,0.0,14.0,Balanced,Credit card,1,Playback,Android,0
SW-3120,50 plus,Basic,25,7.99,16.2,Balanced,Credit card,1,Account,iOS,0
SW-3121,35-49,Basic,18,7.99,7.0,Low-usage,Credit card,0,No ticket,Web,0
SW-3122,25-34,Basic,4,7.99,12.4,Music-heavy,Gift card,0,No ticket,iOS,0
SW-3123,50 plus,Premium,9,12.99,17.0,Music-heavy,Credit card,0,No ticket,Android,0
SW-3124,25-34,Family,47,18.99,9.3,Music-heavy,PayPal,0,No ticket,Web,0
SW-3125,50 plus,Family,26,18.99,40.0,Low-usage,Credit card,2,Billing,Android,0
SW-3126,35-49,Premium,4,12.99,7.2,Podcast-heavy,Credit card,0,No ticket,Web,1
SW-3127,35-49,Premium,12,12.99,30.1,Music-heavy,Debit,0,No ticket,Web,0
SW-3128,Under 25,Premium,15,12.99,20.0,Music-heavy,Credit card,0,No ticket,iOS,0
SW-3129,50 plus,Basic,7,7.99,1.8,Music-heavy,Debit,2,Playback,iOS,0
SW-3130,25-34,Premium,2,12.99,26.4,Balanced,Credit card,0,No ticket,Android,0
SW-3131,Under 25,Premium,13,12.99,18.9,Balanced,PayPal,1,Content,iOS,0
SW-3132,Under 25,Premium,7,12.99,8.8,Balanced,Credit card,1,Account,Web,0
SW-3133,25-34,Basic,7,7.99,10.7,Music-heavy,Debit,2,Billing,Android,1
SW-3134,25-34,Basic,9,7.99,11.9,Low-usage,Credit card,0,No ticket,iOS,0
SW-3135,35-49,Basic,11,7.99,24.0,Music-heavy,Debit,1,Playback,iOS,0
SW-3136,50 plus,Family,12,18.99,5.7,Balanced,Debit,0,No ticket,Android,0
SW-3137,Under 25,Basic,6,7.99,28.5,Music-heavy,Credit card,0,No ticket,Web,0
SW-3138,35-49,Premium,10,12.99,3.4,Music-heavy,Credit card,0,No ticket,Partner promo,0
SW-3139,Under 25,Premium,4,12.99,2.0,Music-heavy,Debit,0,No ticket,iOS,0
SW-3140,50 plus,Basic,15,7.99,12.9,Podcast-heavy,PayPal,0,No ticket,iOS,0
SW-3141,35-49,Premium,2,12.99,21.9,Balanced,Credit card,1,Account,Partner promo,0
SW-3142,25-34,Family,10,18.99,6.9,Music-heavy,PayPal,3,Account,Android,0
SW-3143,35-49,Premium,23,12.99,1.3,Music-heavy,Credit card,0,No ticket,Web,0
SW-3144,25-34,Premium,6,12.99,2.4,Low-usage,Credit card,0,No ticket,Partner promo,1
SW-3145,25-34,Basic,20,7.99,11.3,Music-heavy,Gift card,2,Billing,iOS,1
SW-3146,35-49,Free,27,0.0,7.9,Music-heavy,Debit,1,Billing,iOS,0
SW-3147,25-34,Premium,1,12.99,22.4,Low-usage,PayPal,0,No ticket,Partner promo,1
SW-3148,25-34,Premium,11,12.99,8.5,Balanced,Credit card,1,Playback,iOS,0
SW-3149,25-34,Family,2,18.99,4.4,Music-heavy,Credit card,1,Content,Web,0
SW-3150,35-49,Premium,11,12.99,10.2,Low-usage,Debit,0,No ticket,iOS,0
SW-3151,25-34,Premium,12,12.99,18.0,Low-usage,PayPal,0,No ticket,Partner promo,0
SW-3152,Under 25,Premium,2,12.99,23.6,Podcast-heavy,PayPal,0,No ticket,iOS,0
SW-3153,35-49,Premium,46,12.99,7.3,Music-heavy,Credit card,1,Playback,iOS,0
SW-3154,35-49,Premium,15,12.99,8.4,Balanced,Credit card,1,Account,Android,1
SW-3155,Under 25,Basic,7,7.99,14.9,Music-heavy,Credit card,1,Content,iOS,0
SW-3156,25-34,Family,33,18.99,4.4,Balanced,Debit,0,No ticket,Web,0
SW-3157,Under 25,Basic,3,7.99,14.4,Music-heavy,Credit card,0,No ticket,Partner promo,0
SW-3158,25-34,Premium,5,12.99,6.6,Podcast-heavy,Credit card,0,No ticket,Android,0
SW-3159,25-34,Basic,2,7.99,7.5,Balanced,PayPal,0,No ticket,iOS,0
SW-3160,35-49,Premium,42,12.99,8.0,Balanced,Debit,0,No ticket,Partner promo,0
SW-3161,35-49,Premium,15,12.99,8.9,Music-heavy,PayPal,2,Billing,Partner promo,0
SW-3162,35-49,Free,19,0.0,37.0,Balanced,PayPal,1,Playback,Web,0
SW-3163,25-34,Family,15,18.99,5.5,Balanced,Credit card,1,Playback,Android,0
SW-3164,50 plus,Basic,18,7.99,5.7,Music-heavy,PayPal,0,No ticket,iOS,0
SW-3165,25-34,Premium,13,12.99,25.5,Podcast-heavy,Debit,1,Playback,Web,0
SW-3166,50 plus,Free,15,0.0,11.4,Music-heavy,Gift card,1,Playback,Web,0
SW-3167,35-49,Free,13,0.0,14.8,Podcast-heavy,Credit card,1,Billing,iOS,0
SW-3168,Under 25,Basic,8,7.99,3.5,Balanced,Credit card,0,No ticket,iOS,0
SW-3169,35-49,Premium,12,12.99,9.7,Music-heavy,Debit,1,Content,Android,0
SW-3170,25-34,Free,15,0.0,15.3,Music-heavy,PayPal,0,No ticket,Web,0
SW-3171,35-49,Family,13,18.99,4.7,Music-heavy,PayPal,0,No ticket,Partner promo,1
SW-3172,Under 25,Basic,4,7.99,13.2,Low-usage,Debit,0,No ticket,Android,0
SW-3173,Under 25,Basic,5,7.99,6.8,Balanced,Credit card,0,No ticket,Android,0
SW-3174,50 plus,Basic,26,7.99,4.8,Music-heavy,Debit,0,No ticket,Web,0
SW-3175,25-34,Free,10,0.0,18.0,Podcast-heavy,PayPal,1,Billing,Android,0
SW-3176,35-49,Premium,18,12.99,19.9,Music-heavy,PayPal,0,No ticket,iOS,0
SW-3177,25-34,Family,6,18.99,8.9,Balanced,Debit,1,Playback,Android,0
SW-3178,35-49,Premium,4,12.99,11.5,Podcast-heavy,Credit card,1,Playback,iOS,0
SW-3179,35-49,Basic,7,7.99,23.1,Low-usage,Debit,1,Account,Android,0
SW-3180,25-34,Basic,10,7.99,5.8,Music-heavy,Credit card,0,No ticket,Web,0
SW-3181,25-34,Premium,8,12.99,10.6,Podcast-heavy,Gift card,0,No ticket,Android,0
SW-3182,Under 25,Family,30,18.99,5.9,Balanced,Debit,0,No ticket,Android,0
SW-3183,Under 25,Basic,14,7.99,3.5,Balanced,Debit,0,No ticket,Android,0
SW-3184,25-34,Premium,44,12.99,5.8,Podcast-heavy,Gift card,0,No ticket,Web,0
SW-3185,35-49,Basic,16,7.99,3.3,Balanced,Credit card,1,Playback,Web,0
SW-3186,50 plus,Basic,2,7.99,11.2,Music-heavy,Credit card,0,No ticket,iOS,0
SW-3187,50 plus,Basic,25,7.99,4.3,Podcast-heavy,Debit,1,Playback,iOS,0
SW-3188,35-49,Free,4,0.0,2.6,Low-usage,Credit card,1,Content,Web,0
SW-3189,35-49,Premium,14,12.99,14.5,Low-usage,Credit card,0,No ticket,Web,0
SW-3190,35-49,Basic,7,7.99,13.8,Balanced,PayPal,1,Billing,Android,0
SW-3191,25-34,Premium,54,12.99,6.1,Music-heavy,Debit,1,Playback,Web,0
SW-3192,50 plus,Premium,33,12.99,14.0,Low-usage,Credit card,1,Content,Partner promo,0
SW-3193,35-49,Family,7,18.99,4.2,Music-heavy,Credit card,3,Billing,iOS,0
SW-3194,35-49,Basic,11,7.99,5.9,Music-heavy,Credit card,0,No ticket,Android,0
SW-3195,Under 25,Family,14,18.99,11.1,Balanced,Debit,0,No ticket,Web,0
SW-3196,25-34,Premium,22,12.99,18.3,Music-heavy,Credit card,1,Playback,Partner promo,0
SW-3197,25-34,Family,12,18.99,5.9,Low-usage,PayPal,0,No ticket,Web,1
SW-3198,50 plus,Premium,6,12.99,5.0,Podcast-heavy,Debit,0,No ticket,Web,0
SW-3199,25-34,Premium,7,12.99,17.6,Podcast-heavy,Credit card,1,Billing,Web,0
SW-3200,25-34,Basic,12,7.99,13.1,Balanced,Credit card,0,No ticket,Web,0
SW-3201,50 plus,Basic,28,7.99,9.0,Balanced,Debit,1,Billing,iOS,0
SW-3202,Under 25,Basic,16,7.99,20.6,Podcast-heavy,Credit card,1,Playback,Android,0
SW-3203,25-34,Basic,7,7.99,38.0,Music-heavy,Credit card,0,No ticket,Web,0
SW-3204,Under 25,Family,19,18.99,10.7,Balanced,PayPal,0,No ticket,Android,0
SW-3205,35-49,Free,9,0.0,5.0,Music-heavy,Credit card,1,Playback,Android,0
SW-3206,50 plus,Premium,22,12.99,11.9,Music-heavy,Credit card,0,No ticket,Partner promo,0
SW-3207,25-34,Premium,60,12.99,4.2,Balanced,PayPal,2,Billing,Web,1
SW-3208,50 plus,Premium,9,12.99,21.6,Music-heavy,Credit card,1,Billing,Web,0
SW-3209,25-34,Premium,21,12.99,4.6,Low-usage,Credit card,1,Billing,Web,0
SW-3210,50 plus,Free,7,0.0,6.9,Balanced,Credit card,0,No ticket,iOS,0
SW-3211,35-49,Premium,11,12.99,4.1,Low-usage,PayPal,1,Billing,iOS,0
SW-3212,35-49,Basic,12,7.99,9.3,Music-heavy,PayPal,0,No ticket,iOS,0
SW-3213,Under 25,Family,10,18.99,9.5,Low-usage,Credit card,2,Billing,Web,0
SW-3214,50 plus,Premium,60,12.99,14.5,Music-heavy,Debit,0,No ticket,Android,0
SW-3215,35-49,Family,10,18.99,8.8,Music-heavy,Credit card,1,Billing,iOS,0
SW-3216,25-34,Free,18,0.0,8.3,Music-heavy,Debit,1,Billing,iOS,0
SW-3217,35-49,Basic,3,7.99,5.1,Podcast-heavy,Credit card,0,No ticket,Web,0
SW-3218,25-34,Basic,16,7.99,6.4,Music-heavy,Credit card,1,Content,Android,0
SW-3219,50 plus,Free,27,0.0,2.6,Podcast-heavy,PayPal,1,Account,Android,0
SW-3220,Under 25,Basic,8,7.99,24.4,Music-heavy,Credit card,1,Account,Android,0
SW-3221,35-49,Premium,2,12.99,7.4,Music-heavy,Credit card,0,No ticket,Partner promo,0
SW-3222,25-34,Basic,12,7.99,29.7,Balanced,PayPal,0,No ticket,Android,0
SW-3223,Under 25,Premium,12,12.99,7.3,Music-heavy,PayPal,1,Billing,Web,0
SW-3224,25-34,Family,20,18.99,1.7,Balanced,Debit,0,No ticket,Web,0
SW-3225,Under 25,Premium,49,12.99,5.6,Podcast-heavy,PayPal,0,No ticket,Partner promo,0
SW-3226,25-34,Basic,9,7.99,8.0,Low-usage,Credit card,1,Billing,Android,0
SW-3227,25-34,Basic,7,7.99,8.4,Music-heavy,Credit card,1,Billing,Android,0
SW-3228,35-49,Basic,5,7.99,13.7,Low-usage,Credit card,2,Billing,Android,0
SW-3229,25-34,Basic,14,7.99,9.2,Podcast-heavy,Credit card,2,Playback,Web,0
SW-3230,25-34,Premium,17,12.99,6.1,Low-usage,Credit card,2,Account,Android,0
SW-3231,35-49,Basic,8,7.99,3.8,Music-heavy,Credit card,0,No ticket,Web,0
SW-3232,Under 25,Family,21,18.99,5.8,Balanced,Credit card,1,Account,iOS,0
SW-3233,50 plus,Premium,17,12.99,13.0,Balanced,Credit card,1,Playback,iOS,0
SW-3234,50 plus,Premium,12,12.99,15.9,Music-heavy,Credit card,1,Playback,iOS,0
SW-3235,35-49,Basic,6,7.99,4.7,Podcast-heavy,Credit card,0,No ticket,iOS,0
SW-3236,35-49,Basic,9,7.99,17.9,Balanced,Debit,2,Billing,iOS,0
SW-3237,50 plus,Premium,2,12.99,12.6,Podcast-heavy,Credit card,0,No ticket,iOS,0
SW-3238,Under 25,Premium,14,12.99,3.9,Music-heavy,Credit card,1,Playback,iOS,0
SW-3239,Under 25,Basic,12,7.99,9.7,Balanced,Gift card,0,No ticket,Web,0
SW-3240,25-34,Basic,14,7.99,10.8,Music-heavy,Debit,2,Playback,Android,0
SW-3241,35-49,Basic,17,7.99,3.4,Balanced,Credit card,1,Playback,Android,0
SW-3242,Under 25,Premium,16,12.99,2.7,Music-heavy,Debit,0,No ticket,iOS,0
SW-3243,35-49,Basic,11,7.99,11.7,Music-heavy,Debit,1,Playback,Android,0
SW-3244,50 plus,Premium,12,12.99,5.6,Music-heavy,Credit card,1,Account,iOS,0
SW-3245,50 plus,Basic,4,7.99,26.8,Balanced,Credit card,0,No ticket,Web,0
SW-3246,25-34,Premium,8,12.99,31.7,Low-usage,Debit,0,No ticket,iOS,0
SW-3247,Under 25,Family,12,18.99,11.7,Music-heavy,Credit card,0,No ticket,Web,0
SW-3248,35-49,Family,7,18.99,17.1,Music-heavy,Credit card,1,Playback,Android,0
SW-3249,35-49,Basic,22,7.99,3.5,Music-heavy,Credit card,2,Billing,iOS,0
SW-3250,Under 25,Free,8,0.0,2.8,Balanced,Credit card,1,Playback,Web,0
SW-3251,Under 25,Basic,14,7.99,7.1,Podcast-heavy,PayPal,0,No ticket,iOS,0
SW-3252,50 plus,Premium,13,12.99,2.9,Music-heavy,Credit card,2,Billing,Partner promo,1
SW-3253,35-49,Premium,20,12.99,10.2,Podcast-heavy,Credit card,1,Billing,iOS,0
SW-3254,35-49,Premium,23,12.99,4.3,Music-heavy,Debit,1,Playback,Partner promo,0
SW-3255,50 plus,Basic,20,7.99,9.3,Podcast-heavy,Credit card,1,Playback,Partner promo,0
SW-3256,35-49,Premium,3,12.99,7.0,Music-heavy,Debit,1,Playback,Android,1
SW-3257,25-34,Basic,28,7.99,13.3,Balanced,Credit card,0,No ticket,Android,0
SW-3258,25-34,Premium,35,12.99,10.4,Low-usage,Credit card,2,Billing,iOS,0
SW-3259,25-34,Basic,9,7.99,5.8,Balanced,PayPal,0,No ticket,iOS,0
SW-3260,25-34,Premium,14,12.99,2.7,Podcast-heavy,Credit card,1,Content,Partner promo,0
SW-3261,35-49,Free,6,0.0,9.1,Podcast-heavy,Credit card,0,No ticket,iOS,0
SW-3262,35-49,Basic,3,7.99,2.0,Music-heavy,Gift card,0,No ticket,Web,0
SW-3263,50 plus,Premium,7,12.99,21.7,Balanced,Credit card,0,No ticket,Web,0
SW-3264,25-34,Basic,8,7.99,12.2,Podcast-heavy,Credit card,0,No ticket,Android,0
SW-3265,35-49,Premium,9,12.99,15.7,Low-usage,Credit card,1,Billing,iOS,0
SW-3266,35-49,Premium,6,12.99,3.7,Music-heavy,Credit card,1,Content,Web,0
SW-3267,35-49,Premium,7,12.99,10.6,Balanced,Credit card,0,No ticket,Android,0
SW-3268,35-49,Basic,12,7.99,4.7,Balanced,Credit card,1,Playback,iOS,0
SW-3269,25-34,Premium,7,12.99,9.0,Music-heavy,Credit card,1,Playback,iOS,0
SW-3270,25-34,Premium,18,12.99,3.6,Balanced,Credit card,0,No ticket,Web,0
SW-3271,Under 25,Premium,19,12.99,7.5,Low-usage,Credit card,0,No ticket,Web,0
SW-3272,25-34,Premium,60,12.99,2.7,Low-usage,PayPal,0,No ticket,Web,0
SW-3273,25-34,Basic,26,7.99,7.0,Balanced,PayPal,0,No ticket,iOS,0
SW-3274,35-49,Basic,14,7.99,2.1,Music-heavy,Credit card,1,Billing,Android,0
SW-3275,50 plus,Basic,8,7.99,32.4,Balanced,Gift card,0,No ticket,Android,0
SW-3276,35-49,Free,15,0.0,9.1,Balanced,Debit,0,No ticket,Web,0
SW-3277,35-49,Basic,15,7.99,8.0,Music-heavy,Debit,1,Playback,Android,0
SW-3278,25-34,Premium,8,12.99,13.7,Music-heavy,Credit card,0,No ticket,Web,0
SW-3279,35-49,Premium,21,12.99,2.8,Music-heavy,PayPal,0,No ticket,Web,0
SW-3280,Under 25,Basic,5,7.99,4.3,Music-heavy,PayPal,1,Account,Android,0
SW-3281,25-34,Family,10,18.99,12.2,Balanced,Credit card,2,Billing,Web,1
SW-3282,25-34,Premium,18,12.99,9.1,Music-heavy,Debit,0,No ticket,Android,0
SW-3283,25-34,Family,10,18.99,4.5,Music-heavy,Debit,0,No ticket,Web,0
SW-3284,Under 25,Premium,10,12.99,13.4,Podcast-heavy,Credit card,0,No ticket,Web,0
SW-3285,Under 25,Premium,11,12.99,10.2,Podcast-heavy,Credit card,0,No ticket,Android,0
SW-3286,25-34,Free,7,0.0,12.0,Music-heavy,Credit card,1,Account,Web,0
SW-3287,50 plus,Basic,27,7.99,10.9,Music-heavy,Credit card,1,Playback,Web,0
SW-3288,25-34,Free,6,0.0,4.6,Music-heavy,Credit card,1,Content,iOS,0
SW-3289,25-34,Premium,15,12.99,7.5,Balanced,Debit,0,No ticket,iOS,0
SW-3290,Under 25,Basic,16,7.99,1.8,Music-heavy,Debit,0,No ticket,Android,0
SW-3291,35-49,Premium,6,12.99,5.3,Podcast-heavy,PayPal,0,No ticket,Android,0
SW-3292,25-34,Basic,13,7.99,6.6,Music-heavy,Credit card,0,No ticket,Android,0
SW-3293,Under 25,Premium,6,12.99,13.2,Music-heavy,Credit card,0,No ticket,Web,0
SW-3294,25-34,Free,32,0.0,12.1,Podcast-heavy,Credit card,1,Account,iOS,0
SW-3295,Under 25,Basic,5,7.99,4.4,Music-heavy,PayPal,0,No ticket,Android,0
SW-3296,Under 25,Basic,8,7.99,4.3,Music-heavy,Credit card,1,Billing,Web,0
SW-3297,Under 25,Basic,5,7.99,22.8,Music-heavy,Debit,0,No ticket,iOS,0
SW-3298,Under 25,Basic,5,7.99,6.3,Music-heavy,Credit card,1,Billing,Android,0
SW-3299,Under 25,Premium,37,12.99,8.8,Balanced,Credit card,0,No ticket,iOS,0
SW-3300,25-34,Free,18,0.0,15.0,Music-heavy,Credit card,0,No ticket,Android,0
SW-3301,35-49,Basic,13,7.99,7.5,Balanced,Credit card,1,Billing,Web,0
SW-3302,35-49,Premium,8,12.99,7.1,Balanced,PayPal,1,Playback,Android,0
SW-3303,25-34,Free,23,0.0,6.2,Balanced,Credit card,1,Account,Web,0
SW-3304,25-34,Family,7,18.99,5.3,Music-heavy,Credit card,1,Billing,Android,0
SW-3305,50 plus,Family,21,18.99,9.0,Balanced,PayPal,0,No ticket,Web,0
SW-3306,25-34,Free,7,0.0,1.9,Music-heavy,Credit card,0,No ticket,Partner promo,0
SW-3307,Under 25,Basic,8,7.99,6.0,Music-heavy,Credit card,1,Account,iOS,0
SW-3308,35-49,Basic,20,7.99,12.3,Music-heavy,PayPal,0,No ticket,Android,0
SW-3309,Under 25,Premium,22,12.99,11.2,Low-usage,Credit card,0,No ticket,Android,1
SW-3310,25-34,Premium,18,12.99,24.7,Music-heavy,PayPal,2,Playback,Web,0
SW-3311,25-34,Premium,6,12.99,15.6,Low-usage,PayPal,2,Billing,Web,1
SW-3312,50 plus,Premium,9,12.99,11.1,Music-heavy,Credit card,0,No ticket,Partner promo,0
SW-3313,25-34,Free,13,0.0,8.2,Low-usage,Credit card,1,Billing,iOS,0
SW-3314,35-49,Premium,7,12.99,5.6,Low-usage,Credit card,0,No ticket,Android,1
SW-3315,50 plus,Premium,31,12.99,12.0,Low-usage,Credit card,0,No ticket,Web,0
SW-3316,Under 25,Premium,2,12.99,10.4,Low-usage,Debit,0,No ticket,Partner promo,1
SW-3317,25-34,Family,7,18.99,5.9,Balanced,Credit card,1,Content,Web,0
SW-3318,25-34,Premium,8,12.99,4.0,Low-usage,Credit card,0,No ticket,Android,0
SW-3319,25-34,Basic,2,7.99,7.7,Music-heavy,Credit card,0,No ticket,iOS,0
SW-3320,25-34,Basic,5,7.99,20.2,Podcast-heavy,Credit card,0,No ticket,iOS,0
SW-3321,50 plus,Premium,19,12.99,8.7,Balanced,Debit,0,No ticket,Web,0
SW-3322,35-49,Free,12,0.0,8.2,Music-heavy,PayPal,1,Playback,Android,0
SW-3323,35-49,Family,36,18.99,11.2,Balanced,Debit,1,Billing,iOS,0
SW-3324,25-34,Free,35,0.0,11.8,Music-heavy,PayPal,1,Account,iOS,0
SW-3325,35-49,Premium,16,12.99,9.8,Podcast-heavy,Credit card,0,No ticket,Android,0
SW-3326,50 plus,Premium,15,12.99,7.7,Music-heavy,Debit,1,Billing,Web,0
SW-3327,35-49,Premium,13,12.99,5.3,Low-usage,Credit card,1,Playback,Partner promo,0
SW-3328,Under 25,Family,2,18.99,17.9,Music-heavy,Gift card,2,Playback,Android,0
SW-3329,35-49,Family,5,18.99,5.7,Balanced,Credit card,1,Account,iOS,0
SW-3330,Under 25,Premium,13,12.99,28.1,Music-heavy,Gift card,0,No ticket,Web,0
SW-3331,25-34,Basic,18,7.99,9.1,Balanced,PayPal,0,No ticket,Android,0
SW-3332,Under 25,Free,15,0.0,8.3,Balanced,Debit,1,Billing,Web,0
SW-3333,35-49,Basic,6,7.99,14.7,Podcast-heavy,Credit card,1,Billing,Android,0
SW-3334,35-49,Basic,23,7.99,4.7,Music-heavy,Credit card,1,Billing,iOS,0
SW-3335,Under 25,Premium,34,12.99,12.7,Music-heavy,Credit card,0,No ticket,Web,0
SW-3336,25-34,Family,23,18.99,8.8,Podcast-heavy,Credit card,0,No ticket,Web,0
SW-3337,25-34,Premium,24,12.99,11.1,Music-heavy,PayPal,1,Billing,Partner promo,0
SW-3338,25-34,Family,8,18.99,4.6,Podcast-heavy,PayPal,0,No ticket,Android,0
SW-3339,Under 25,Premium,25,12.99,4.6,Low-usage,PayPal,1,Playback,Web,0
SW-3340,25-34,Premium,13,12.99,1.8,Music-heavy,Credit card,0,No ticket,Partner promo,0
SW-3341,35-49,Family,17,18.99,5.5,Podcast-heavy,Credit card,1,Billing,Web,0
SW-3342,Under 25,Premium,15,12.99,5.3,Low-usage,Debit,0,No ticket,Android,0
SW-3343,Under 25,Family,11,18.99,4.7,Balanced,Credit card,3,Playback,Android,0
SW-3344,25-34,Basic,7,7.99,7.3,Balanced,PayPal,0,No ticket,Android,0
SW-3345,50 plus,Free,11,0.0,8.4,Balanced,PayPal,2,Billing,iOS,0
SW-3346,35-49,Family,24,18.99,11.9,Music-heavy,Credit card,1,Playback,iOS,0
SW-3347,35-49,Premium,9,12.99,12.6,Low-usage,Debit,2,Billing,Android,1
SW-3348,25-34,Family,22,18.99,13.5,Low-usage,Debit,1,Content,iOS,0
SW-3349,35-49,Family,20,18.99,13.9,Podcast-heavy,Debit,1,Billing,Web,0
SW-3350,Under 25,Free,10,0.0,10.0,Music-heavy,Credit card,1,Billing,Android,0
SW-3351,35-49,Premium,32,12.99,8.4,Podcast-heavy,Credit card,1,Billing,Android,0
SW-3352,50 plus,Basic,9,7.99,16.8,Music-heavy,Credit card,1,Account,iOS,0
SW-3353,35-49,Premium,35,12.99,13.9,Music-heavy,PayPal,1,Playback,iOS,0
SW-3354,50 plus,Premium,16,12.99,2.4,Balanced,Credit card,2,Billing,iOS,1
SW-3355,35-49,Basic,12,7.99,7.0,Podcast-heavy,PayPal,0,No ticket,Android,0
SW-3356,Under 25,Premium,6,12.99,1.9,Podcast-heavy,Credit card,0,No ticket,Android,0
SW-3357,50 plus,Premium,11,12.99,1.9,Music-heavy,PayPal,1,Playback,Android,0
SW-3358,Under 25,Free,10,0.0,5.3,Balanced,Gift card,1,Billing,Android,0
SW-3359,25-34,Premium,5,12.99,7.2,Music-heavy,Debit,0,No ticket,Android,0
SW-3360,Under 25,Premium,10,12.99,5.7,Low-usage,Credit card,2,Content,Partner promo,1
SW-3361,Under 25,Family,7,18.99,1.9,Balanced,Credit card,0,No ticket,Web,0
SW-3362,25-34,Basic,18,7.99,14.9,Podcast-heavy,Credit card,1,Playback,Android,0
SW-3363,25-34,Free,30,0.0,4.5,Music-heavy,Credit card,0,No ticket,Web,0
SW-3364,25-34,Premium,5,12.99,11.8,Low-usage,Debit,1,Playback,Partner promo,0
SW-3365,35-49,Free,40,0.0,4.6,Balanced,PayPal,0,No ticket,Android,0
SW-3366,Under 25,Family,11,18.99,5.4,Balanced,Credit card,0,No ticket,iOS,0
SW-3367,Under 25,Free,6,0.0,11.3,Music-heavy,Credit card,2,Billing,iOS,1
SW-3368,25-34,Premium,20,12.99,6.1,Music-heavy,Debit,0,No ticket,iOS,0
SW-3369,25-34,Premium,9,12.99,9.2,Low-usage,PayPal,1,Billing,Partner promo,1
SW-3370,35-49,Basic,11,7.99,10.0,Low-usage,Credit card,1,Billing,Android,0
SW-3371,35-49,Free,9,0.0,2.6,Balanced,Credit card,0,No ticket,Web,0
SW-3372,50 plus,Premium,7,12.99,11.7,Balanced,PayPal,1,Content,Android,0
SW-3373,35-49,Premium,20,12.99,3.8,Low-usage,Credit card,0,No ticket,Partner promo,1
SW-3374,25-34,Basic,10,7.99,3.3,Balanced,Debit,0,No ticket,Web,0
SW-3375,35-49,Family,4,18.99,4.5,Low-usage,Debit,0,No ticket,iOS,0
SW-3376,25-34,Basic,18,7.99,15.3,Balanced,Credit card,2,Content,iOS,0
SW-3377,25-34,Basic,5,7.99,2.2,Low-usage,Credit card,0,No ticket,Web,0
SW-3378,35-49,Premium,5,12.99,13.5,Podcast-heavy,PayPal,0,No ticket,Web,0
SW-3379,25-34,Free,28,0.0,10.5,Low-usage,Credit card,1,Playback,Web,0
SW-3380,35-49,Family,5,18.99,8.5,Balanced,Credit card,1,Playback,Partner promo,0
SW-3381,35-49,Basic,2,7.99,9.7,Balanced,Credit card,1,Playback,Web,0
SW-3382,50 plus,Free,19,0.0,6.3,Music-heavy,Credit card,1,Content,iOS,0
SW-3383,50 plus,Basic,10,7.99,13.8,Balanced,Debit,0,No ticket,Web,0
SW-3384,25-34,Premium,10,12.99,5.7,Balanced,PayPal,0,No ticket,Android,0
SW-3385,25-34,Premium,10,12.99,2.2,Music-heavy,PayPal,0,No ticket,Android,0
SW-3386,35-49,Premium,14,12.99,7.5,Balanced,Credit card,0,No ticket,Android,0
SW-3387,25-34,Free,7,0.0,15.2,Balanced,Credit card,2,Content,Android,0
SW-3388,35-49,Basic,34,7.99,11.9,Music-heavy,Credit card,1,Content,Android,0
SW-3389,35-49,Premium,4,12.99,34.2,Podcast-heavy,PayPal,1,Billing,iOS,0
SW-3390,35-49,Free,16,0.0,6.5,Podcast-heavy,Credit card,1,Billing,Android,0
SW-3391,25-34,Family,19,18.99,7.0,Podcast-heavy,Credit card,0,No ticket,Web,0
SW-3392,Under 25,Free,7,0.0,6.6,Music-heavy,PayPal,1,Billing,Android,0
SW-3393,25-34,Premium,6,12.99,4.3,Music-heavy,Credit card,0,No ticket,Web,0
SW-3394,Under 25,Basic,24,7.99,5.5,Music-heavy,Credit card,1,Playback,Android,1
SW-3395,50 plus,Premium,6,12.99,3.5,Music-heavy,Credit card,1,Account,iOS,0
SW-3396,25-34,Basic,8,7.99,1.3,Music-heavy,Debit,2,Billing,iOS,0
SW-3397,Under 25,Free,22,0.0,5.0,Balanced,Debit,0,No ticket,Android,1
SW-3398,Under 25,Basic,12,7.99,8.2,Podcast-heavy,Debit,0,No ticket,Android,0
SW-3399,35-49,Free,3,0.0,13.3,Balanced,Credit card,0,No ticket,iOS,0
SW-3400,35-49,Basic,41,7.99,5.0,Music-heavy,Credit card,1,Account,iOS,0
SW-3401,25-34,Premium,8,12.99,5.1,Podcast-heavy,Debit,2,Playback,Web,0
SW-3402,Under 25,Premium,9,12.99,18.2,Music-heavy,PayPal,0,No ticket,Web,0
SW-3403,25-34,Premium,14,12.99,2.8,Balanced,Credit card,0,No ticket,Web,0
SW-3404,25-34,Premium,19,12.99,7.0,Balanced,Credit card,1,Billing,Web,0
SW-3405,35-49,Premium,47,12.99,17.2,Low-usage,Debit,0,No ticket,Partner promo,1
SW-3406,35-49,Basic,4,7.99,4.5,Music-heavy,Credit card,0,No ticket,Android,1
SW-3407,25-34,Premium,21,12.99,2.3,Balanced,Credit card,0,No ticket,Web,0
SW-3408,Under 25,Basic,20,7.99,31.3,Podcast-heavy,Credit card,0,No ticket,Web,0
SW-3409,50 plus,Premium,11,12.99,15.2,Low-usage,Gift card,1,Playback,Partner promo,1
SW-3410,25-34,Basic,21,7.99,15.5,Podcast-heavy,Debit,2,Playback,iOS,0
SW-3411,35-49,Free,23,0.0,7.4,Podcast-heavy,Credit card,1,Playback,Android,0
SW-3412,Under 25,Premium,5,12.99,13.4,Music-heavy,PayPal,3,Billing,iOS,1
SW-3413,25-34,Basic,41,7.99,1.1,Balanced,Credit card,3,Billing,Android,0
SW-3414,Under 25,Family,4,18.99,5.6,Music-heavy,Credit card,0,No ticket,Web,0
SW-3415,25-34,Family,5,18.99,17.1,Music-heavy,Credit card,0,No ticket,iOS,0
SW-3416,50 plus,Free,10,0.0,2.6,Music-heavy,Credit card,1,Playback,Partner promo,0
SW-3417,25-34,Free,46,0.0,6.1,Low-usage,PayPal,1,Content,Web,1
SW-3418,Under 25,Premium,10,12.99,10.3,Music-heavy,Credit card,0,No ticket,iOS,0
SW-3419,Under 25,Premium,12,12.99,4.3,Low-usage,Credit card,1,Playback,Partner promo,0
SW-3420,25-34,Basic,33,7.99,8.0,Low-usage,PayPal,0,No ticket,iOS,0
SW-3421,Under 25,Premium,10,12.99,10.9,Low-usage,Credit card,0,No ticket,Web,0
SW-3422,Under 25,Premium,5,12.99,10.2,Low-usage,Credit card,0,No ticket,Android,0
SW-3423,35-49,Basic,9,7.99,5.8,Low-usage,Credit card,1,Account,Partner promo,0
SW-3424,25-34,Free,31,0.0,4.1,Music-heavy,Gift card,0,No ticket,Android,0
SW-3425,25-34,Premium,13,12.99,11.0,Music-heavy,Credit card,0,No ticket,iOS,0
SW-3426,50 plus,Basic,46,7.99,10.5,Balanced,Credit card,0,No ticket,Partner promo,0
SW-3427,Under 25,Premium,20,12.99,10.1,Podcast-heavy,Debit,0,No ticket,Android,0
SW-3428,50 plus,Basic,8,7.99,8.8,Music-heavy,Gift card,1,Content,iOS,0
SW-3429,25-34,Premium,12,12.99,10.5,Balanced,PayPal,0,No ticket,Web,1
SW-3430,50 plus,Family,7,18.99,16.1,Podcast-heavy,Credit card,0,No ticket,Android,0
SW-3431,35-49,Family,8,18.99,10.3,Balanced,PayPal,0,No ticket,Android,1
SW-3432,35-49,Basic,60,7.99,8.7,Balanced,PayPal,1,Account,Web,0
SW-3433,50 plus,Basic,24,7.99,5.2,Podcast-heavy,Debit,0,No ticket,iOS,0
SW-3434,25-34,Premium,22,12.99,24.2,Podcast-heavy,Debit,0,No ticket,Partner promo,0
SW-3435,50 plus,Basic,8,7.99,3.3,Podcast-heavy,Credit card,0,No ticket,iOS,0
SW-3436,25-34,Basic,36,7.99,6.8,Low-usage,Debit,1,Playback,iOS,0
SW-3437,25-34,Family,26,18.99,5.3,Music-heavy,Debit,2,Billing,Partner promo,1
SW-3438,25-34,Basic,45,7.99,1.9,Podcast-heavy,Credit card,0,No ticket,Web,0
SW-3439,25-34,Free,43,0.0,10.6,Balanced,Credit card,0,No ticket,Partner promo,0
SW-3440,Under 25,Free,4,0.0,6.8,Podcast-heavy,Credit card,3,Playback,Android,0
SW-3441,25-34,Premium,6,12.99,8.2,Music-heavy,PayPal,3,Billing,iOS,0
SW-3442,25-34,Premium,6,12.99,6.9,Music-heavy,Debit,0,No ticket,Web,0
SW-3443,35-49,Basic,6,7.99,14.6,Music-heavy,Credit card,1,Playback,Web,0
SW-3444,35-49,Basic,15,7.99,16.2,Music-heavy,PayPal,1,Playback,iOS,0
SW-3445,25-34,Basic,8,7.99,3.3,Balanced,Debit,1,Account,Android,0
SW-3446,25-34,Premium,51,12.99,32.8,Podcast-heavy,PayPal,0,No ticket,iOS,0
SW-3447,25-34,Free,46,0.0,6.6,Music-heavy,Credit card,1,Playback,Android,0
SW-3448,Under 25,Family,12,18.99,12.8,Podcast-heavy,Credit card,1,Account,Android,0
SW-3449,Under 25,Basic,47,7.99,9.2,Music-heavy,Debit,0,No ticket,iOS,0
SW-3450,25-34,Family,34,18.99,8.7,Low-usage,Credit card,1,Playback,Partner promo,0
SW-3451,25-34,Basic,9,7.99,12.5,Podcast-heavy,Credit card,1,Playback,Android,0
SW-3452,50 plus,Premium,3,12.99,23.0,Low-usage,Credit card,1,Billing,Partner promo,1
SW-3453,25-34,Basic,10,7.99,14.9,Music-heavy,PayPal,0,No ticket,Web,0
SW-3454,25-34,Free,8,0.0,6.6,Balanced,Credit card,0,No ticket,Android,0
SW-3455,35-49,Family,14,18.99,7.5,Music-heavy,Credit card,1,Content,Android,0
SW-3456,Under 25,Family,13,18.99,5.1,Music-heavy,Credit card,0,No ticket,Partner promo,0
SW-3457,25-34,Premium,13,12.99,14.2,Low-usage,Credit card,0,No ticket,Partner promo,1
SW-3458,35-49,Premium,17,12.99,12.8,Balanced,PayPal,0,No ticket,Web,0
SW-3459,25-34,Premium,5,12.99,6.1,Music-heavy,Credit card,2,Billing,iOS,1
SW-3460,25-34,Family,16,18.99,23.1,Podcast-heavy,Debit,1,Playback,Web,0
SW-3461,50 plus,Basic,9,7.99,18.9,Balanced,Credit card,2,Content,Web,0
SW-3462,50 plus,Premium,14,12.99,34.4,Music-heavy,Credit card,0,No ticket,iOS,0
SW-3463,35-49,Premium,23,12.99,4.3,Music-heavy,PayPal,0,No ticket,Partner promo,0
SW-3464,35-49,Basic,5,7.99,7.4,Balanced,Gift card,0,No ticket,Web,0
SW-3465,35-49,Family,10,18.99,6.8,Podcast-heavy,Credit card,0,No ticket,Web,0
SW-3466,Under 25,Basic,11,7.99,40.0,Balanced,Credit card,1,Playback,Android,0
SW-3467,25-34,Free,8,0.0,8.1,Music-heavy,Credit card,0,No ticket,iOS,0
SW-3468,Under 25,Premium,23,12.99,22.0,Podcast-heavy,Credit card,0,No ticket,Partner promo,0
SW-3469,25-34,Premium,7,12.99,18.3,Music-heavy,Debit,0,No ticket,Web,0
SW-3470,25-34,Basic,8,7.99,7.5,Low-usage,Credit card,0,No ticket,iOS,0
SW-3471,25-34,Basic,7,7.99,8.4,Low-usage,PayPal,0,No ticket,Web,0
SW-3472,50 plus,Family,26,18.99,12.2,Low-usage,Debit,0,No ticket,Partner promo,1
SW-3473,50 plus,Basic,9,7.99,21.9,Podcast-heavy,Credit card,0,No ticket,Partner promo,0
SW-3474,35-49,Premium,17,12.99,7.0,Balanced,PayPal,2,Billing,Android,0
SW-3475,25-34,Premium,48,12.99,5.3,Podcast-heavy,PayPal,2,Billing,Web,1
SW-3476,50 plus,Basic,11,7.99,16.9,Podcast-heavy,Debit,0,No ticket,Partner promo,0
SW-3477,Under 25,Family,26,18.99,3.2,Balanced,PayPal,1,Content,Partner promo,0
SW-3478,35-49,Premium,39,12.99,9.8,Music-heavy,PayPal,0,No ticket,iOS,0
SW-3479,Under 25,Basic,25,7.99,18.7,Music-heavy,Debit,0,No ticket,Android,0
SW-3480,35-49,Premium,12,12.99,11.3,Music-heavy,PayPal,0,No ticket,Partner promo,0
SW-3481,25-34,Premium,19,12.99,5.1,Balanced,Debit,0,No ticket,iOS,0
SW-3482,50 plus,Premium,5,12.99,3.6,Music-heavy,Credit card,0,No ticket,Web,0
SW-3483,50 plus,Family,7,18.99,20.7,Music-heavy,Credit card,0,No ticket,Android,0
SW-3484,Under 25,Basic,8,7.99,7.0,Low-usage,PayPal,2,Billing,iOS,1
SW-3485,25-34,Basic,58,7.99,3.9,Podcast-heavy,Credit card,0,No ticket,Partner promo,0
SW-3486,50 plus,Basic,7,7.99,19.9,Music-heavy,Credit card,0,No ticket,iOS,0
SW-3487,25-34,Free,7,0.0,15.2,Balanced,Credit card,0,No ticket,Web,0
SW-3488,50 plus,Free,6,0.0,3.4,Balanced,Debit,0,No ticket,iOS,0
SW-3489,35-49,Family,18,18.99,40.0,Music-heavy,Debit,0,No ticket,Android,0
SW-3490,25-34,Premium,13,12.99,5.2,Balanced,Credit card,0,No ticket,Web,0
SW-3491,25-34,Premium,26,12.99,15.0,Music-heavy,Credit card,0,No ticket,iOS,0
SW-3492,Under 25,Premium,19,12.99,39.2,Podcast-heavy,PayPal,0,No ticket,Web,0
SW-3493,35-49,Premium,5,12.99,16.3,Music-heavy,Debit,1,Billing,Android,0
SW-3494,25-34,Premium,7,12.99,9.8,Music-heavy,PayPal,2,Account,Partner promo,0
SW-3495,25-34,Family,31,18.99,2.5,Podcast-heavy,Credit card,2,Billing,Android,1
SW-3496,25-34,Basic,10,7.99,40.0,Low-usage,Debit,2,Billing,Android,0
SW-3497,35-49,Family,28,18.99,16.0,Balanced,Debit,1,Billing,iOS,0
SW-3498,50 plus,Premium,11,12.99,2.6,Low-usage,Credit card,1,Billing,iOS,0
SW-3499,50 plus,Basic,6,7.99,27.5,Balanced,PayPal,0,No ticket,iOS,0
SW-3500,25-34,Premium,10,12.99,8.4,Music-heavy,Credit card,1,Billing,Android,0
SW-3501,35-49,Premium,6,12.99,6.4,Music-heavy,Debit,2,Billing,Android,1
SW-3502,35-49,Free,8,0.0,5.1,Low-usage,Debit,3,Billing,Android,0
SW-3503,35-49,Premium,14,12.99,9.2,Balanced,Credit card,0,No ticket,Partner promo,0
SW-3504,50 plus,Basic,17,7.99,15.3,Low-usage,Debit,0,No ticket,Android,0
SW-3505,Under 25,Free,4,0.0,5.4,Music-heavy,Credit card,0,No ticket,Web,0
SW-3506,Under 25,Family,12,18.99,8.9,Music-heavy,Debit,1,Account,iOS,0
SW-3507,50 plus,Premium,8,12.99,40.0,Music-heavy,Credit card,0,No ticket,Partner promo,0
SW-3508,25-34,Family,8,18.99,11.7,Music-heavy,Credit card,0,No ticket,Partner promo,0
SW-3509,50 plus,Premium,13,12.99,17.3,Music-heavy,Credit card,1,Account,iOS,0
SW-3510,50 plus,Basic,8,7.99,3.7,Podcast-heavy,Credit card,0,No ticket,Android,0
SW-3511,Under 25,Premium,32,12.99,2.7,Balanced,Debit,0,No ticket,iOS,0
SW-3512,50 plus,Premium,28,12.99,25.8,Music-heavy,PayPal,0,No ticket,Web,0
SW-3513,25-34,Family,27,18.99,20.5,Music-heavy,Credit card,0,No ticket,Partner promo,0
SW-3514,25-34,Basic,8,7.99,31.5,Balanced,Credit card,1,Content,Partner promo,0
SW-3515,35-49,Family,6,18.99,7.5,Podcast-heavy,Credit card,1,Playback,iOS,0
SW-3516,50 plus,Family,13,18.99,21.8,Podcast-heavy,Debit,0,No ticket,Web,0
SW-3517,Under 25,Premium,11,12.99,1.0,Podcast-heavy,Credit card,1,Playback,Android,0
SW-3518,25-34,Family,8,18.99,12.3,Low-usage,Credit card,0,No ticket,iOS,0
SW-3519,35-49,Basic,5,7.99,18.3,Podcast-heavy,Debit,0,No ticket,Web,0
SW-3520,35-49,Family,12,18.99,4.6,Low-usage,Credit card,1,Playback,Web,0
SW-3521,35-49,Premium,9,12.99,18.6,Podcast-heavy,Credit card,1,Billing,Web,0
SW-3522,Under 25,Free,19,0.0,6.9,Music-heavy,Credit card,0,No ticket,Android,0
SW-3523,25-34,Family,19,18.99,7.5,Music-heavy,Credit card,2,Billing,Web,1
SW-3524,25-34,Premium,26,12.99,6.5,Podcast-heavy,Credit card,1,Billing,Web,0
SW-3525,35-49,Basic,5,7.99,28.3,Podcast-heavy,Debit,1,Content,Partner promo,0
SW-3526,25-34,Premium,16,12.99,5.6,Balanced,Credit card,0,No ticket,Partner promo,0
SW-3527,Under 25,Free,7,0.0,5.0,Music-heavy,Credit card,0,No ticket,Web,0
SW-3528,50 plus,Basic,5,7.99,4.0,Balanced,Credit card,2,Playback,Web,0
SW-3529,Under 25,Premium,9,12.99,6.0,Balanced,Debit,0,No ticket,Android,0
SW-3530,50 plus,Free,25,0.0,9.4,Balanced,PayPal,0,No ticket,Web,0
SW-3531,35-49,Basic,9,7.99,13.3,Podcast-heavy,Debit,0,No ticket,Web,0
SW-3532,35-49,Free,36,0.0,4.4,Low-usage,Credit card,1,Account,iOS,0
SW-3533,25-34,Basic,18,7.99,10.8,Podcast-heavy,Debit,2,Billing,Partner promo,1
SW-3534,Under 25,Premium,9,12.99,13.1,Music-heavy,Credit card,1,Account,Partner promo,0
SW-3535,35-49,Premium,27,12.99,3.8,Balanced,Credit card,0,No ticket,Android,0
SW-3536,35-49,Family,16,18.99,8.4,Music-heavy,Credit card,0,No ticket,Android,0
SW-3537,35-49,Premium,6,12.99,7.5,Balanced,Credit card,0,No ticket,Android,0
SW-3538,Under 25,Basic,44,7.99,8.5,Music-heavy,Credit card,1,Content,iOS,0
SW-3539,35-49,Family,14,18.99,5.2,Music-heavy,Credit card,1,Playback,iOS,0
SW-3540,35-49,Premium,12,12.99,7.2,Music-heavy,Credit card,0,No ticket,Android,0
SW-3541,35-49,Premium,7,12.99,8.2,Music-heavy,PayPal,0,No ticket,Android,0
SW-3542,35-49,Premium,27,12.99,35.5,Music-heavy,PayPal,0,No ticket,Web,0
SW-3543,50 plus,Family,17,18.99,8.3,Music-heavy,Gift card,0,No ticket,Web,1
SW-3544,35-49,Premium,19,12.99,23.3,Balanced,Credit card,1,Billing,Partner promo,0
SW-3545,Under 25,Basic,8,7.99,24.8,Balanced,PayPal,2,Content,iOS,0
SW-3546,25-34,Premium,22,12.99,2.8,Balanced,PayPal,0,No ticket,Web,1
SW-3547,Under 25,Free,23,0.0,6.3,Balanced,PayPal,1,Billing,iOS,0
SW-3548,25-34,Basic,8,7.99,24.8,Podcast-heavy,Credit card,0,No ticket,Web,0
SW-3549,25-34,Basic,4,7.99,9.2,Balanced,PayPal,0,No ticket,Web,0
SW-3550,Under 25,Basic,18,7.99,7.3,Podcast-heavy,Credit card,0,No ticket,Web,0
SW-3551,25-34,Free,4,0.0,14.6,Podcast-heavy,Credit card,1,Billing,Android,0
SW-3552,Under 25,Free,13,0.0,18.8,Balanced,Credit card,0,No ticket,Web,0
SW-3553,35-49,Premium,9,12.99,7.8,Music-heavy,PayPal,1,Playback,Android,0
SW-3554,50 plus,Premium,28,12.99,6.4,Balanced,Credit card,0,No ticket,Web,0
SW-3555,Under 25,Family,9,18.99,1.2,Podcast-heavy,Credit card,0,No ticket,Web,1
SW-3556,50 plus,Basic,26,7.99,8.3,Music-heavy,PayPal,1,Playback,Android,0
SW-3557,25-34,Premium,8,12.99,5.9,Music-heavy,Credit card,0,No ticket,Android,0
SW-3558,25-34,Family,24,18.99,3.6,Music-heavy,PayPal,0,No ticket,Android,1
SW-3559,Under 25,Basic,51,7.99,6.8,Low-usage,PayPal,0,No ticket,Web,0
SW-3560,25-34,Premium,6,12.99,5.7,Low-usage,Credit card,0,No ticket,Web,0
SW-3561,35-49,Premium,15,12.99,9.2,Music-heavy,Credit card,0,No ticket,Android,0
SW-3562,35-49,Free,60,0.0,6.4,Music-heavy,Credit card,0,No ticket,Web,0
SW-3563,Under 25,Family,13,18.99,11.4,Music-heavy,Gift card,0,No ticket,Android,0
SW-3564,Under 25,Premium,13,12.99,9.2,Balanced,PayPal,0,No ticket,Android,0
SW-3565,25-34,Free,21,0.0,22.2,Music-heavy,Credit card,0,No ticket,Android,0
SW-3566,25-34,Free,12,0.0,5.2,Low-usage,Credit card,1,Account,Android,0
SW-3567,25-34,Free,4,0.0,33.2,Balanced,Credit card,0,No ticket,iOS,0
SW-3568,25-34,Basic,27,7.99,18.8,Low-usage,Debit,1,Playback,Web,0
SW-3569,35-49,Premium,3,12.99,26.3,Podcast-heavy,Credit card,1,Playback,Android,0
SW-3570,50 plus,Premium,9,12.99,9.8,Balanced,Credit card,0,No ticket,Android,0
SW-3571,25-34,Basic,28,7.99,6.4,Balanced,Debit,1,Content,Web,0
SW-3572,50 plus,Family,9,18.99,5.2,Balanced,Credit card,1,Playback,iOS,0
SW-3573,25-34,Basic,7,7.99,32.5,Balanced,Credit card,0,No ticket,iOS,0
SW-3574,25-34,Free,22,0.0,19.2,Podcast-heavy,PayPal,2,Account,iOS,0
SW-3575,25-34,Basic,7,7.99,3.6,Balanced,Debit,0,No ticket,Web,0
SW-3576,35-49,Premium,5,12.99,17.5,Low-usage,Credit card,1,Billing,Partner promo,1
SW-3577,50 plus,Basic,15,7.99,4.1,Low-usage,Debit,2,Account,iOS,0
SW-3578,35-49,Basic,11,7.99,10.4,Balanced,Credit card,2,Account,Partner promo,0
SW-3579,25-34,Free,5,0.0,15.5,Music-heavy,Debit,0,No ticket,Android,0
SW-3580,35-49,Premium,19,12.99,25.7,Music-heavy,PayPal,0,No ticket,Web,0
SW-3581,Under 25,Family,17,18.99,9.7,Balanced,Debit,0,No ticket,Web,0
SW-3582,50 plus,Basic,9,7.99,7.2,Music-heavy,Debit,1,Billing,Android,0
SW-3583,25-34,Basic,10,7.99,8.3,Music-heavy,Debit,0,No ticket,iOS,0
SW-3584,25-34,Premium,17,12.99,18.8,Music-heavy,Credit card,0,No ticket,Web,0
SW-3585,35-49,Premium,28,12.99,15.0,Balanced,Credit card,0,No ticket,Partner promo,1
SW-3586,35-49,Premium,10,12.99,7.9,Low-usage,Credit card,0,No ticket,Partner promo,0
SW-3587,Under 25,Family,19,18.99,1.8,Music-heavy,Debit,1,Playback,iOS,0
SW-3588,35-49,Premium,18,12.99,1.1,Low-usage,Credit card,0,No ticket,Partner promo,0
SW-3589,25-34,Basic,22,7.99,9.6,Balanced,Credit card,2,Billing,Android,1
SW-3590,35-49,Premium,12,12.99,3.1,Low-usage,PayPal,0,No ticket,Web,0
SW-3591,35-49,Family,6,18.99,5.2,Music-heavy,Credit card,0,No ticket,iOS,0
SW-3592,35-49,Premium,9,12.99,6.7,Music-heavy,Debit,0,No ticket,iOS,0
SW-3593,25-34,Free,15,0.0,40.0,Balanced,Credit card,1,Account,Android,0
SW-3594,25-34,Basic,43,7.99,8.8,Balanced,Credit card,0,No ticket,Android,0
SW-3595,Under 25,Premium,9,12.99,14.2,Balanced,Credit card,0,No ticket,iOS,0
SW-3596,35-49,Basic,21,7.99,12.0,Balanced,Credit card,0,No ticket,Android,0
SW-3597,25-34,Premium,10,12.99,1.2,Low-usage,Credit card,0,No ticket,iOS,0
SW-3598,25-34,Premium,13,12.99,5.8,Music-heavy,Credit card,2,Billing,iOS,1
SW-3599,25-34,Premium,35,12.99,3.0,Music-heavy,Credit card,0,No ticket,Partner promo,0
SW-3600,Under 25,Family,20,18.99,31.9,Balanced,Debit,1,Playback,iOS,0
SW-3601,35-49,Basic,5,7.99,1.9,Balanced,Credit card,1,Content,Partner promo,0
SW-3602,Under 25,Family,8,18.99,5.7,Podcast-heavy,PayPal,0,No ticket,Android,0
SW-3603,35-49,Premium,29,12.99,6.5,Low-usage,Debit,1,Billing,Web,0
SW-3604,25-34,Basic,13,7.99,3.6,Balanced,Credit card,0,No ticket,Android,0
SW-3605,Under 25,Premium,5,12.99,8.7,Balanced,Credit card,0,No ticket,Web,0
SW-3606,25-34,Premium,7,12.99,7.7,Low-usage,Credit card,0,No ticket,Partner promo,0
SW-3607,Under 25,Premium,20,12.99,9.1,Music-heavy,PayPal,1,Account,Android,0
SW-3608,25-34,Premium,24,12.99,12.0,Balanced,PayPal,1,Playback,Partner promo,0
SW-3609,35-49,Basic,12,7.99,9.7,Music-heavy,Credit card,1,Playback,Web,0
SW-3610,Under 25,Premium,60,12.99,10.8,Music-heavy,Debit,0,No ticket,Android,0
SW-3611,35-49,Premium,21,12.99,19.5,Low-usage,Gift card,0,No ticket,Partner promo,1
SW-3612,Under 25,Basic,10,7.99,2.1,Low-usage,Debit,0,No ticket,Web,0
SW-3613,25-34,Free,7,0.0,14.0,Music-heavy,Credit card,0,No ticket,Partner promo,0
SW-3614,35-49,Basic,6,7.99,3.5,Balanced,Credit card,0,No ticket,Web,0
SW-3615,25-34,Premium,15,12.99,4.8,Music-heavy,Credit card,2,Billing,Web,0
SW-3616,Under 25,Family,9,18.99,8.8,Music-heavy,Debit,0,No ticket,Partner promo,0
SW-3617,25-34,Family,39,18.99,11.1,Balanced,PayPal,4,Billing,iOS,0
SW-3618,25-34,Premium,33,12.99,12.2,Balanced,Credit card,0,No ticket,Android,0
SW-3619,50 plus,Premium,19,12.99,3.8,Music-heavy,Credit card,1,Playback,iOS,0
SW-3620,25-34,Basic,5,7.99,29.5,Music-heavy,PayPal,0,No ticket,Web,0
SW-3621,35-49,Premium,7,12.99,5.7,Music-heavy,PayPal,0,No ticket,Android,0
SW-3622,50 plus,Basic,29,7.99,4.5,Low-usage,Credit card,2,Billing,Web,1
SW-3623,25-34,Basic,8,7.99,2.9,Balanced,Credit card,0,No ticket,Web,0
SW-3624,50 plus,Premium,26,12.99,2.7,Podcast-heavy,Credit card,1,Account,Partner promo,0
SW-3625,25-34,Free,17,0.0,2.6,Music-heavy,Credit card,1,Content,Partner promo,0
SW-3626,50 plus,Premium,12,12.99,10.3,Podcast-heavy,Credit card,1,Account,iOS,0
SW-3627,Under 25,Premium,7,12.99,13.0,Balanced,Credit card,1,Playback,Web,0
SW-3628,35-49,Basic,11,7.99,4.0,Balanced,Gift card,0,No ticket,iOS,0
SW-3629,25-34,Basic,14,7.99,3.2,Music-heavy,PayPal,0,No ticket,Android,0
SW-3630,25-34,Family,25,18.99,6.8,Low-usage,Credit card,1,Playback,Web,0
SW-3631,35-49,Premium,6,12.99,8.6,Podcast-heavy,PayPal,1,Account,Web,0
SW-3632,35-49,Basic,10,7.99,9.9,Music-heavy,Debit,1,Playback,Partner promo,0
SW-3633,Under 25,Basic,12,7.99,3.7,Music-heavy,Credit card,2,Playback,iOS,0
SW-3634,Under 25,Premium,19,12.99,7.0,Podcast-heavy,PayPal,0,No ticket,Web,0
SW-3635,35-49,Premium,6,12.99,28.0,Low-usage,Debit,1,Playback,Web,0
SW-3636,35-49,Basic,5,7.99,3.1,Balanced,PayPal,1,Playback,Partner promo,0
SW-3637,50 plus,Basic,19,7.99,7.8,Podcast-heavy,Credit card,4,Playback,iOS,0
SW-3638,35-49,Family,4,18.99,11.9,Music-heavy,Credit card,0,No ticket,Web,0
SW-3639,50 plus,Premium,30,12.99,3.7,Music-heavy,Credit card,0,No ticket,Partner promo,0
SW-3640,35-49,Family,11,18.99,13.0,Podcast-heavy,Credit card,0,No ticket,Android,0
SW-3641,25-34,Premium,4,12.99,2.7,Balanced,Debit,0,No ticket,Web,0
SW-3642,Under 25,Family,9,18.99,13.3,Balanced,PayPal,0,No ticket,Android,0
SW-3643,35-49,Basic,16,7.99,8.3,Music-heavy,Debit,1,Content,Web,0
SW-3644,35-49,Premium,8,12.99,2.6,Music-heavy,Credit card,0,No ticket,iOS,0
SW-3645,Under 25,Free,12,0.0,13.9,Podcast-heavy,Credit card,1,Playback,Web,0
SW-3646,25-34,Premium,20,12.99,3.9,Low-usage,PayPal,0,No ticket,iOS,0
SW-3647,50 plus,Basic,10,7.99,7.1,Podcast-heavy,Credit card,0,No ticket,Android,0
SW-3648,25-34,Basic,6,7.99,13.2,Music-heavy,Credit card,0,No ticket,iOS,0
SW-3649,25-34,Family,10,18.99,3.7,Music-heavy,PayPal,0,No ticket,iOS,0
SW-3650,25-34,Family,32,18.99,5.2,Music-heavy,PayPal,1,Billing,Web,0
SW-3651,Under 25,Free,39,0.0,19.7,Podcast-heavy,Debit,3,Account,Partner promo,0
SW-3652,25-34,Premium,3,12.99,1.5,Balanced,Credit card,0,No ticket,Web,0
SW-3653,25-34,Basic,26,7.99,24.9,Low-usage,Credit card,0,No ticket,Android,0
SW-3654,Under 25,Basic,14,7.99,2.5,Podcast-heavy,PayPal,1,Account,Web,0
SW-3655,35-49,Premium,23,12.99,4.6,Music-heavy,PayPal,0,No ticket,Android,0
SW-3656,25-34,Basic,8,7.99,10.0,Balanced,Gift card,1,Billing,Web,0
SW-3657,35-49,Family,3,18.99,13.0,Balanced,Credit card,0,No ticket,Web,0
SW-3658,50 plus,Basic,18,7.99,10.2,Music-heavy,PayPal,2,Playback,Android,0
SW-3659,Under 25,Premium,6,12.99,8.3,Balanced,Credit card,0,No ticket,Web,0
SW-3660,35-49,Premium,5,12.99,5.6,Balanced,Credit card,0,No ticket,iOS,0
SW-3661,25-34,Basic,5,7.99,27.9,Podcast-heavy,Credit card,0,No ticket,Web,0
SW-3662,50 plus,Basic,18,7.99,14.8,Podcast-heavy,Gift card,0,No ticket,Web,0
SW-3663,Under 25,Premium,13,12.99,20.5,Balanced,Credit card,0,No ticket,Android,0
SW-3664,35-49,Premium,21,12.99,5.7,Balanced,Credit card,0,No ticket,Web,0
SW-3665,35-49,Basic,19,7.99,1.2,Music-heavy,PayPal,0,No ticket,Web,0
SW-3666,25-34,Premium,9,12.99,18.1,Music-heavy,Credit card,0,No ticket,Web,0
SW-3667,Under 25,Free,11,0.0,10.6,Music-heavy,Credit card,1,Billing,Web,0
SW-3668,35-49,Basic,8,7.99,9.3,Balanced,Debit,0,No ticket,Web,0
SW-3669,35-49,Premium,10,12.99,5.1,Podcast-heavy,Debit,0,No ticket,Web,0
SW-3670,25-34,Free,6,0.0,6.1,Podcast-heavy,Credit card,0,No ticket,Web,1
SW-3671,35-49,Premium,16,12.99,5.0,Balanced,PayPal,0,No ticket,Android,0
SW-3672,25-34,Premium,25,12.99,8.3,Music-heavy,Credit card,0,No ticket,Web,0
SW-3673,35-49,Family,7,18.99,3.2,Balanced,PayPal,0,No ticket,Android,0
SW-3674,Under 25,Premium,29,12.99,14.7,Podcast-heavy,PayPal,0,No ticket,Android,0
SW-3675,50 plus,Family,13,18.99,40.0,Music-heavy,Credit card,3,Playback,Web,0
SW-3676,25-34,Premium,14,12.99,5.0,Music-heavy,PayPal,2,Playback,Web,0
SW-3677,25-34,Premium,4,12.99,2.2,Low-usage,Credit card,0,No ticket,Web,0
SW-3678,Under 25,Family,3,18.99,7.4,Balanced,Credit card,1,Billing,Android,0
SW-3679,Under 25,Premium,13,12.99,10.3,Music-heavy,PayPal,0,No ticket,Android,0
SW-3680,25-34,Free,21,0.0,11.5,Low-usage,Credit card,0,No ticket,Android,0
SW-3681,25-34,Premium,8,12.99,28.8,Balanced,Credit card,0,No ticket,iOS,0
SW-3682,35-49,Family,39,18.99,15.4,Music-heavy,Credit card,3,Billing,Web,0
SW-3683,Under 25,Premium,20,12.99,1.9,Music-heavy,Credit card,2,Billing,Android,0
SW-3684,25-34,Premium,6,12.99,3.0,Music-heavy,PayPal,1,Billing,iOS,0
SW-3685,25-34,Premium,12,12.99,11.1,Balanced,PayPal,0,No ticket,Partner promo,0
SW-3686,Under 25,Family,60,18.99,5.6,Balanced,Credit card,0,No ticket,iOS,0
SW-3687,Under 25,Free,5,0.0,26.9,Music-heavy,Credit card,1,Billing,Web,0
SW-3688,25-34,Premium,17,12.99,3.8,Podcast-heavy,Credit card,2,Billing,Partner promo,1
SW-3689,25-34,Basic,10,7.99,17.3,Music-heavy,Credit card,1,Playback,iOS,0
SW-3690,25-34,Premium,20,12.99,4.8,Music-heavy,Credit card,0,No ticket,Android,0
SW-3691,25-34,Premium,29,12.99,9.9,Podcast-heavy,Credit card,1,Playback,iOS,0
SW-3692,35-49,Basic,9,7.99,4.1,Music-heavy,Credit card,0,No ticket,Partner promo,0
SW-3693,Under 25,Basic,26,7.99,12.5,Podcast-heavy,Debit,1,Content,Partner promo,0
SW-3694,25-34,Premium,57,12.99,18.9,Low-usage,PayPal,0,No ticket,iOS,0
SW-3695,50 plus,Free,13,0.0,9.8,Music-heavy,Debit,2,Playback,Web,0
SW-3696,25-34,Basic,21,7.99,36.8,Music-heavy,Debit,1,Playback,Android,0
SW-3697,35-49,Premium,8,12.99,4.5,Music-heavy,Credit card,0,No ticket,Partner promo,0
SW-3698,25-34,Basic,12,7.99,8.7,Podcast-heavy,PayPal,0,No ticket,Android,0
SW-3699,35-49,Premium,11,12.99,15.7,Balanced,PayPal,3,Billing,Partner promo,0
SW-3700,35-49,Family,21,18.99,3.7,Podcast-heavy,PayPal,2,Billing,iOS,1
SW-3701,25-34,Basic,28,7.99,8.4,Podcast-heavy,Credit card,2,Playback,Partner promo,0
SW-3702,50 plus,Basic,11,7.99,13.6,Music-heavy,Debit,0,No ticket,Web,0
SW-3703,Under 25,Premium,35,12.99,16.8,Music-heavy,Debit,0,No ticket,iOS,0
SW-3704,Under 25,Premium,35,12.99,19.9,Music-heavy,Credit card,2,Billing,iOS,1
SW-3705,35-49,Family,22,18.99,4.0,Balanced,Gift card,0,No ticket,Android,0
SW-3706,35-49,Family,8,18.99,10.1,Music-heavy,Credit card,1,Content,Web,0
SW-3707,Under 25,Premium,8,12.99,2.8,Balanced,Credit card,1,Playback,Partner promo,0
SW-3708,25-34,Basic,7,7.99,4.5,Podcast-heavy,Credit card,0,No ticket,Partner promo,0
SW-3709,Under 25,Free,23,0.0,7.0,Music-heavy,Credit card,0,No ticket,Android,0
SW-3710,25-34,Basic,5,7.99,20.0,Podcast-heavy,PayPal,0,No ticket,Web,0
SW-3711,35-49,Free,19,0.0,12.2,Low-usage,Credit card,1,Billing,Web,0
SW-3712,25-34,Premium,6,12.99,8.3,Music-heavy,Credit card,0,No ticket,iOS,0
SW-3713,25-34,Premium,21,12.99,11.5,Music-heavy,Debit,1,Playback,Android,0
SW-3714,25-34,Free,12,0.0,12.1,Podcast-heavy,Credit card,1,Billing,Web,1
SW-3715,Under 25,Premium,31,12.99,10.7,Balanced,PayPal,0,No ticket,Android,0
SW-3716,25-34,Premium,27,12.99,5.0,Low-usage,PayPal,0,No ticket,Partner promo,0
SW-3717,35-49,Basic,33,7.99,3.7,Low-usage,Credit card,0,No ticket,Android,0
SW-3718,50 plus,Premium,33,12.99,6.7,Low-usage,Gift card,1,Content,Partner promo,0
SW-3719,50 plus,Basic,13,7.99,4.2,Balanced,Debit,0,No ticket,Android,0
SW-3720,Under 25,Basic,5,7.99,13.2,Music-heavy,Debit,0,No ticket,Web,0
SW-3721,50 plus,Free,6,0.0,27.2,Balanced,PayPal,1,Playback,Web,0
SW-3722,35-49,Basic,3,7.99,12.6,Music-heavy,Debit,1,Account,Partner promo,0
SW-3723,35-49,Premium,6,12.99,1.9,Music-heavy,Credit card,0,No ticket,iOS,0
SW-3724,25-34,Family,13,18.99,4.8,Low-usage,Credit card,1,Billing,Partner promo,0
SW-3725,25-34,Basic,8,7.99,8.1,Music-heavy,Debit,1,Playback,Web,0
SW-3726,25-34,Basic,11,7.99,2.5,Low-usage,Gift card,0,No ticket,iOS,0
SW-3727,Under 25,Premium,17,12.99,8.2,Podcast-heavy,Credit card,0,No ticket,iOS,1
SW-3728,25-34,Family,10,18.99,11.6,Low-usage,Credit card,0,No ticket,Partner promo,0
SW-3729,25-34,Basic,5,7.99,24.7,Podcast-heavy,Credit card,0,No ticket,Partner promo,0
SW-3730,25-34,Basic,12,7.99,34.3,Balanced,Debit,2,Billing,Web,0
SW-3731,35-49,Premium,6,12.99,3.1,Low-usage,Credit card,0,No ticket,Partner promo,1
SW-3732,25-34,Premium,10,12.99,7.3,Podcast-heavy,PayPal,1,Billing,Android,0
SW-3733,Under 25,Free,31,0.0,7.4,Balanced,PayPal,1,Account,Partner promo,0
SW-3734,50 plus,Premium,10,12.99,4.5,Balanced,Credit card,1,Content,Android,0
SW-3735,50 plus,Basic,41,7.99,8.7,Music-heavy,Credit card,0,No ticket,Android,0
SW-3736,35-49,Premium,33,12.99,7.5,Podcast-heavy,Debit,1,Playback,Web,0
SW-3737,50 plus,Premium,8,12.99,13.1,Podcast-heavy,Credit card,1,Billing,Android,0
SW-3738,25-34,Family,6,18.99,23.7,Music-heavy,Credit card,0,No ticket,Android,0
SW-3739,50 plus,Basic,12,7.99,8.9,Podcast-heavy,Credit card,1,Billing,Web,0
SW-3740,Under 25,Basic,27,7.99,5.4,Balanced,Debit,0,No ticket,Android,0
SW-3741,25-34,Basic,9,7.99,3.5,Music-heavy,Credit card,1,Billing,Partner promo,0
SW-3742,25-34,Family,23,18.99,40.0,Podcast-heavy,PayPal,0,No ticket,Partner promo,0
SW-3743,Under 25,Basic,28,7.99,16.5,Low-usage,PayPal,0,No ticket,Web,0
SW-3744,Under 25,Basic,7,7.99,11.0,Music-heavy,Gift card,1,Billing,iOS,0
SW-3745,35-49,Basic,7,7.99,7.0,Podcast-heavy,Credit card,0,No ticket,iOS,0
SW-3746,35-49,Premium,20,12.99,29.0,Balanced,Credit card,0,No ticket,Web,0
SW-3747,35-49,Premium,13,12.99,7.0,Balanced,Credit card,4,Billing,Partner promo,1
SW-3748,Under 25,Basic,7,7.99,2.0,Balanced,Credit card,1,Content,Web,0
SW-3749,35-49,Basic,9,7.99,9.9,Balanced,Credit card,0,No ticket,Android,0
SW-3750,35-49,Family,11,18.99,3.0,Music-heavy,Debit,2,Billing,iOS,0
SW-3751,25-34,Premium,4,12.99,9.9,Podcast-heavy,Debit,0,No ticket,iOS,0
SW-3752,35-49,Premium,21,12.99,23.4,Balanced,Credit card,2,Billing,Web,1
SW-3753,25-34,Family,9,18.99,2.1,Music-heavy,Credit card,1,Content,Web,1
SW-3754,25-34,Family,2,18.99,3.9,Music-heavy,Credit card,0,No ticket,iOS,0
SW-3755,50 plus,Basic,12,7.99,16.0,Balanced,Credit card,0,No ticket,Android,0
SW-3756,25-34,Premium,7,12.99,5.4,Low-usage,PayPal,1,Billing,Partner promo,0
SW-3757,25-34,Free,39,0.0,11.2,Podcast-heavy,Credit card,1,Playback,Web,0
SW-3758,50 plus,Basic,8,7.99,11.2,Low-usage,Credit card,1,Billing,Web,0
SW-3759,35-49,Family,6,18.99,16.3,Balanced,Credit card,1,Playback,Android,0
SW-3760,Under 25,Basic,17,7.99,4.8,Low-usage,Credit card,0,No ticket,Android,0
SW-3761,Under 25,Basic,8,7.99,1.0,Low-usage,PayPal,1,Account,Web,0
SW-3762,Under 25,Basic,7,7.99,11.0,Podcast-heavy,Credit card,1,Account,Web,0
SW-3763,35-49,Premium,17,12.99,2.3,Balanced,Debit,1,Playback,Web,0
SW-3764,25-34,Basic,6,7.99,16.9,Balanced,Credit card,0,No ticket,Web,0
SW-3765,Under 25,Premium,4,12.99,7.7,Balanced,Debit,1,Playback,Web,0
SW-3766,50 plus,Family,40,18.99,6.3,Balanced,PayPal,1,Account,Android,0
SW-3767,25-34,Premium,18,12.99,13.9,Music-heavy,PayPal,0,No ticket,Partner promo,0
SW-3768,25-34,Basic,10,7.99,2.0,Music-heavy,Credit card,0,No ticket,Web,0
SW-3769,25-34,Premium,12,12.99,6.8,Low-usage,PayPal,0,No ticket,Partner promo,0
SW-3770,35-49,Basic,17,7.99,11.4,Balanced,Credit card,1,Playback,iOS,0
SW-3771,Under 25,Free,24,0.0,9.8,Balanced,Credit card,0,No ticket,Partner promo,0
SW-3772,25-34,Free,7,0.0,5.4,Podcast-heavy,Debit,0,No ticket,Android,0
SW-3773,35-49,Premium,16,12.99,5.5,Podcast-heavy,Gift card,2,Billing,Android,1
SW-3774,25-34,Free,8,0.0,27.5,Balanced,Credit card,0,No ticket,Android,0
SW-3775,25-34,Free,11,0.0,16.6,Music-heavy,PayPal,1,Playback,Android,0
SW-3776,25-34,Basic,13,7.99,4.7,Music-heavy,Credit card,0,No ticket,iOS,0
SW-3777,Under 25,Basic,12,7.99,23.5,Podcast-heavy,Credit card,0,No ticket,Web,0
SW-3778,Under 25,Premium,20,12.99,14.6,Low-usage,PayPal,0,No ticket,Partner promo,0
SW-3779,25-34,Premium,17,12.99,11.8,Balanced,Credit card,1,Billing,Android,0
SW-3780,Under 25,Premium,4,12.99,12.2,Music-heavy,Credit card,0,No ticket,Web,0
SW-3781,Under 25,Basic,5,7.99,3.2,Music-heavy,Credit card,0,No ticket,Android,0
SW-3782,50 plus,Basic,9,7.99,26.7,Balanced,PayPal,0,No ticket,iOS,0
SW-3783,50 plus,Family,43,18.99,17.1,Balanced,Credit card,1,Account,Web,0
SW-3784,35-49,Free,7,0.0,9.7,Balanced,Credit card,2,Billing,Android,1
SW-3785,50 plus,Family,10,18.99,9.7,Podcast-heavy,Credit card,0,No ticket,iOS,0
SW-3786,25-34,Basic,8,7.99,7.4,Music-heavy,PayPal,0,No ticket,iOS,0
SW-3787,50 plus,Family,8,18.99,5.1,Low-usage,Debit,1,Content,Web,0
SW-3788,Under 25,Basic,14,7.99,12.3,Music-heavy,Debit,1,Billing,Partner promo,0
SW-3789,50 plus,Basic,32,7.99,4.2,Music-heavy,PayPal,0,No ticket,Partner promo,0
SW-3790,50 plus,Premium,17,12.99,9.0,Balanced,Credit card,1,Account,Web,0
SW-3791,35-49,Premium,7,12.99,8.6,Low-usage,Debit,1,Billing,iOS,0
SW-3792,50 plus,Basic,60,7.99,10.9,Balanced,Credit card,0,No ticket,Web,0
SW-3793,35-49,Premium,13,12.99,17.0,Balanced,Credit card,1,Billing,Android,0
SW-3794,25-34,Premium,8,12.99,11.0,Music-heavy,Credit card,0,No ticket,Partner promo,0
SW-3795,25-34,Free,32,0.0,13.9,Music-heavy,PayPal,0,No ticket,iOS,0
SW-3796,35-49,Premium,9,12.99,1.7,Low-usage,Credit card,1,Playback,Partner promo,0
SW-3797,Under 25,Basic,38,7.99,11.6,Podcast-heavy,Credit card,0,No ticket,Android,0
SW-3798,35-49,Free,7,0.0,8.5,Music-heavy,Credit card,0,No ticket,iOS,0
SW-3799,50 plus,Premium,33,12.99,10.8,Low-usage,Credit card,1,Playback,iOS,0
SW-3800,Under 25,Premium,14,12.99,5.2,Low-usage,Credit card,2,Account,Partner promo,1
SW-3801,35-49,Basic,30,7.99,20.1,Podcast-heavy,PayPal,0,No ticket,Web,0
SW-3802,50 plus,Basic,45,7.99,9.8,Podcast-heavy,Credit card,1,Content,iOS,0
SW-3803,50 plus,Premium,5,12.99,4.4,Balanced,Credit card,0,No ticket,Web,0
SW-3804,50 plus,Free,29,0.0,5.1,Music-heavy,Debit,0,No ticket,Web,0
SW-3805,25-34,Free,4,0.0,16.5,Balanced,Debit,1,Playback,Web,0
SW-3806,50 plus,Free,6,0.0,7.5,Podcast-heavy,Debit,1,Playback,Android,0
SW-3807,35-49,Family,7,18.99,8.0,Balanced,Credit card,3,Billing,Partner promo,1
SW-3808,Under 25,Free,17,0.0,6.8,Balanced,PayPal,1,Playback,Partner promo,0
SW-3809,25-34,Premium,12,12.99,18.0,Music-heavy,Credit card,0,No ticket,Android,0
SW-3810,35-49,Free,11,0.0,11.8,Balanced,Debit,0,No ticket,Android,1
SW-3811,25-34,Free,13,0.0,3.1,Podcast-heavy,Credit card,0,No ticket,iOS,0
SW-3812,35-49,Premium,18,12.99,3.7,Low-usage,Credit card,1,Account,Web,0
SW-3813,35-49,Basic,19,7.99,8.0,Low-usage,PayPal,0,No ticket,iOS,0
SW-3814,Under 25,Family,26,18.99,4.8,Music-heavy,Credit card,1,Playback,Web,0
SW-3815,35-49,Family,43,18.99,1.4,Music-heavy,Credit card,0,No ticket,Android,0
SW-3816,35-49,Premium,12,12.99,4.4,Music-heavy,Debit,2,Billing,Web,1
SW-3817,25-34,Premium,8,12.99,6.4,Low-usage,Credit card,1,Billing,Android,0
SW-3818,Under 25,Basic,18,7.99,5.8,Music-heavy,Debit,0,No ticket,Web,0
SW-3819,Under 25,Basic,5,7.99,14.2,Balanced,Debit,2,Billing,Web,1
SW-3820,25-34,Family,7,18.99,1.3,Balanced,Credit card,0,No ticket,Partner promo,0
SW-3821,50 plus,Premium,24,12.99,4.3,Balanced,Credit card,0,No ticket,Web,0
SW-3822,25-34,Premium,11,12.99,15.1,Music-heavy,PayPal,0,No ticket,iOS,0
SW-3823,35-49,Basic,5,7.99,4.7,Music-heavy,Credit card,0,No ticket,Web,0
SW-3824,25-34,Free,4,0.0,3.0,Podcast-heavy,Debit,2,Billing,Web,0
SW-3825,25-34,Family,12,18.99,4.6,Music-heavy,Credit card,1,Content,Android,0
SW-3826,50 plus,Basic,27,7.99,11.4,Music-heavy,PayPal,0,No ticket,Android,0
SW-3827,35-49,Basic,26,7.99,6.5,Music-heavy,Credit card,0,No ticket,Web,0
SW-3828,Under 25,Free,13,0.0,4.5,Podcast-heavy,Debit,0,No ticket,Android,0
SW-3829,25-34,Premium,49,12.99,11.8,Podcast-heavy,Credit card,0,No ticket,Android,0
SW-3830,Under 25,Premium,11,12.99,10.8,Low-usage,Debit,0,No ticket,Partner promo,1
SW-3831,25-34,Premium,11,12.99,2.9,Music-heavy,Credit card,1,Playback,Web,0
SW-3832,35-49,Free,2,0.0,8.6,Music-heavy,Debit,0,No ticket,Android,0
SW-3833,Under 25,Family,9,18.99,2.8,Podcast-heavy,Credit card,1,Account,Android,0
SW-3834,25-34,Premium,22,12.99,20.4,Music-heavy,Credit card,1,Billing,Web,0
SW-3835,25-34,Basic,36,7.99,21.4,Balanced,PayPal,0,No ticket,iOS,0
SW-3836,50 plus,Premium,7,12.99,6.4,Music-heavy,Credit card,0,No ticket,Web,0
SW-3837,50 plus,Basic,17,7.99,18.8,Low-usage,Credit card,1,Content,Web,0
SW-3838,Under 25,Basic,25,7.99,4.4,Music-heavy,Credit card,0,No ticket,Web,0
SW-3839,35-49,Family,12,18.99,7.2,Low-usage,Gift card,0,No ticket,Partner promo,0
SW-3840,25-34,Basic,2,7.99,5.0,Balanced,Credit card,1,Account,Android,0
SW-3841,25-34,Basic,14,7.99,7.8,Balanced,Credit card,0,No ticket,Android,0
SW-3842,35-49,Basic,20,7.99,8.4,Low-usage,Debit,0,No ticket,Web,1
SW-3843,50 plus,Basic,6,7.99,8.0,Music-heavy,Credit card,0,No ticket,Web,0
SW-3844,50 plus,Family,10,18.99,7.4,Music-heavy,Credit card,0,No ticket,Web,0
SW-3845,35-49,Basic,5,7.99,8.9,Music-heavy,PayPal,1,Content,iOS,0
SW-3846,25-34,Family,2,18.99,21.8,Music-heavy,Credit card,2,Playback,Web,0
SW-3847,35-49,Family,25,18.99,1.6,Music-heavy,Debit,0,No ticket,Web,0
SW-3848,25-34,Free,12,0.0,37.2,Podcast-heavy,Credit card,1,Content,Web,1
SW-3849,35-49,Basic,37,7.99,6.0,Music-heavy,PayPal,3,Billing,Android,1
SW-3850,25-34,Family,22,18.99,7.5,Podcast-heavy,Gift card,0,No ticket,Android,0
SW-3851,35-49,Basic,9,7.99,23.2,Music-heavy,Credit card,0,No ticket,Web,0
SW-3852,25-34,Free,11,0.0,13.0,Balanced,Debit,1,Billing,Android,0
SW-3853,Under 25,Basic,18,7.99,12.3,Low-usage,Debit,0,No ticket,Android,0
SW-3854,50 plus,Premium,24,12.99,21.7,Podcast-heavy,Credit card,2,Billing,Web,1
SW-3855,Under 25,Premium,15,12.99,7.0,Podcast-heavy,Credit card,2,Account,Web,0
SW-3856,25-34,Free,26,0.0,16.7,Music-heavy,Gift card,0,No ticket,Android,0
SW-3857,25-34,Free,10,0.0,2.9,Balanced,Credit card,1,Billing,iOS,0
SW-3858,Under 25,Family,6,18.99,11.2,Music-heavy,Credit card,1,Billing,Android,0
SW-3859,Under 25,Premium,11,12.99,12.5,Low-usage,PayPal,1,Account,Web,0
SW-3860,Under 25,Premium,14,12.99,20.0,Podcast-heavy,Debit,0,No ticket,iOS,0
SW-3861,50 plus,Premium,5,12.99,14.1,Music-heavy,Credit card,1,Content,Web,0
SW-3862,25-34,Premium,5,12.99,9.4,Low-usage,Credit card,2,Content,Partner promo,1
SW-3863,50 plus,Premium,16,12.99,6.2,Low-usage,Credit card,1,Playback,Partner promo,0
SW-3864,35-49,Basic,9,7.99,6.1,Balanced,PayPal,1,Content,iOS,0
SW-3865,25-34,Basic,11,7.99,6.2,Music-heavy,PayPal,0,No ticket,Web,0
SW-3866,35-49,Premium,9,12.99,2.8,Balanced,Credit card,0,No ticket,iOS,0
SW-3867,25-34,Basic,35,7.99,32.3,Music-heavy,PayPal,0,No ticket,Partner promo,0
SW-3868,35-49,Family,29,18.99,17.8,Podcast-heavy,Credit card,0,No ticket,Android,0
SW-3869,25-34,Basic,5,7.99,9.8,Music-heavy,Debit,0,No ticket,Web,0
SW-3870,25-34,Family,8,18.99,15.4,Podcast-heavy,Credit card,0,No ticket,Partner promo,0
SW-3871,50 plus,Family,22,18.99,14.6,Balanced,Credit card,0,No ticket,Android,0
SW-3872,50 plus,Basic,18,7.99,3.6,Music-heavy,Credit card,0,No ticket,Web,1
SW-3873,50 plus,Premium,12,12.99,13.3,Low-usage,Credit card,0,No ticket,Partner promo,1
SW-3874,25-34,Premium,5,12.99,22.1,Low-usage,Credit card,1,Playback,Partner promo,0
SW-3875,35-49,Family,7,18.99,4.7,Music-heavy,Credit card,1,Billing,Android,0
SW-3876,25-34,Basic,8,7.99,2.3,Balanced,Gift card,0,No ticket,iOS,0
SW-3877,25-34,Premium,15,12.99,3.2,Balanced,Gift card,1,Playback,Android,0
SW-3878,Under 25,Basic,40,7.99,7.4,Low-usage,PayPal,3,Billing,Android,1
SW-3879,35-49,Basic,7,7.99,3.0,Balanced,Credit card,1,Billing,Android,0
SW-3880,Under 25,Basic,6,7.99,7.0,Music-heavy,Credit card,2,Playback,Web,1
SW-3881,25-34,Basic,11,7.99,4.7,Low-usage,Credit card,0,No ticket,Partner promo,0
SW-3882,50 plus,Premium,25,12.99,8.0,Low-usage,Credit card,0,No ticket,iOS,0
SW-3883,Under 25,Premium,4,12.99,5.3,Music-heavy,Credit card,1,Account,Partner promo,0
SW-3884,Under 25,Premium,33,12.99,7.8,Podcast-heavy,Credit card,0,No ticket,Web,0
SW-3885,Under 25,Basic,11,7.99,13.0,Podcast-heavy,Credit card,3,Billing,Partner promo,1
SW-3886,50 plus,Premium,7,12.99,3.7,Podcast-heavy,PayPal,0,No ticket,Android,0
SW-3887,25-34,Free,4,0.0,10.0,Low-usage,Debit,1,Account,Partner promo,0
SW-3888,25-34,Premium,20,12.99,4.0,Music-heavy,Credit card,0,No ticket,Web,0
SW-3889,35-49,Family,11,18.99,8.0,Balanced,Debit,2,Billing,iOS,1
SW-3890,35-49,Basic,14,7.99,7.5,Music-heavy,Credit card,0,No ticket,Web,0
SW-3891,25-34,Free,6,0.0,10.6,Podcast-heavy,Credit card,1,Playback,Web,0
SW-3892,35-49,Basic,10,7.99,9.3,Balanced,Credit card,0,No ticket,Web,0
SW-3893,35-49,Premium,9,12.99,21.6,Music-heavy,PayPal,1,Billing,Partner promo,0
SW-3894,35-49,Premium,11,12.99,7.8,Podcast-heavy,Credit card,1,Billing,Android,0
SW-3895,Under 25,Premium,8,12.99,4.8,Low-usage,Debit,0,No ticket,iOS,0
SW-3896,50 plus,Basic,4,7.99,16.8,Balanced,Credit card,1,Billing,Partner promo,0
SW-3897,25-34,Premium,60,12.99,10.4,Podcast-heavy,Credit card,0,No ticket,Android,0
SW-3898,25-34,Premium,5,12.99,16.2,Music-heavy,Credit card,1,Playback,Partner promo,0
SW-3899,25-34,Premium,14,12.99,7.3,Low-usage,Debit,0,No ticket,Partner promo,1
SW-3900,Under 25,Premium,3,12.99,2.8,Balanced,Credit card,1,Playback,Android,0
SW-3901,Under 25,Free,3,0.0,40.0,Balanced,Debit,1,Account,Web,0
SW-3902,35-49,Basic,13,7.99,4.9,Music-heavy,Credit card,0,No ticket,Partner promo,0
SW-3903,Under 25,Family,14,18.99,3.2,Balanced,Credit card,0,No ticket,iOS,0
SW-3904,25-34,Basic,29,7.99,14.2,Music-heavy,Debit,1,Account,Android,0
SW-3905,25-34,Premium,16,12.99,3.8,Music-heavy,Credit card,0,No ticket,Android,0
SW-3906,Under 25,Premium,11,12.99,5.8,Podcast-heavy,Credit card,0,No ticket,Web,0
SW-3907,50 plus,Basic,6,7.99,8.8,Music-heavy,Credit card,2,Content,Android,0
SW-3908,25-34,Premium,34,12.99,7.1,Music-heavy,Debit,1,Playback,iOS,0
SW-3909,25-34,Premium,23,12.99,6.0,Balanced,Debit,2,Billing,Web,0
SW-3910,25-34,Basic,5,7.99,28.5,Podcast-heavy,Credit card,1,Account,Web,0
SW-3911,25-34,Free,12,0.0,7.3,Balanced,Debit,1,Content,Android,0
SW-3912,Under 25,Basic,13,7.99,3.9,Balanced,Debit,0,No ticket,Web,0
SW-3913,35-49,Free,9,0.0,17.5,Balanced,Credit card,1,Playback,Android,0
SW-3914,50 plus,Free,21,0.0,4.5,Music-heavy,Credit card,0,No ticket,Android,0
SW-3915,25-34,Basic,21,7.99,7.3,Music-heavy,Debit,0,No ticket,Android,0
SW-3916,35-49,Basic,11,7.99,3.9,Balanced,Debit,1,Billing,Android,0
SW-3917,35-49,Premium,10,12.99,9.5,Low-usage,Credit card,0,No ticket,Partner promo,1
SW-3918,50 plus,Basic,34,7.99,8.3,Balanced,Debit,0,No ticket,iOS,0
SW-3919,25-34,Premium,23,12.99,7.8,Podcast-heavy,Credit card,0,No ticket,Web,0
SW-3920,25-34,Premium,13,12.99,9.0,Music-heavy,PayPal,0,No ticket,iOS,0
SW-3921,25-34,Premium,4,12.99,15.4,Balanced,Credit card,0,No ticket,iOS,0
SW-3922,35-49,Basic,15,7.99,14.0,Low-usage,Credit card,0,No ticket,Web,0
SW-3923,35-49,Family,20,18.99,3.5,Music-heavy,Credit card,0,No ticket,Android,0
SW-3924,Under 25,Premium,2,12.99,4.7,Music-heavy,Credit card,1,Account,iOS,0
SW-3925,25-34,Premium,14,12.99,16.8,Low-usage,Credit card,1,Playback,Partner promo,0
SW-3926,50 plus,Basic,9,7.99,4.3,Music-heavy,Debit,1,Account,iOS,0
SW-3927,35-49,Free,10,0.0,11.9,Music-heavy,Debit,3,Billing,Partner promo,1
SW-3928,50 plus,Premium,6,12.99,15.7,Music-heavy,Debit,0,No ticket,iOS,0
SW-3929,35-49,Free,11,0.0,2.2,Podcast-heavy,Credit card,0,No ticket,Partner promo,0
SW-3930,25-34,Premium,32,12.99,5.8,Podcast-heavy,Debit,0,No ticket,iOS,0
SW-3931,35-49,Basic,9,7.99,15.4,Podcast-heavy,Credit card,1,Billing,iOS,0
SW-3932,35-49,Premium,24,12.99,7.1,Low-usage,Credit card,1,Playback,iOS,0
SW-3933,Under 25,Family,7,18.99,5.8,Balanced,Credit card,2,Billing,iOS,0
SW-3934,25-34,Basic,20,7.99,15.6,Low-usage,Credit card,1,Billing,Partner promo,0
SW-3935,35-49,Premium,12,12.99,19.3,Podcast-heavy,Credit card,3,Content,Web,0
SW-3936,Under 25,Premium,15,12.99,4.6,Music-heavy,Credit card,0,No ticket,Web,0
SW-3937,35-49,Premium,12,12.99,32.9,Low-usage,Gift card,2,Billing,Android,0
SW-3938,35-49,Family,19,18.99,1.9,Music-heavy,PayPal,1,Playback,iOS,0
SW-3939,50 plus,Family,2,18.99,2.4,Balanced,PayPal,1,Playback,Web,0
SW-3940,Under 25,Premium,4,12.99,5.6,Music-heavy,Credit card,1,Billing,iOS,0
SW-3941,25-34,Basic,16,7.99,6.1,Balanced,PayPal,1,Playback,iOS,0
SW-3942,35-49,Premium,3,12.99,6.3,Low-usage,Credit card,0,No ticket,Android,0
SW-3943,25-34,Basic,8,7.99,5.2,Podcast-heavy,Debit,0,No ticket,Android,0
SW-3944,35-49,Basic,12,7.99,4.5,Music-heavy,Credit card,0,No ticket,iOS,1
SW-3945,35-49,Premium,7,12.99,6.7,Music-heavy,Credit card,0,No ticket,Android,0
SW-3946,Under 25,Premium,7,12.99,5.0,Podcast-heavy,Credit card,2,Billing,Android,1
SW-3947,25-34,Family,15,18.99,13.8,Music-heavy,Debit,2,Billing,Android,1
SW-3948,25-34,Basic,24,7.99,8.2,Balanced,Credit card,0,No ticket,Web,0
SW-3949,25-34,Free,6,0.0,6.7,Music-heavy,Debit,1,Billing,iOS,1
SW-3950,50 plus,Family,8,18.99,7.6,Music-heavy,PayPal,0,No ticket,Android,0
SW-3951,35-49,Basic,7,7.99,19.5,Podcast-heavy,Credit card,1,Billing,Partner promo,0
SW-3952,35-49,Premium,2,12.99,5.4,Podcast-heavy,Credit card,2,Playback,Android,0
SW-3953,35-49,Free,13,0.0,2.9,Music-heavy,Debit,1,Billing,Android,0
SW-3954,25-34,Basic,23,7.99,3.7,Balanced,Credit card,1,Content,Partner promo,0
SW-3955,50 plus,Family,24,18.99,6.6,Low-usage,PayPal,0,No ticket,iOS,0
SW-3956,35-49,Free,7,0.0,11.8,Music-heavy,PayPal,1,Billing,Android,0
SW-3957,35-49,Basic,5,7.99,16.2,Music-heavy,Credit card,0,No ticket,Android,0
SW-3958,50 plus,Basic,12,7.99,29.9,Balanced,Credit card,0,No ticket,Partner promo,0
SW-3959,25-34,Family,21,18.99,14.5,Music-heavy,Gift card,0,No ticket,Partner promo,0
SW-3960,35-49,Family,13,18.99,3.9,Music-heavy,Gift card,0,No ticket,iOS,0
SW-3961,Under 25,Basic,15,7.99,6.8,Balanced,Credit card,0,No ticket,Web,0
SW-3962,25-34,Free,27,0.0,1.4,Music-heavy,Credit card,0,No ticket,iOS,0
SW-3963,25-34,Premium,7,12.99,6.2,Music-heavy,Debit,0,No ticket,Android,0
SW-3964,50 plus,Basic,10,7.99,4.9,Low-usage,Credit card,0,No ticket,Android,0
SW-3965,50 plus,Premium,38,12.99,1.3,Music-heavy,PayPal,2,Billing,iOS,0
SW-3966,35-49,Free,10,0.0,40.0,Low-usage,PayPal,0,No ticket,Web,0
SW-3967,35-49,Premium,5,12.99,5.9,Low-usage,Debit,1,Account,Partner promo,0
SW-3968,35-49,Premium,8,12.99,1.5,Balanced,Credit card,2,Billing,iOS,0
SW-3969,50 plus,Basic,6,7.99,6.4,Podcast-heavy,Debit,0,No ticket,Web,0
SW-3970,25-34,Family,15,18.99,30.0,Music-heavy,Credit card,1,Playback,Android,0
SW-3971,25-34,Free,6,0.0,36.8,Balanced,Credit card,0,No ticket,Web,0
SW-3972,Under 25,Basic,15,7.99,8.4,Low-usage,Credit card,1,Content,Android,0
SW-3973,35-49,Family,7,18.99,8.6,Music-heavy,Credit card,2,Billing,Web,1
SW-3974,35-49,Basic,3,7.99,21.3,Balanced,PayPal,0,No ticket,Android,0
SW-3975,25-34,Premium,15,12.99,7.1,Podcast-heavy,PayPal,1,Playback,Android,0
SW-3976,Under 25,Basic,13,7.99,11.6,Balanced,Credit card,0,No ticket,iOS,0
SW-3977,35-49,Premium,17,12.99,15.7,Balanced,Credit card,1,Playback,Android,0
SW-3978,Under 25,Premium,7,12.99,3.4,Music-heavy,Credit card,0,No ticket,Web,0
SW-3979,35-49,Basic,7,7.99,27.4,Music-heavy,Credit card,0,No ticket,Partner promo,0
SW-3980,50 plus,Premium,16,12.99,4.0,Podcast-heavy,Debit,2,Billing,Android,0
SW-3981,25-34,Premium,35,12.99,4.8,Low-usage,Credit card,0,No ticket,Android,0
SW-3982,25-34,Basic,12,7.99,8.7,Music-heavy,PayPal,0,No ticket,Web,0
SW-3983,35-49,Premium,16,12.99,17.0,Balanced,Debit,2,Content,Web,0
SW-3984,35-49,Premium,10,12.99,13.8,Music-heavy,Credit card,4,Billing,Android,0
SW-3985,25-34,Basic,4,7.99,7.7,Balanced,Credit card,1,Playback,Web,0
SW-3986,50 plus,Basic,24,7.99,10.0,Balanced,Credit card,2,Billing,Android,1
SW-3987,Under 25,Basic,23,7.99,18.9,Balanced,Credit card,1,Content,iOS,0
SW-3988,25-34,Basic,20,7.99,8.1,Low-usage,Credit card,1,Account,iOS,0
SW-3989,35-49,Premium,11,12.99,4.2,Music-heavy,Credit card,0,No ticket,Web,0
SW-3990,50 plus,Premium,18,12.99,4.9,Music-heavy,Gift card,1,Content,Partner promo,0
SW-3991,Under 25,Family,22,18.99,16.6,Low-usage,Credit card,0,No ticket,Partner promo,0
SW-3992,35-49,Basic,37,7.99,4.2,Music-heavy,Debit,0,No ticket,Web,0
SW-3993,25-34,Basic,24,7.99,2.3,Balanced,Credit card,1,Content,iOS,0
SW-3994,25-34,Premium,13,12.99,6.3,Balanced,Credit card,0,No ticket,iOS,0
SW-3995,Under 25,Premium,5,12.99,7.5,Balanced,Credit card,1,Account,Web,0
SW-3996,50 plus,Premium,13,12.99,15.9,Music-heavy,Credit card,2,Billing,Partner promo,1
SW-3997,Under 25,Premium,14,12.99,2.5,Low-usage,Credit card,3,Billing,Partner promo,0
SW-3998,25-34,Basic,20,7.99,10.6,Balanced,Debit,0,No ticket,Partner promo,0
SW-3999,25-34,Basic,31,7.99,20.1,Music-heavy,Debit,1,Billing,Android,0
SW-4000,50 plus,Family,11,18.99,4.2,Balanced,Debit,0,No ticket,Android,0
SW-4001,35-49,Basic,52,7.99,8.5,Podcast-heavy,PayPal,1,Playback,Android,0
SW-4002,35-49,Family,4,18.99,1.4,Podcast-heavy,PayPal,0,No ticket,Android,0
SW-4003,25-34,Premium,16,12.99,16.1,Music-heavy,Debit,2,Billing,Android,0
SW-4004,35-49,Basic,7,7.99,15.1,Low-usage,Credit card,0,No ticket,Web,0
SW-4005,35-49,Premium,3,12.99,7.9,Podcast-heavy,Gift card,1,Billing,Android,0
SW-4006,35-49,Premium,10,12.99,2.8,Podcast-heavy,PayPal,1,Billing,iOS,0
SW-4007,50 plus,Family,4,18.99,13.6,Low-usage,Debit,1,Billing,Partner promo,0
SW-4008,Under 25,Basic,11,7.99,6.6,Balanced,Credit card,1,Billing,iOS,0
SW-4009,35-49,Basic,12,7.99,0.9,Low-usage,Credit card,0,No ticket,Web,0
SW-4010,Under 25,Basic,26,7.99,14.9,Music-heavy,PayPal,0,No ticket,Web,0
SW-4011,25-34,Free,4,0.0,20.3,Balanced,PayPal,2,Billing,Partner promo,0
SW-4012,25-34,Premium,23,12.99,23.4,Music-heavy,Debit,0,No ticket,Partner promo,1
SW-4013,25-34,Family,13,18.99,2.9,Balanced,Debit,0,No ticket,Android,0
SW-4014,25-34,Basic,25,7.99,1.7,Balanced,Credit card,0,No ticket,Web,0
SW-4015,35-49,Premium,9,12.99,5.8,Music-heavy,Credit card,0,No ticket,Web,0
SW-4016,25-34,Premium,5,12.99,12.1,Podcast-heavy,Debit,3,Billing,iOS,1
SW-4017,35-49,Premium,5,12.99,3.8,Low-usage,Credit card,1,Content,Partner promo,1
SW-4018,25-34,Free,5,0.0,2.2,Music-heavy,Debit,1,Billing,Android,1
SW-4019,Under 25,Premium,17,12.99,14.3,Balanced,PayPal,0,No ticket,Partner promo,0
SW-4020,35-49,Premium,34,12.99,6.1,Low-usage,Credit card,0,No ticket,Partner promo,1
SW-4021,25-34,Premium,8,12.99,13.2,Low-usage,Credit card,0,No ticket,Android,0
SW-4022,25-34,Free,19,0.0,8.1,Music-heavy,PayPal,0,No ticket,iOS,0
SW-4023,35-49,Basic,4,7.99,7.0,Podcast-heavy,Credit card,0,No ticket,Web,0
SW-4024,25-34,Free,14,0.0,7.6,Music-heavy,Credit card,0,No ticket,Partner promo,0
SW-4025,Under 25,Premium,19,12.99,6.0,Music-heavy,Debit,1,Playback,Web,0
SW-4026,25-34,Premium,4,12.99,5.5,Podcast-heavy,PayPal,0,No ticket,Android,0
SW-4027,50 plus,Free,10,0.0,3.3,Podcast-heavy,PayPal,0,No ticket,Android,0
SW-4028,35-49,Premium,20,12.99,11.8,Music-heavy,Credit card,0,No ticket,Web,0
SW-4029,35-49,Premium,2,12.99,21.7,Low-usage,Credit card,0,No ticket,Web,0
SW-4030,35-49,Premium,31,12.99,5.4,Music-heavy,PayPal,1,Billing,iOS,0
SW-4031,Under 25,Family,15,18.99,35.6,Balanced,Debit,0,No ticket,Android,1
SW-4032,25-34,Free,20,0.0,10.8,Podcast-heavy,Debit,0,No ticket,Web,1
SW-4033,35-49,Family,9,18.99,9.8,Podcast-heavy,Credit card,0,No ticket,iOS,0
SW-4034,Under 25,Free,4,0.0,13.5,Music-heavy,Credit card,0,No ticket,Android,0
SW-4035,25-34,Basic,17,7.99,17.5,Balanced,Credit card,0,No ticket,Web,0
SW-4036,25-34,Family,11,18.99,5.6,Podcast-heavy,Credit card,0,No ticket,Web,0
SW-4037,25-34,Family,12,18.99,12.5,Music-heavy,Credit card,0,No ticket,iOS,0
SW-4038,50 plus,Premium,26,12.99,18.5,Music-heavy,Gift card,2,Billing,Web,1
SW-4039,Under 25,Premium,20,12.99,5.9,Music-heavy,Credit card,1,Playback,Android,0
SW-4040,25-34,Premium,46,12.99,8.0,Music-heavy,Credit card,0,No ticket,Partner promo,0
SW-4041,Under 25,Premium,13,12.99,4.3,Music-heavy,Credit card,0,No ticket,Web,1
SW-4042,50 plus,Free,7,0.0,5.4,Music-heavy,Debit,2,Billing,Partner promo,1
SW-4043,Under 25,Premium,11,12.99,6.0,Balanced,PayPal,0,No ticket,iOS,0
SW-4044,25-34,Premium,16,12.99,3.9,Music-heavy,PayPal,1,Playback,Android,0
SW-4045,35-49,Basic,24,7.99,7.6,Music-heavy,PayPal,1,Billing,Android,0
SW-4046,35-49,Basic,4,7.99,10.4,Music-heavy,PayPal,0,No ticket,iOS,0
SW-4047,25-34,Premium,12,12.99,11.3,Podcast-heavy,PayPal,1,Playback,Web,0
SW-4048,25-34,Family,37,18.99,4.2,Music-heavy,Credit card,0,No ticket,Web,0
SW-4049,25-34,Premium,10,12.99,4.9,Balanced,Credit card,1,Content,Android,0
SW-4050,25-34,Family,23,18.99,15.8,Balanced,Credit card,0,No ticket,Web,0
SW-4051,Under 25,Basic,17,7.99,4.9,Podcast-heavy,Credit card,0,No ticket,iOS,0
SW-4052,25-34,Premium,23,12.99,15.5,Music-heavy,Debit,0,No ticket,iOS,0
SW-4053,25-34,Premium,7,12.99,4.5,Podcast-heavy,Credit card,0,No ticket,iOS,0
SW-4054,25-34,Premium,7,12.99,10.8,Music-heavy,Debit,0,No ticket,Android,0
SW-4055,35-49,Premium,12,12.99,14.6,Low-usage,Credit card,0,No ticket,Android,0
SW-4056,50 plus,Premium,4,12.99,1.0,Balanced,Credit card,0,No ticket,Android,0
SW-4057,35-49,Family,10,18.99,16.0,Podcast-heavy,Credit card,1,Billing,iOS,0
SW-4058,Under 25,Premium,14,12.99,22.7,Low-usage,PayPal,1,Playback,Web,0
SW-4059,Under 25,Free,42,0.0,6.2,Podcast-heavy,Debit,0,No ticket,iOS,0
SW-4060,50 plus,Premium,16,12.99,10.5,Music-heavy,Gift card,0,No ticket,Android,0
SW-4061,25-34,Basic,19,7.99,4.1,Music-heavy,PayPal,1,Playback,iOS,0
SW-4062,Under 25,Basic,27,7.99,10.7,Podcast-heavy,Credit card,0,No ticket,Partner promo,0
SW-4063,35-49,Family,6,18.99,40.0,Balanced,Credit card,0,No ticket,Web,0
SW-4064,35-49,Basic,11,7.99,1.4,Balanced,Debit,2,Account,Partner promo,0
SW-4065,35-49,Premium,60,12.99,5.4,Balanced,Debit,1,Billing,Android,0
SW-4066,25-34,Basic,11,7.99,15.1,Podcast-heavy,Credit card,2,Account,Android,1
SW-4067,Under 25,Free,26,0.0,21.9,Balanced,Credit card,0,No ticket,iOS,0
SW-4068,50 plus,Premium,24,12.99,2.6,Balanced,Debit,0,No ticket,iOS,0
SW-4069,25-34,Free,4,0.0,4.8,Podcast-heavy,Credit card,1,Account,Android,0
SW-4070,35-49,Premium,15,12.99,5.0,Podcast-heavy,PayPal,1,Billing,Android,0
SW-4071,35-49,Basic,13,7.99,4.7,Balanced,Debit,0,No ticket,iOS,0
SW-4072,35-49,Basic,15,7.99,7.3,Balanced,Credit card,1,Playback,iOS,0
SW-4073,25-34,Free,7,0.0,2.6,Balanced,Credit card,0,No ticket,Android,0
SW-4074,25-34,Basic,5,7.99,6.5,Music-heavy,Debit,1,Playback,Partner promo,0
SW-4075,35-49,Premium,9,12.99,3.8,Music-heavy,Debit,0,No ticket,iOS,0
SW-4076,50 plus,Basic,11,7.99,7.6,Balanced,Debit,2,Playback,iOS,0
SW-4077,50 plus,Premium,28,12.99,4.6,Balanced,Debit,0,No ticket,Partner promo,0
SW-4078,Under 25,Family,43,18.99,7.0,Podcast-heavy,Debit,0,No ticket,Android,0
SW-4079,Under 25,Premium,32,12.99,3.5,Podcast-heavy,Credit card,0,No ticket,iOS,0
SW-4080,50 plus,Premium,22,12.99,17.1,Low-usage,PayPal,1,Content,Web,0
SW-4081,35-49,Free,6,0.0,6.2,Low-usage,Credit card,0,No ticket,Android,0
SW-4082,50 plus,Basic,9,7.99,8.1,Balanced,Credit card,0,No ticket,iOS,0
SW-4083,Under 25,Family,14,18.99,7.1,Music-heavy,Credit card,1,Playback,Web,0
SW-4084,35-49,Premium,8,12.99,8.0,Balanced,Credit card,1,Account,Android,0
SW-4085,35-49,Premium,18,12.99,8.0,Music-heavy,Credit card,1,Billing,iOS,0
SW-4086,35-49,Premium,20,12.99,15.2,Low-usage,Debit,0,No ticket,iOS,0
SW-4087,25-34,Basic,17,7.99,6.4,Music-heavy,Credit card,1,Billing,iOS,0
SW-4088,Under 25,Free,25,0.0,4.5,Balanced,PayPal,1,Account,Android,0
SW-4089,35-49,Premium,6,12.99,8.3,Balanced,Debit,0,No ticket,Web,0
SW-4090,25-34,Premium,23,12.99,4.9,Low-usage,Credit card,0,No ticket,Partner promo,1
SW-4091,25-34,Premium,7,12.99,7.5,Podcast-heavy,Credit card,0,No ticket,iOS,0
SW-4092,50 plus,Family,6,18.99,3.4,Music-heavy,Credit card,0,No ticket,Web,0
SW-4093,25-34,Basic,17,7.99,18.5,Balanced,Credit card,0,No ticket,Android,0
SW-4094,35-49,Basic,28,7.99,4.3,Podcast-heavy,Credit card,1,Content,Partner promo,0
SW-4095,Under 25,Family,17,18.99,20.9,Music-heavy,Credit card,0,No ticket,Android,0
SW-4096,35-49,Premium,12,12.99,7.6,Low-usage,Credit card,2,Content,Web,0
SW-4097,50 plus,Premium,15,12.99,15.9,Podcast-heavy,Credit card,1,Account,Web,0
SW-4098,Under 25,Free,13,0.0,4.3,Balanced,Credit card,0,No ticket,Web,0
SW-4099,Under 25,Basic,5,7.99,1.7,Podcast-heavy,PayPal,0,No ticket,Web,0
SW-4100,25-34,Premium,5,12.99,2.1,Balanced,Credit card,2,Playback,iOS,0
SW-4101,Under 25,Basic,11,7.99,40.0,Balanced,Credit card,0,No ticket,Web,0
SW-4102,35-49,Premium,13,12.99,5.0,Balanced,Credit card,1,Playback,Partner promo,0
SW-4103,50 plus,Family,12,18.99,19.2,Low-usage,Credit card,1,Account,Partner promo,0
SW-4104,25-34,Premium,19,12.99,2.8,Podcast-heavy,Debit,0,No ticket,Android,0
SW-4105,25-34,Basic,10,7.99,9.2,Balanced,Credit card,1,Playback,Web,0
SW-4106,25-34,Premium,18,12.99,10.6,Balanced,Credit card,0,No ticket,Android,0
SW-4107,35-49,Premium,11,12.99,40.0,Low-usage,Debit,0,No ticket,Partner promo,1
SW-4108,Under 25,Basic,43,7.99,6.2,Podcast-heavy,Credit card,1,Billing,Web,0
SW-4109,35-49,Free,13,0.0,4.5,Low-usage,Credit card,0,No ticket,iOS,0
SW-4110,35-49,Basic,60,7.99,10.6,Music-heavy,Credit card,0,No ticket,iOS,0
SW-4111,35-49,Family,15,18.99,3.8,Music-heavy,Credit card,0,No ticket,iOS,0
SW-4112,25-34,Basic,10,7.99,11.1,Podcast-heavy,Credit card,3,Playback,Web,0
SW-4113,35-49,Basic,6,7.99,7.7,Music-heavy,Gift card,1,Account,Web,0
SW-4114,Under 25,Family,4,18.99,4.4,Low-usage,Credit card,0,No ticket,Android,0
SW-4115,Under 25,Free,6,0.0,11.9,Music-heavy,Debit,2,Billing,iOS,0
SW-4116,50 plus,Premium,6,12.99,8.7,Music-heavy,Debit,3,Billing,Web,0
SW-4117,35-49,Basic,16,7.99,14.7,Balanced,PayPal,0,No ticket,iOS,0
SW-4118,Under 25,Free,8,0.0,30.0,Music-heavy,Debit,1,Billing,Web,0
SW-4119,25-34,Family,14,18.99,5.4,Balanced,PayPal,0,No ticket,Android,0
SW-4120,Under 25,Free,29,0.0,5.8,Balanced,Credit card,0,No ticket,Web,0
SW-4121,25-34,Premium,11,12.99,2.7,Balanced,Credit card,3,Billing,Android,1
SW-4122,25-34,Basic,51,7.99,12.1,Balanced,PayPal,0,No ticket,Android,0
SW-4123,Under 25,Free,5,0.0,4.8,Music-heavy,PayPal,2,Playback,Android,0
SW-4124,25-34,Free,11,0.0,10.5,Music-heavy,Credit card,0,No ticket,Web,0
SW-4125,35-49,Free,8,0.0,20.3,Music-heavy,Credit card,1,Playback,iOS,0
SW-4126,35-49,Free,23,0.0,4.6,Music-heavy,Debit,1,Billing,Partner promo,0
SW-4127,35-49,Premium,3,12.99,5.5,Podcast-heavy,Credit card,0,No ticket,Android,0
SW-4128,Under 25,Premium,4,12.99,18.0,Podcast-heavy,PayPal,1,Billing,Partner promo,0
SW-4129,50 plus,Basic,11,7.99,14.1,Podcast-heavy,Credit card,0,No ticket,Partner promo,0
SW-4130,35-49,Basic,36,7.99,12.9,Music-heavy,Debit,0,No ticket,Android,0
SW-4131,35-49,Family,14,18.99,5.8,Podcast-heavy,Credit card,0,No ticket,Web,0
SW-4132,35-49,Family,5,18.99,2.5,Music-heavy,Credit card,0,No ticket,Android,0
SW-4133,50 plus,Premium,5,12.99,4.5,Music-heavy,Credit card,0,No ticket,Android,0
SW-4134,25-34,Family,39,18.99,3.6,Balanced,Credit card,0,No ticket,Android,0
SW-4135,Under 25,Basic,8,7.99,12.7,Balanced,Credit card,0,No ticket,Android,0
SW-4136,35-49,Basic,6,7.99,10.0,Balanced,PayPal,0,No ticket,Android,0
SW-4137,35-49,Premium,34,12.99,5.0,Balanced,Credit card,0,No ticket,iOS,0
SW-4138,35-49,Premium,24,12.99,5.7,Balanced,Credit card,0,No ticket,iOS,0
SW-4139,25-34,Premium,29,12.99,11.7,Balanced,Credit card,0,No ticket,Web,0
SW-4140,Under 25,Basic,6,7.99,6.2,Music-heavy,Debit,3,Billing,Android,0
SW-4141,25-34,Family,4,18.99,5.0,Music-heavy,Credit card,0,No ticket,Android,0
SW-4142,50 plus,Premium,13,12.99,39.0,Balanced,Gift card,0,No ticket,Android,0
SW-4143,35-49,Basic,15,7.99,5.2,Music-heavy,PayPal,1,Account,Web,0
SW-4144,25-34,Premium,15,12.99,13.7,Music-heavy,PayPal,1,Content,Web,0
SW-4145,25-34,Basic,34,7.99,11.0,Music-heavy,Credit card,3,Billing,Web,0
SW-4146,25-34,Free,4,0.0,2.4,Music-heavy,PayPal,2,Account,Web,0
SW-4147,50 plus,Basic,22,7.99,4.6,Balanced,Credit card,0,No ticket,iOS,0
SW-4148,35-49,Basic,6,7.99,15.4,Music-heavy,Debit,0,No ticket,Web,0
SW-4149,35-49,Free,22,0.0,7.2,Podcast-heavy,Credit card,1,Account,Web,0
SW-4150,25-34,Premium,9,12.99,2.5,Music-heavy,Debit,0,No ticket,Android,0
SW-4151,35-49,Basic,7,7.99,11.0,Balanced,Credit card,0,No ticket,Partner promo,0
SW-4152,25-34,Premium,8,12.99,5.0,Balanced,Credit card,0,No ticket,Web,0
SW-4153,35-49,Free,4,0.0,11.3,Music-heavy,Credit card,0,No ticket,iOS,0
SW-4154,25-34,Basic,12,7.99,40.0,Balanced,Credit card,0,No ticket,Partner promo,0
SW-4155,25-34,Family,7,18.99,10.9,Music-heavy,Debit,0,No ticket,Partner promo,0
SW-4156,35-49,Premium,21,12.99,13.1,Balanced,Gift card,0,No ticket,iOS,0
SW-4157,50 plus,Family,19,18.99,6.5,Balanced,PayPal,0,No ticket,iOS,0
SW-4158,Under 25,Family,39,18.99,3.3,Low-usage,Credit card,1,Billing,Web,0
SW-4159,35-49,Basic,16,7.99,18.1,Music-heavy,Credit card,1,Content,Web,0
SW-4160,25-34,Basic,17,7.99,4.9,Music-heavy,Credit card,0,No ticket,iOS,0
SW-4161,25-34,Family,32,18.99,6.7,Music-heavy,Credit card,0,No ticket,iOS,0
SW-4162,Under 25,Family,8,18.99,33.6,Music-heavy,Gift card,1,Billing,Android,0
SW-4163,25-34,Premium,4,12.99,6.1,Music-heavy,Credit card,0,No ticket,Web,0
SW-4164,25-34,Premium,14,12.99,21.2,Music-heavy,PayPal,1,Playback,Android,0
SW-4165,Under 25,Premium,4,12.99,10.9,Podcast-heavy,Debit,1,Playback,Web,0
SW-4166,25-34,Basic,60,7.99,5.1,Low-usage,Debit,2,Billing,Android,0
SW-4167,50 plus,Premium,33,12.99,10.5,Music-heavy,PayPal,0,No ticket,Android,0
SW-4168,Under 25,Premium,55,12.99,4.5,Low-usage,Credit card,0,No ticket,Android,0
SW-4169,35-49,Premium,13,12.99,16.5,Low-usage,Credit card,0,No ticket,Partner promo,0
SW-4170,25-34,Free,18,0.0,21.7,Low-usage,PayPal,1,Playback,Web,0
SW-4171,35-49,Basic,9,7.99,8.3,Low-usage,Debit,0,No ticket,Web,0
SW-4172,25-34,Free,22,0.0,23.4,Balanced,Credit card,0,No ticket,iOS,0
SW-4173,Under 25,Basic,5,7.99,9.1,Balanced,Credit card,0,No ticket,Web,0
SW-4174,Under 25,Family,2,18.99,16.6,Podcast-heavy,PayPal,0,No ticket,iOS,0
SW-4175,Under 25,Free,7,0.0,40.0,Podcast-heavy,Credit card,0,No ticket,Web,0
SW-4176,Under 25,Basic,4,7.99,40.0,Low-usage,PayPal,2,Billing,iOS,1
SW-4177,35-49,Basic,34,7.99,6.9,Music-heavy,Credit card,0,No ticket,Android,0
SW-4178,50 plus,Premium,43,12.99,10.1,Music-heavy,Debit,0,No ticket,iOS,0
SW-4179,35-49,Premium,4,12.99,3.4,Balanced,Debit,1,Content,Web,0
SW-4180,35-49,Basic,30,7.99,15.2,Podcast-heavy,Debit,3,Billing,Android,0
SW-4181,Under 25,Basic,23,7.99,10.9,Balanced,Credit card,1,Content,Android,0
SW-4182,25-34,Basic,4,7.99,4.3,Music-heavy,PayPal,0,No ticket,Web,0
SW-4183,25-34,Premium,9,12.99,20.7,Balanced,Debit,1,Playback,Web,1
SW-4184,25-34,Basic,8,7.99,6.5,Music-heavy,PayPal,0,No ticket,Android,0
SW-4185,25-34,Family,20,18.99,5.3,Low-usage,Credit card,0,No ticket,Partner promo,0
SW-4186,25-34,Basic,5,7.99,11.0,Music-heavy,Credit card,0,No ticket,Web,0
SW-4187,25-34,Free,11,0.0,5.5,Balanced,Credit card,1,Billing,Android,0
SW-4188,25-34,Premium,7,12.99,7.8,Music-heavy,Credit card,2,Playback,Partner promo,0
SW-4189,35-49,Basic,17,7.99,32.3,Music-heavy,Debit,0,No ticket,iOS,0
SW-4190,35-49,Premium,10,12.99,4.9,Music-heavy,Credit card,0,No ticket,iOS,0
SW-4191,25-34,Basic,8,7.99,13.7,Music-heavy,PayPal,0,No ticket,Android,0
SW-4192,50 plus,Premium,10,12.99,5.0,Balanced,Credit card,1,Playback,Web,0
SW-4193,50 plus,Premium,50,12.99,3.7,Music-heavy,Credit card,0,No ticket,iOS,0
SW-4194,25-34,Family,9,18.99,7.5,Podcast-heavy,PayPal,1,Playback,Web,0
SW-4195,25-34,Basic,6,7.99,40.0,Music-heavy,PayPal,0,No ticket,Web,0
SW-4196,25-34,Basic,18,7.99,15.0,Balanced,PayPal,0,No ticket,Web,0
SW-4197,50 plus,Basic,11,7.99,11.6,Music-heavy,PayPal,1,Account,Android,0
SW-4198,50 plus,Family,4,18.99,5.3,Music-heavy,Debit,1,Content,Partner promo,0
SW-4199,Under 25,Family,57,18.99,5.9,Balanced,PayPal,0,No ticket,iOS,0
SW-4200,25-34,Free,9,0.0,2.4,Low-usage,Debit,1,Content,Web,0
SW-4201,25-34,Free,9,0.0,33.6,Balanced,Gift card,1,Playback,Android,0
SW-4202,25-34,Premium,13,12.99,9.9,Low-usage,Credit card,2,Billing,iOS,0
SW-4203,Under 25,Free,40,0.0,9.3,Music-heavy,PayPal,0,No ticket,Android,0
SW-4204,50 plus,Basic,4,7.99,9.4,Balanced,Debit,0,No ticket,Android,0
SW-4205,35-49,Free,15,0.0,40.0,Balanced,Credit card,1,Billing,Partner promo,0
SW-4206,35-49,Premium,52,12.99,10.2,Low-usage,Credit card,1,Content,Web,0
SW-4207,50 plus,Family,13,18.99,6.9,Music-heavy,PayPal,0,No ticket,Web,0
SW-4208,35-49,Family,5,18.99,33.7,Low-usage,Credit card,0,No ticket,iOS,0
SW-4209,25-34,Basic,8,7.99,7.2,Podcast-heavy,Gift card,1,Content,iOS,0
SW-4210,35-49,Premium,14,12.99,2.1,Balanced,Credit card,0,No ticket,Partner promo,0
SW-4211,Under 25,Family,30,18.99,2.4,Podcast-heavy,Credit card,0,No ticket,Partner promo,0
SW-4212,35-49,Free,9,0.0,6.9,Podcast-heavy,Credit card,1,Playback,Android,0
SW-4213,Under 25,Premium,21,12.99,10.1,Podcast-heavy,Credit card,0,No ticket,Web,0
SW-4214,35-49,Basic,4,7.99,15.4,Music-heavy,Debit,0,No ticket,Android,0
SW-4215,25-34,Basic,4,7.99,3.8,Balanced,Debit,1,Billing,iOS,0
SW-4216,Under 25,Basic,9,7.99,6.7,Balanced,Credit card,1,Account,Partner promo,0
SW-4217,Under 25,Free,33,0.0,4.2,Balanced,Credit card,2,Billing,Web,1
SW-4218,Under 25,Premium,13,12.99,19.5,Music-heavy,Credit card,0,No ticket,Web,0
SW-4219,35-49,Basic,15,7.99,22.3,Low-usage,PayPal,1,Billing,Android,0
SW-4220,35-49,Basic,15,7.99,38.3,Balanced,Credit card,0,No ticket,Android,0
SW-4221,25-34,Free,26,0.0,10.6,Music-heavy,Credit card,0,No ticket,Android,0
SW-4222,Under 25,Family,8,18.99,35.6,Balanced,Credit card,0,No ticket,Web,0
SW-4223,Under 25,Premium,19,12.99,4.6,Music-heavy,PayPal,1,Billing,Partner promo,0
SW-4224,Under 25,Premium,7,12.99,9.5,Music-heavy,Credit card,0,No ticket,Android,0
SW-4225,Under 25,Premium,48,12.99,3.4,Podcast-heavy,Credit card,1,Account,Android,0
SW-4226,50 plus,Basic,7,7.99,12.7,Podcast-heavy,Debit,0,No ticket,Android,0
SW-4227,25-34,Basic,6,7.99,10.0,Music-heavy,Gift card,1,Billing,Android,0
SW-4228,25-34,Premium,18,12.99,1.1,Music-heavy,Debit,1,Playback,iOS,0
SW-4229,Under 25,Free,13,0.0,19.4,Low-usage,Credit card,0,No ticket,Web,0
SW-4230,25-34,Free,15,0.0,15.9,Music-heavy,Credit card,1,Playback,iOS,0
SW-4231,25-34,Premium,14,12.99,5.1,Music-heavy,Gift card,2,Playback,Android,0
SW-4232,35-49,Basic,6,7.99,10.0,Low-usage,Credit card,1,Playback,Web,0
SW-4233,25-34,Basic,37,7.99,2.4,Music-heavy,Credit card,0,No ticket,Web,0
SW-4234,Under 25,Premium,22,12.99,4.3,Balanced,Credit card,0,No ticket,Android,0
SW-4235,25-34,Basic,31,7.99,30.4,Music-heavy,Gift card,1,Account,Web,0
SW-4236,25-34,Premium,8,12.99,3.2,Podcast-heavy,Debit,1,Account,Web,0
SW-4237,Under 25,Premium,16,12.99,8.1,Podcast-heavy,Debit,2,Playback,Partner promo,0
SW-4238,50 plus,Premium,14,12.99,2.6,Low-usage,Credit card,1,Playback,Web,0
SW-4239,35-49,Premium,26,12.99,10.5,Podcast-heavy,Debit,1,Playback,iOS,0
SW-4240,25-34,Basic,27,7.99,12.5,Podcast-heavy,Credit card,1,Playback,iOS,0
SW-4241,25-34,Basic,14,7.99,14.3,Low-usage,Credit card,0,No ticket,iOS,0
SW-4242,25-34,Basic,4,7.99,11.6,Low-usage,PayPal,0,No ticket,iOS,0
SW-4243,25-34,Basic,42,7.99,25.1,Music-heavy,Credit card,2,Playback,Partner promo,0
SW-4244,35-49,Family,18,18.99,5.1,Balanced,Credit card,0,No ticket,Android,0
SW-4245,35-49,Premium,8,12.99,3.4,Podcast-heavy,PayPal,1,Playback,iOS,0
SW-4246,Under 25,Basic,16,7.99,5.0,Podcast-heavy,Credit card,0,No ticket,iOS,0
SW-4247,25-34,Free,4,0.0,2.7,Music-heavy,Debit,0,No ticket,iOS,0
SW-4248,25-34,Free,25,0.0,8.5,Podcast-heavy,Debit,1,Playback,Web,0
SW-4249,50 plus,Basic,4,7.99,7.2,Music-heavy,PayPal,2,Billing,Partner promo,1
SW-4250,35-49,Free,10,0.0,11.7,Podcast-heavy,PayPal,2,Billing,Web,0
SW-4251,25-34,Premium,14,12.99,2.2,Podcast-heavy,Debit,1,Content,Android,0
SW-4252,Under 25,Family,25,18.99,7.9,Music-heavy,Credit card,0,No ticket,Android,0
SW-4253,35-49,Premium,13,12.99,21.1,Podcast-heavy,Credit card,1,Playback,Android,0
SW-4254,Under 25,Basic,19,7.99,12.6,Low-usage,PayPal,1,Content,Web,0
SW-4255,25-34,Basic,12,7.99,1.8,Balanced,Credit card,1,Playback,iOS,0
SW-4256,Under 25,Premium,12,12.99,7.9,Podcast-heavy,PayPal,0,No ticket,Web,0
SW-4257,35-49,Premium,13,12.99,4.5,Low-usage,Credit card,1,Billing,Android,0
SW-4258,Under 25,Premium,11,12.99,8.1,Podcast-heavy,Credit card,2,Billing,iOS,1
SW-4259,25-34,Family,4,18.99,5.9,Music-heavy,Credit card,1,Content,Web,0
SW-4260,50 plus,Premium,7,12.99,32.2,Podcast-heavy,Credit card,2,Billing,Android,1
SW-4261,Under 25,Premium,14,12.99,8.6,Music-heavy,Gift card,0,No ticket,iOS,1
SW-4262,25-34,Free,10,0.0,10.3,Balanced,PayPal,2,Billing,Web,1
SW-4263,25-34,Premium,11,12.99,7.7,Low-usage,Credit card,0,No ticket,iOS,0
SW-4264,Under 25,Basic,10,7.99,11.7,Music-heavy,Debit,0,No ticket,Web,0
SW-4265,35-49,Basic,7,7.99,6.7,Podcast-heavy,Debit,1,Account,Partner promo,0
SW-4266,Under 25,Premium,8,12.99,14.9,Podcast-heavy,PayPal,1,Playback,iOS,0
SW-4267,25-34,Basic,10,7.99,5.8,Music-heavy,PayPal,1,Playback,iOS,0
SW-4268,35-49,Free,12,0.0,24.1,Balanced,Credit card,1,Content,Partner promo,0
SW-4269,35-49,Free,16,0.0,11.9,Balanced,Credit card,0,No ticket,iOS,0
SW-4270,35-49,Free,11,0.0,7.1,Music-heavy,Debit,0,No ticket,iOS,0
SW-4271,25-34,Free,6,0.0,15.7,Balanced,Gift card,0,No ticket,Web,0
SW-4272,Under 25,Free,5,0.0,11.9,Music-heavy,Debit,2,Billing,Partner promo,1
SW-4273,35-49,Basic,60,7.99,15.5,Low-usage,PayPal,1,Billing,Android,0
SW-4274,25-34,Basic,5,7.99,8.6,Music-heavy,PayPal,1,Playback,Web,0
SW-4275,35-49,Family,8,18.99,6.6,Balanced,Debit,1,Account,iOS,0
SW-4276,35-49,Basic,17,7.99,8.9,Music-heavy,PayPal,0,No ticket,Partner promo,0
SW-4277,50 plus,Free,15,0.0,5.4,Music-heavy,Credit card,0,No ticket,iOS,0
SW-4278,25-34,Premium,17,12.99,17.5,Balanced,Credit card,2,Billing,iOS,1
SW-4279,25-34,Family,9,18.99,25.9,Podcast-heavy,PayPal,2,Billing,Android,0
SW-4280,35-49,Premium,14,12.99,12.7,Low-usage,Credit card,1,Billing,Android,0
SW-4281,25-34,Basic,13,7.99,24.9,Podcast-heavy,Credit card,1,Billing,Partner promo,0
SW-4282,Under 25,Premium,10,12.99,19.7,Low-usage,Debit,0,No ticket,Android,0
SW-4283,50 plus,Premium,14,12.99,6.5,Low-usage,Credit card,1,Billing,Partner promo,0
SW-4284,50 plus,Premium,25,12.99,15.6,Podcast-heavy,PayPal,1,Account,Android,0
SW-4285,25-34,Premium,12,12.99,2.9,Podcast-heavy,Gift card,1,Billing,Web,0
SW-4286,Under 25,Family,12,18.99,9.3,Balanced,Credit card,1,Playback,Web,0
SW-4287,25-34,Family,25,18.99,3.1,Music-heavy,Credit card,0,No ticket,Partner promo,0
SW-4288,35-49,Premium,24,12.99,7.3,Balanced,Debit,2,Playback,Web,0
SW-4289,50 plus,Basic,36,7.99,2.5,Podcast-heavy,Credit card,1,Playback,Android,0
SW-4290,Under 25,Premium,4,12.99,19.2,Balanced,Credit card,0,No ticket,Android,0
SW-4291,Under 25,Premium,23,12.99,5.8,Music-heavy,Debit,0,No ticket,iOS,0
SW-4292,50 plus,Free,18,0.0,16.5,Balanced,Debit,1,Content,iOS,0
SW-4293,25-34,Family,6,18.99,7.5,Music-heavy,Credit card,3,Playback,Web,0
SW-4294,25-34,Basic,14,7.99,1.8,Balanced,PayPal,1,Billing,Web,0
SW-4295,50 plus,Premium,25,12.99,5.4,Podcast-heavy,Debit,2,Billing,Android,1
SW-4296,Under 25,Family,7,18.99,5.2,Music-heavy,Credit card,0,No ticket,Web,0
SW-4297,35-49,Basic,16,7.99,7.9,Low-usage,Debit,0,No ticket,Partner promo,0
SW-4298,Under 25,Premium,22,12.99,26.7,Balanced,Credit card,3,Billing,Web,1
SW-4299,25-34,Free,6,0.0,30.5,Low-usage,Credit card,0,No ticket,Android,0
SW-4300,35-49,Basic,11,7.99,6.6,Music-heavy,PayPal,0,No ticket,Web,0
SW-4301,25-34,Basic,15,7.99,2.9,Balanced,PayPal,0,No ticket,iOS,1
SW-4302,50 plus,Premium,7,12.99,4.4,Low-usage,Credit card,0,No ticket,Partner promo,1
SW-4303,25-34,Basic,6,7.99,11.7,Balanced,PayPal,2,Billing,Web,1
SW-4304,25-34,Family,11,18.99,7.3,Music-heavy,Credit card,2,Billing,Android,0
SW-4305,25-34,Family,21,18.99,2.3,Music-heavy,Credit card,1,Billing,Partner promo,0
SW-4306,25-34,Free,19,0.0,5.3,Low-usage,Credit card,1,Playback,Web,0
SW-4307,25-34,Premium,7,12.99,22.8,Podcast-heavy,Credit card,0,No ticket,Web,0
SW-4308,Under 25,Free,19,0.0,10.1,Low-usage,Credit card,0,No ticket,Android,1
SW-4309,25-34,Free,7,0.0,8.3,Music-heavy,PayPal,1,Account,Android,0
SW-4310,25-34,Free,4,0.0,5.9,Low-usage,Credit card,2,Billing,Web,1
SW-4311,35-49,Family,9,18.99,5.5,Balanced,Credit card,0,No ticket,Web,0
SW-4312,35-49,Family,26,18.99,12.4,Balanced,Debit,2,Billing,Web,0
SW-4313,35-49,Basic,19,7.99,9.0,Podcast-heavy,Credit card,2,Billing,Web,1
SW-4314,Under 25,Basic,12,7.99,14.8,Low-usage,Debit,1,Account,Web,0
SW-4315,Under 25,Basic,9,7.99,12.4,Podcast-heavy,Credit card,0,No ticket,iOS,0
SW-4316,35-49,Premium,9,12.99,8.1,Balanced,Credit card,0,No ticket,iOS,0
SW-4317,25-34,Premium,13,12.99,10.9,Low-usage,Debit,1,Account,Partner promo,1
SW-4318,Under 25,Basic,6,7.99,5.0,Balanced,Credit card,0,No ticket,Web,0
SW-4319,35-49,Premium,9,12.99,7.7,Balanced,Credit card,0,No ticket,iOS,0
SW-4320,35-49,Basic,10,7.99,23.4,Music-heavy,Credit card,1,Account,Web,0
SW-4321,25-34,Premium,5,12.99,8.1,Low-usage,Credit card,1,Playback,Partner promo,0
SW-4322,Under 25,Premium,7,12.99,6.7,Music-heavy,Debit,0,No ticket,iOS,0
SW-4323,35-49,Basic,16,7.99,9.5,Low-usage,Credit card,1,Playback,Web,0
SW-4324,35-49,Premium,12,12.99,3.1,Low-usage,Debit,2,Playback,Android,0
SW-4325,35-49,Premium,10,12.99,9.5,Music-heavy,Debit,2,Playback,Web,0
SW-4326,35-49,Basic,6,7.99,31.1,Music-heavy,Credit card,1,Billing,Android,0
SW-4327,35-49,Basic,36,7.99,4.2,Balanced,PayPal,0,No ticket,iOS,0
SW-4328,25-34,Family,7,18.99,9.9,Music-heavy,Gift card,0,No ticket,iOS,0
SW-4329,Under 25,Basic,14,7.99,7.9,Podcast-heavy,Debit,0,No ticket,Android,0
SW-4330,35-49,Free,9,0.0,7.7,Music-heavy,Credit card,1,Billing,Web,0
SW-4331,35-49,Basic,12,7.99,7.6,Podcast-heavy,Credit card,0,No ticket,Web,0
SW-4332,35-49,Premium,17,12.99,14.2,Music-heavy,Credit card,1,Account,iOS,0
SW-4333,Under 25,Premium,5,12.99,3.3,Music-heavy,Credit card,0,No ticket,iOS,0
SW-4334,Under 25,Family,12,18.99,13.9,Music-heavy,Credit card,0,No ticket,iOS,0
SW-4335,50 plus,Premium,28,12.99,8.5,Balanced,Debit,0,No ticket,Android,0
SW-4336,35-49,Free,41,0.0,2.0,Podcast-heavy,Credit card,1,Playback,Web,0
SW-4337,50 plus,Premium,11,12.99,10.8,Music-heavy,Gift card,0,No ticket,Partner promo,0
SW-4338,35-49,Premium,12,12.99,8.8,Balanced,Credit card,0,No ticket,Web,0
SW-4339,35-49,Free,56,0.0,4.0,Low-usage,Debit,0,No ticket,Web,0
SW-4340,35-49,Basic,27,7.99,9.1,Music-heavy,PayPal,0,No ticket,Partner promo,0
SW-4341,50 plus,Free,8,0.0,2.8,Balanced,Credit card,0,No ticket,Web,0
SW-4342,35-49,Premium,8,12.99,4.6,Balanced,PayPal,1,Billing,Partner promo,0
SW-4343,35-49,Family,23,18.99,8.2,Music-heavy,Credit card,0,No ticket,Web,0
SW-4344,Under 25,Premium,6,12.99,2.1,Music-heavy,Gift card,1,Account,Web,0
SW-4345,25-34,Family,26,18.99,3.2,Podcast-heavy,Gift card,0,No ticket,Web,0
SW-4346,35-49,Free,15,0.0,3.6,Balanced,Credit card,1,Billing,iOS,0
SW-4347,25-34,Family,17,18.99,8.5,Music-heavy,PayPal,0,No ticket,iOS,0
SW-4348,Under 25,Premium,10,12.99,11.4,Low-usage,Credit card,1,Content,Web,0
SW-4349,25-34,Basic,8,7.99,3.9,Balanced,Credit card,0,No ticket,Web,0
SW-4350,25-34,Family,33,18.99,3.7,Music-heavy,Credit card,0,No ticket,Web,0
SW-4351,Under 25,Basic,10,7.99,8.9,Music-heavy,Credit card,0,No ticket,Web,0
SW-4352,25-34,Family,9,18.99,8.7,Music-heavy,Debit,1,Playback,Partner promo,0
SW-4353,50 plus,Family,11,18.99,4.6,Podcast-heavy,Credit card,0,No ticket,iOS,0
SW-4354,25-34,Premium,14,12.99,34.6,Podcast-heavy,PayPal,0,No ticket,Android,0
SW-4355,Under 25,Premium,6,12.99,9.3,Balanced,Credit card,1,Billing,Web,0
SW-4356,Under 25,Free,8,0.0,7.0,Balanced,Gift card,2,Playback,Web,0
SW-4357,35-49,Premium,8,12.99,5.9,Music-heavy,Credit card,0,No ticket,iOS,0
SW-4358,25-34,Basic,22,7.99,17.9,Podcast-heavy,Credit card,2,Billing,Android,0
SW-4359,35-49,Premium,6,12.99,12.4,Low-usage,Debit,2,Billing,Partner promo,1
SW-4360,35-49,Premium,4,12.99,2.0,Podcast-heavy,PayPal,2,Billing,iOS,0
SW-4361,35-49,Family,3,18.99,4.6,Balanced,PayPal,0,No ticket,Web,0
SW-4362,25-34,Free,4,0.0,5.6,Podcast-heavy,Credit card,1,Billing,Web,1
SW-4363,35-49,Premium,31,12.99,7.9,Balanced,Credit card,1,Account,Android,0
SW-4364,25-34,Family,12,18.99,13.2,Low-usage,Credit card,0,No ticket,Web,0
SW-4365,50 plus,Premium,17,12.99,3.4,Balanced,Credit card,1,Playback,Android,0
SW-4366,35-49,Free,17,0.0,7.5,Music-heavy,Credit card,1,Playback,Android,0
SW-4367,25-34,Free,12,0.0,31.2,Music-heavy,Credit card,1,Billing,Android,0
SW-4368,25-34,Free,11,0.0,8.2,Music-heavy,Debit,1,Account,iOS,0
SW-4369,Under 25,Premium,25,12.99,4.6,Balanced,Debit,2,Playback,Android,0
SW-4370,35-49,Premium,13,12.99,2.8,Balanced,Debit,1,Billing,Web,0
SW-4371,Under 25,Family,32,18.99,5.4,Balanced,Credit card,3,Billing,iOS,0
SW-4372,35-49,Basic,19,7.99,3.4,Balanced,Debit,2,Billing,Web,0
SW-4373,25-34,Basic,8,7.99,5.8,Balanced,Credit card,0,No ticket,Android,0
SW-4374,35-49,Premium,8,12.99,12.3,Low-usage,Credit card,2,Billing,Partner promo,0
SW-4375,35-49,Premium,7,12.99,8.2,Music-heavy,PayPal,0,No ticket,Android,0
SW-4376,35-49,Family,28,18.99,5.4,Balanced,Debit,0,No ticket,Android,0
SW-4377,35-49,Premium,9,12.99,1.9,Balanced,PayPal,0,No ticket,Android,0
SW-4378,Under 25,Basic,7,7.99,15.6,Music-heavy,Credit card,1,Playback,Web,0
SW-4379,Under 25,Premium,15,12.99,6.0,Low-usage,PayPal,3,Billing,Partner promo,0
SW-4380,35-49,Family,11,18.99,8.7,Low-usage,Credit card,0,No ticket,Web,0
SW-4381,25-34,Premium,15,12.99,3.9,Podcast-heavy,PayPal,0,No ticket,Android,0
SW-4382,25-34,Premium,45,12.99,5.8,Low-usage,Credit card,0,No ticket,Partner promo,0
SW-4383,Under 25,Basic,23,7.99,5.0,Music-heavy,Credit card,0,No ticket,Android,0
SW-4384,25-34,Free,12,0.0,2.8,Podcast-heavy,Credit card,0,No ticket,iOS,1
SW-4385,Under 25,Premium,4,12.99,3.9,Music-heavy,Credit card,0,No ticket,Android,0
SW-4386,50 plus,Free,8,0.0,7.9,Podcast-heavy,Credit card,0,No ticket,iOS,0
SW-4387,25-34,Basic,20,7.99,10.2,Podcast-heavy,PayPal,0,No ticket,Android,0
SW-4388,25-34,Basic,5,7.99,4.6,Music-heavy,Credit card,2,Billing,Web,0
SW-4389,Under 25,Premium,54,12.99,3.1,Balanced,Debit,1,Playback,Android,0
SW-4390,35-49,Basic,12,7.99,6.0,Music-heavy,PayPal,1,Billing,Web,0
SW-4391,25-34,Premium,12,12.99,14.9,Music-heavy,Debit,0,No ticket,Android,0
SW-4392,50 plus,Free,8,0.0,3.8,Podcast-heavy,Credit card,0,No ticket,Web,0
SW-4393,50 plus,Premium,17,12.99,8.1,Low-usage,Gift card,0,No ticket,Partner promo,1
SW-4394,25-34,Premium,5,12.99,4.7,Music-heavy,Credit card,0,No ticket,Android,1
SW-4395,50 plus,Basic,55,7.99,19.7,Music-heavy,Credit card,2,Billing,Android,0
SW-4396,50 plus,Basic,30,7.99,5.3,Music-heavy,PayPal,2,Billing,Android,1
SW-4397,35-49,Free,24,0.0,13.6,Music-heavy,Credit card,2,Billing,Partner promo,0
SW-4398,50 plus,Family,5,18.99,18.0,Podcast-heavy,Debit,1,Account,Web,0
SW-4399,25-34,Premium,14,12.99,27.5,Low-usage,Credit card,2,Billing,Web,0
SW-4400,35-49,Free,28,0.0,2.7,Music-heavy,Credit card,1,Billing,Web,0
SW-4401,Under 25,Free,18,0.0,2.6,Balanced,Credit card,0,No ticket,iOS,1
SW-4402,Under 25,Family,6,18.99,20.3,Music-heavy,Gift card,2,Billing,iOS,1
SW-4403,50 plus,Premium,8,12.99,17.8,Low-usage,PayPal,1,Account,Partner promo,0
SW-4404,25-34,Basic,9,7.99,4.9,Music-heavy,Credit card,0,No ticket,Web,0
SW-4405,35-49,Premium,8,12.99,0.6,Low-usage,Credit card,0,No ticket,Web,0
SW-4406,35-49,Premium,35,12.99,8.5,Podcast-heavy,Credit card,2,Playback,iOS,0
SW-4407,50 plus,Premium,3,12.99,2.4,Balanced,Debit,1,Playback,Web,0
SW-4408,50 plus,Premium,19,12.99,4.1,Balanced,PayPal,1,Playback,iOS,0
SW-4409,25-34,Basic,5,7.99,9.2,Music-heavy,Gift card,0,No ticket,Web,0
SW-4410,Under 25,Free,6,0.0,10.3,Low-usage,PayPal,1,Playback,Partner promo,0
SW-4411,25-34,Family,3,18.99,28.3,Music-heavy,Debit,1,Billing,iOS,0
SW-4412,Under 25,Premium,8,12.99,5.9,Low-usage,Credit card,0,No ticket,Partner promo,0
SW-4413,Under 25,Basic,35,7.99,3.7,Music-heavy,Credit card,1,Content,iOS,0
SW-4414,25-34,Family,14,18.99,16.7,Music-heavy,Debit,0,No ticket,Web,0
SW-4415,35-49,Family,5,18.99,10.8,Music-heavy,Credit card,2,Playback,Web,0
SW-4416,35-49,Family,24,18.99,6.0,Balanced,PayPal,2,Content,Android,0
SW-4417,25-34,Family,28,18.99,8.2,Music-heavy,Credit card,0,No ticket,Partner promo,0
SW-4418,35-49,Family,13,18.99,5.9,Balanced,Credit card,0,No ticket,Web,0
SW-4419,25-34,Basic,50,7.99,13.9,Music-heavy,Credit card,1,Billing,Web,0
SW-4420,Under 25,Premium,21,12.99,30.9,Low-usage,Gift card,0,No ticket,iOS,0
SW-4421,35-49,Premium,19,12.99,4.5,Music-heavy,PayPal,0,No ticket,iOS,0
SW-4422,35-49,Premium,7,12.99,11.2,Low-usage,Credit card,0,No ticket,Partner promo,1
SW-4423,35-49,Free,19,0.0,2.4,Balanced,PayPal,0,No ticket,iOS,0
SW-4424,Under 25,Family,14,18.99,3.4,Music-heavy,Credit card,0,No ticket,Web,0
SW-4425,35-49,Basic,17,7.99,12.5,Music-heavy,Credit card,0,No ticket,Partner promo,0
SW-4426,35-49,Family,7,18.99,7.6,Music-heavy,Credit card,3,Billing,iOS,1
SW-4427,35-49,Free,13,0.0,3.3,Music-heavy,Debit,1,Account,Android,0
SW-4428,35-49,Free,7,0.0,8.1,Music-heavy,Credit card,0,No ticket,Android,0
SW-4429,50 plus,Basic,3,7.99,16.2,Balanced,Debit,0,No ticket,Web,0
SW-4430,35-49,Basic,24,7.99,2.5,Podcast-heavy,Debit,0,No ticket,Web,0
SW-4431,35-49,Premium,4,12.99,32.4,Podcast-heavy,Credit card,1,Playback,Web,0
SW-4432,50 plus,Premium,13,12.99,12.7,Music-heavy,Credit card,0,No ticket,Partner promo,0
SW-4433,35-49,Free,15,0.0,12.9,Balanced,PayPal,2,Billing,Android,1
SW-4434,25-34,Basic,15,7.99,8.0,Music-heavy,Debit,1,Billing,Web,0
SW-4435,35-49,Basic,10,7.99,32.4,Music-heavy,Credit card,0,No ticket,Android,0
SW-4436,25-34,Basic,15,7.99,17.3,Music-heavy,Credit card,0,No ticket,Android,1
SW-4437,25-34,Premium,17,12.99,6.0,Music-heavy,Credit card,0,No ticket,Web,0
SW-4438,35-49,Premium,20,12.99,14.7,Low-usage,Credit card,2,Playback,Partner promo,1
SW-4439,50 plus,Free,40,0.0,4.5,Balanced,Credit card,0,No ticket,Android,0
SW-4440,50 plus,Premium,14,12.99,6.4,Balanced,Credit card,0,No ticket,Web,0
SW-4441,25-34,Free,13,0.0,25.9,Podcast-heavy,PayPal,0,No ticket,Android,0
SW-4442,25-34,Free,6,0.0,10.9,Low-usage,Credit card,0,No ticket,Android,0
SW-4443,Under 25,Basic,16,7.99,13.6,Podcast-heavy,PayPal,0,No ticket,Web,0
SW-4444,50 plus,Family,19,18.99,20.4,Podcast-heavy,Debit,0,No ticket,Android,0
SW-4445,50 plus,Family,10,18.99,12.4,Music-heavy,Credit card,0,No ticket,Web,0
SW-4446,35-49,Premium,18,12.99,4.2,Music-heavy,Debit,0,No ticket,Partner promo,0
SW-4447,35-49,Basic,10,7.99,30.2,Podcast-heavy,Credit card,1,Content,iOS,0
SW-4448,35-49,Basic,19,7.99,12.1,Music-heavy,Debit,0,No ticket,Android,0
SW-4449,35-49,Premium,23,12.99,12.8,Podcast-heavy,Credit card,1,Playback,Android,0
SW-4450,Under 25,Premium,23,12.99,8.4,Music-heavy,Credit card,0,No ticket,Web,0
SW-4451,25-34,Family,13,18.99,19.5,Balanced,Debit,0,No ticket,iOS,0
SW-4452,35-49,Free,6,0.0,37.0,Low-usage,Credit card,0,No ticket,iOS,0
SW-4453,35-49,Free,8,0.0,5.9,Music-heavy,Credit card,1,Account,Android,0
SW-4454,25-34,Premium,18,12.99,18.8,Balanced,Credit card,0,No ticket,Web,0
SW-4455,50 plus,Premium,60,12.99,8.2,Balanced,Credit card,1,Playback,Partner promo,0
SW-4456,Under 25,Premium,9,12.99,1.6,Low-usage,PayPal,2,Billing,Android,0
SW-4457,25-34,Premium,17,12.99,2.6,Music-heavy,Credit card,0,No ticket,Web,1
SW-4458,35-49,Family,8,18.99,11.2,Balanced,Credit card,2,Billing,Android,0
SW-4459,35-49,Premium,6,12.99,18.0,Music-heavy,Credit card,1,Account,iOS,0
SW-4460,35-49,Family,7,18.99,13.0,Balanced,Credit card,0,No ticket,Android,0
SW-4461,25-34,Family,3,18.99,14.8,Balanced,Debit,1,Account,iOS,0
SW-4462,Under 25,Premium,31,12.99,40.0,Balanced,Credit card,1,Billing,Web,0
SW-4463,35-49,Basic,3,7.99,12.2,Music-heavy,PayPal,1,Billing,Web,0
SW-4464,35-49,Basic,10,7.99,6.5,Balanced,Credit card,0,No ticket,Partner promo,0
SW-4465,Under 25,Premium,5,12.99,7.2,Podcast-heavy,Credit card,1,Account,iOS,0
SW-4466,35-49,Basic,6,7.99,29.6,Music-heavy,Debit,2,Billing,Web,0
SW-4467,25-34,Family,31,18.99,2.9,Podcast-heavy,Debit,0,No ticket,iOS,0
SW-4468,35-49,Free,14,0.0,21.5,Balanced,Credit card,0,No ticket,Web,0
SW-4469,35-49,Basic,6,7.99,8.1,Low-usage,Credit card,2,Billing,Web,1
SW-4470,Under 25,Premium,8,12.99,4.1,Balanced,Credit card,0,No ticket,Android,0
SW-4471,Under 25,Free,7,0.0,2.5,Music-heavy,Credit card,0,No ticket,Web,0
SW-4472,35-49,Basic,12,7.99,26.2,Music-heavy,Credit card,0,No ticket,iOS,0
SW-4473,35-49,Basic,14,7.99,4.0,Music-heavy,Debit,1,Account,iOS,0
SW-4474,35-49,Premium,45,12.99,8.4,Music-heavy,Debit,0,No ticket,iOS,0
SW-4475,35-49,Basic,3,7.99,3.7,Podcast-heavy,PayPal,1,Account,iOS,0
SW-4476,35-49,Premium,12,12.99,38.6,Low-usage,Debit,0,No ticket,Partner promo,1
SW-4477,50 plus,Basic,10,7.99,8.7,Music-heavy,Debit,0,No ticket,Web,0
SW-4478,25-34,Family,23,18.99,2.7,Low-usage,Debit,1,Playback,iOS,0
SW-4479,25-34,Basic,15,7.99,5.7,Balanced,Gift card,0,No ticket,Web,0
SW-4480,25-34,Basic,18,7.99,24.4,Balanced,Credit card,0,No ticket,iOS,0
SW-4481,Under 25,Free,15,0.0,3.7,Music-heavy,Credit card,1,Billing,iOS,0
SW-4482,35-49,Free,6,0.0,6.0,Podcast-heavy,Credit card,0,No ticket,Android,0
SW-4483,25-34,Premium,28,12.99,20.7,Music-heavy,Credit card,1,Account,Android,1
SW-4484,50 plus,Free,21,0.0,10.5,Podcast-heavy,Credit card,1,Playback,iOS,1
SW-4485,35-49,Basic,23,7.99,3.0,Balanced,Credit card,1,Billing,Web,0
SW-4486,35-49,Premium,29,12.99,9.6,Podcast-heavy,Credit card,1,Playback,Android,0
SW-4487,25-34,Basic,16,7.99,7.1,Balanced,Gift card,1,Account,Partner promo,0
SW-4488,Under 25,Basic,34,7.99,8.3,Low-usage,Gift card,1,Billing,Web,0
SW-4489,Under 25,Premium,16,12.99,17.1,Podcast-heavy,Debit,1,Playback,Web,0
SW-4490,25-34,Premium,10,12.99,9.7,Low-usage,Credit card,0,No ticket,Partner promo,1
SW-4491,Under 25,Free,12,0.0,7.4,Low-usage,PayPal,1,Playback,iOS,0
SW-4492,35-49,Basic,12,7.99,7.1,Balanced,PayPal,1,Account,iOS,0
SW-4493,50 plus,Family,8,18.99,18.9,Balanced,PayPal,2,Billing,Android,1
SW-4494,50 plus,Free,38,0.0,4.5,Balanced,Debit,0,No ticket,iOS,0
SW-4495,35-49,Family,15,18.99,1.4,Music-heavy,Credit card,0,No ticket,Web,0
SW-4496,Under 25,Free,13,0.0,6.7,Music-heavy,Credit card,1,Content,Partner promo,1
SW-4497,50 plus,Family,16,18.99,10.8,Music-heavy,PayPal,0,No ticket,Web,0
SW-4498,50 plus,Basic,60,7.99,5.7,Music-heavy,Credit card,0,No ticket,Web,0
SW-4499,Under 25,Family,5,18.99,5.3,Podcast-heavy,Credit card,1,Content,Web,1
SW-4500,35-49,Basic,7,7.99,6.0,Music-heavy,Credit card,1,Playback,Web,0
SW-4501,25-34,Premium,5,12.99,7.8,Balanced,Credit card,0,No ticket,Android,0
SW-4502,35-49,Free,10,0.0,2.8,Podcast-heavy,PayPal,0,No ticket,iOS,0
SW-4503,50 plus,Basic,14,7.99,13.6,Music-heavy,Credit card,2,Billing,Android,1
SW-4504,Under 25,Premium,9,12.99,1.0,Music-heavy,Credit card,1,Account,Android,0
SW-4505,50 plus,Premium,8,12.99,12.3,Podcast-heavy,Gift card,1,Playback,Web,0
SW-4506,35-49,Family,13,18.99,10.3,Music-heavy,Credit card,0,No ticket,iOS,0
SW-4507,50 plus,Basic,8,7.99,11.9,Balanced,PayPal,0,No ticket,iOS,0
SW-4508,25-34,Family,15,18.99,1.7,Balanced,Credit card,1,Content,Android,0
SW-4509,50 plus,Basic,26,7.99,10.1,Podcast-heavy,Debit,1,Content,Web,0
SW-4510,Under 25,Family,19,18.99,5.2,Music-heavy,Credit card,0,No ticket,iOS,0
SW-4511,25-34,Family,22,18.99,28.8,Balanced,Credit card,0,No ticket,Partner promo,0
SW-4512,Under 25,Basic,26,7.99,10.7,Music-heavy,Credit card,1,Playback,Web,0
SW-4513,50 plus,Family,15,18.99,3.1,Music-heavy,Gift card,1,Playback,Web,1
SW-4514,35-49,Premium,11,12.99,2.1,Podcast-heavy,Credit card,0,No ticket,iOS,0
SW-4515,50 plus,Basic,7,7.99,4.9,Low-usage,Credit card,3,Billing,iOS,0
SW-4516,50 plus,Premium,9,12.99,15.3,Music-heavy,PayPal,1,Playback,iOS,0
SW-4517,Under 25,Free,8,0.0,20.1,Low-usage,Credit card,2,Billing,Android,1
SW-4518,25-34,Premium,20,12.99,9.2,Music-heavy,Debit,1,Content,iOS,0
SW-4519,Under 25,Basic,15,7.99,8.5,Music-heavy,Debit,1,Content,iOS,0
SW-4520,Under 25,Free,20,0.0,6.1,Balanced,Credit card,2,Account,Web,0
SW-4521,25-34,Basic,5,7.99,7.9,Music-heavy,Credit card,0,No ticket,Android,0
SW-4522,25-34,Premium,33,12.99,21.2,Low-usage,PayPal,1,Content,Partner promo,1
SW-4523,25-34,Family,9,18.99,6.1,Music-heavy,Credit card,1,Playback,Web,0
SW-4524,Under 25,Family,6,18.99,13.6,Music-heavy,Credit card,0,No ticket,iOS,0
SW-4525,Under 25,Basic,9,7.99,5.2,Music-heavy,Debit,0,No ticket,Android,0
SW-4526,Under 25,Free,60,0.0,18.0,Balanced,Credit card,0,No ticket,iOS,0
SW-4527,50 plus,Premium,9,12.99,12.7,Balanced,Debit,0,No ticket,iOS,0
SW-4528,35-49,Premium,10,12.99,17.4,Low-usage,Credit card,2,Playback,iOS,0
SW-4529,50 plus,Basic,10,7.99,36.1,Balanced,PayPal,0,No ticket,Web,0
SW-4530,25-34,Basic,11,7.99,1.0,Balanced,Credit card,0,No ticket,iOS,0
SW-4531,25-34,Premium,7,12.99,14.6,Balanced,Credit card,2,Playback,Android,0
SW-4532,35-49,Basic,13,7.99,11.6,Low-usage,PayPal,2,Account,iOS,0
SW-4533,25-34,Premium,25,12.99,11.4,Music-heavy,Credit card,0,No ticket,iOS,0
SW-4534,25-34,Premium,15,12.99,9.7,Music-heavy,Credit card,2,Billing,Web,1
SW-4535,25-34,Family,6,18.99,9.7,Balanced,PayPal,2,Content,Web,0
SW-4536,Under 25,Premium,9,12.99,10.5,Music-heavy,Debit,0,No ticket,Web,0
SW-4537,25-34,Basic,8,7.99,16.5,Low-usage,Credit card,0,No ticket,Web,0
SW-4538,25-34,Family,12,18.99,15.5,Podcast-heavy,Credit card,1,Playback,iOS,0
SW-4539,35-49,Premium,30,12.99,7.8,Music-heavy,PayPal,1,Playback,iOS,0
SW-4540,Under 25,Premium,11,12.99,6.9,Low-usage,Credit card,0,No ticket,Partner promo,1
SW-4541,Under 25,Premium,11,12.99,8.1,Music-heavy,PayPal,1,Content,Partner promo,0
SW-4542,35-49,Basic,42,7.99,5.7,Low-usage,Credit card,4,Billing,iOS,1
SW-4543,Under 25,Premium,22,12.99,33.2,Low-usage,PayPal,1,Billing,Android,0
SW-4544,25-34,Basic,18,7.99,2.9,Balanced,Credit card,1,Account,Web,0
SW-4545,50 plus,Premium,47,12.99,14.6,Low-usage,Credit card,1,Content,Partner promo,0
SW-4546,Under 25,Free,17,0.0,14.5,Music-heavy,Credit card,0,No ticket,iOS,0
SW-4547,Under 25,Basic,3,7.99,5.2,Podcast-heavy,Credit card,1,Content,Web,0
SW-4548,25-34,Family,21,18.99,10.1,Balanced,Credit card,1,Playback,Web,0
SW-4549,25-34,Premium,4,12.99,22.0,Music-heavy,Credit card,1,Playback,Web,0
SW-4550,35-49,Basic,16,7.99,6.1,Music-heavy,PayPal,1,Account,Web,0
SW-4551,35-49,Basic,4,7.99,22.9,Music-heavy,Credit card,1,Playback,iOS,0
SW-4552,Under 25,Basic,9,7.99,19.6,Podcast-heavy,Gift card,1,Account,Android,0
SW-4553,35-49,Premium,9,12.99,4.5,Low-usage,Credit card,0,No ticket,iOS,0
SW-4554,25-34,Premium,7,12.99,3.3,Music-heavy,Debit,1,Billing,Web,0
SW-4555,Under 25,Premium,9,12.99,9.1,Music-heavy,PayPal,0,No ticket,Android,0
SW-4556,35-49,Premium,25,12.99,3.0,Balanced,PayPal,1,Account,Web,0
SW-4557,25-34,Premium,7,12.99,0.8,Balanced,Credit card,0,No ticket,Android,0
SW-4558,25-34,Basic,18,7.99,5.4,Balanced,Debit,0,No ticket,Partner promo,0
SW-4559,Under 25,Free,6,0.0,40.0,Balanced,Credit card,0,No ticket,Web,1
SW-4560,25-34,Premium,11,12.99,5.6,Music-heavy,Credit card,1,Playback,Web,0
SW-4561,25-34,Family,15,18.99,10.8,Podcast-heavy,Debit,0,No ticket,Partner promo,0
SW-4562,35-49,Premium,6,12.99,14.0,Low-usage,Credit card,1,Playback,Partner promo,1
SW-4563,Under 25,Premium,5,12.99,7.7,Low-usage,Credit card,0,No ticket,Web,0
SW-4564,25-34,Premium,17,12.99,6.1,Balanced,Credit card,1,Billing,iOS,0
SW-4565,25-34,Family,26,18.99,21.4,Balanced,Credit card,1,Account,Web,0
SW-4566,35-49,Basic,11,7.99,8.3,Low-usage,Credit card,2,Billing,Partner promo,1
SW-4567,35-49,Basic,9,7.99,7.4,Podcast-heavy,PayPal,0,No ticket,Web,0
SW-4568,35-49,Family,13,18.99,15.1,Music-heavy,Credit card,0,No ticket,iOS,0
SW-4569,35-49,Family,12,18.99,3.5,Balanced,Debit,0,No ticket,iOS,0
SW-4570,50 plus,Basic,14,7.99,2.9,Low-usage,PayPal,1,Playback,iOS,0
SW-4571,25-34,Basic,2,7.99,2.2,Balanced,Debit,1,Playback,iOS,0
SW-4572,25-34,Premium,6,12.99,12.6,Low-usage,Debit,0,No ticket,Partner promo,0
SW-4573,50 plus,Free,7,0.0,7.0,Podcast-heavy,Debit,0,No ticket,Android,0
SW-4574,50 plus,Family,13,18.99,15.5,Music-heavy,Credit card,0,No ticket,iOS,0
SW-4575,50 plus,Basic,14,7.99,8.3,Music-heavy,Credit card,0,No ticket,iOS,0
SW-4576,25-34,Family,19,18.99,2.7,Low-usage,PayPal,1,Billing,Web,0
SW-4577,Under 25,Basic,14,7.99,6.0,Podcast-heavy,Gift card,0,No ticket,iOS,0
SW-4578,25-34,Premium,5,12.99,16.4,Music-heavy,Debit,0,No ticket,Web,0
SW-4579,35-49,Free,33,0.0,6.5,Low-usage,Credit card,0,No ticket,Android,0
SW-4580,25-34,Premium,29,12.99,20.7,Podcast-heavy,Credit card,2,Content,Web,0
SW-4581,25-34,Premium,5,12.99,5.6,Low-usage,Credit card,0,No ticket,Partner promo,1
SW-4582,35-49,Premium,15,12.99,14.2,Podcast-heavy,PayPal,0,No ticket,iOS,0
SW-4583,25-34,Free,8,0.0,1.9,Music-heavy,Debit,0,No ticket,Partner promo,0
SW-4584,50 plus,Basic,13,7.99,6.7,Balanced,Credit card,2,Account,iOS,0
SW-4585,25-34,Free,25,0.0,5.9,Low-usage,Debit,1,Billing,Android,0
SW-4586,25-34,Premium,53,12.99,2.6,Low-usage,Credit card,1,Playback,Partner promo,1
SW-4587,25-34,Premium,20,12.99,19.5,Balanced,PayPal,0,No ticket,Partner promo,0
SW-4588,35-49,Premium,15,12.99,4.8,Music-heavy,Credit card,1,Playback,Android,0
SW-4589,Under 25,Premium,9,12.99,4.4,Podcast-heavy,Debit,1,Playback,Android,0
SW-4590,Under 25,Premium,14,12.99,22.7,Music-heavy,Credit card,0,No ticket,Web,0
SW-4591,50 plus,Basic,31,7.99,9.1,Low-usage,Credit card,0,No ticket,iOS,0
SW-4592,Under 25,Basic,12,7.99,14.9,Podcast-heavy,Credit card,1,Account,Web,1
SW-4593,35-49,Free,6,0.0,2.0,Podcast-heavy,PayPal,0,No ticket,Web,0
SW-4594,35-49,Premium,4,12.99,4.2,Balanced,Debit,0,No ticket,Android,0
SW-4595,25-34,Premium,17,12.99,40.0,Music-heavy,Credit card,0,No ticket,Web,0
SW-4596,35-49,Basic,14,7.99,15.8,Music-heavy,PayPal,1,Playback,iOS,0
SW-4597,25-34,Basic,8,7.99,3.4,Music-heavy,Debit,2,Billing,Web,1
SW-4598,25-34,Family,25,18.99,9.6,Balanced,Debit,0,No ticket,Web,0
SW-4599,25-34,Premium,9,12.99,3.6,Podcast-heavy,Credit card,0,No ticket,Web,0
SW-4600,35-49,Premium,11,12.99,24.4,Balanced,Credit card,1,Billing,iOS,0
SW-4601,Under 25,Basic,12,7.99,1.3,Podcast-heavy,Credit card,1,Billing,Web,0
SW-4602,35-49,Basic,9,7.99,10.0,Music-heavy,Credit card,0,No ticket,iOS,0
SW-4603,Under 25,Premium,14,12.99,9.9,Low-usage,Debit,1,Playback,Partner promo,1
SW-4604,25-34,Premium,27,12.99,3.3,Music-heavy,Credit card,0,No ticket,Partner promo,0
SW-4605,Under 25,Basic,5,7.99,6.4,Low-usage,Credit card,0,No ticket,Partner promo,0
SW-4606,Under 25,Premium,17,12.99,10.8,Music-heavy,Credit card,0,No ticket,iOS,0
SW-4607,35-49,Premium,14,12.99,1.9,Music-heavy,Credit card,0,No ticket,Web,0
SW-4608,25-34,Basic,13,7.99,2.9,Podcast-heavy,Gift card,3,Account,Web,0
SW-4609,50 plus,Basic,22,7.99,7.1,Music-heavy,PayPal,0,No ticket,Partner promo,0
SW-4610,50 plus,Basic,12,7.99,4.1,Music-heavy,Credit card,0,No ticket,Android,0
SW-4611,35-49,Premium,17,12.99,5.5,Low-usage,PayPal,1,Playback,Partner promo,1
SW-4612,Under 25,Premium,20,12.99,7.9,Music-heavy,Credit card,0,No ticket,Partner promo,1
SW-4613,25-34,Basic,8,7.99,3.9,Music-heavy,PayPal,0,No ticket,Partner promo,0
SW-4614,35-49,Premium,15,12.99,7.8,Music-heavy,Credit card,1,Billing,Android,0
SW-4615,25-34,Family,10,18.99,10.2,Podcast-heavy,Credit card,2,Billing,Android,1
SW-4616,Under 25,Free,11,0.0,14.9,Podcast-heavy,PayPal,0,No ticket,Android,0
SW-4617,25-34,Premium,10,12.99,3.0,Music-heavy,PayPal,0,No ticket,Android,0
SW-4618,50 plus,Premium,17,12.99,4.8,Podcast-heavy,Credit card,0,No ticket,iOS,0
SW-4619,35-49,Premium,13,12.99,12.8,Balanced,PayPal,0,No ticket,Partner promo,0
SW-4620,Under 25,Premium,16,12.99,2.4,Balanced,Debit,1,Billing,Android,0
SW-4621,35-49,Basic,12,7.99,8.7,Podcast-heavy,Credit card,0,No ticket,iOS,0
SW-4622,25-34,Basic,4,7.99,8.2,Music-heavy,Credit card,2,Billing,iOS,1
SW-4623,Under 25,Premium,12,12.99,1.0,Podcast-heavy,Credit card,1,Billing,Android,0
SW-4624,50 plus,Family,13,18.99,5.4,Low-usage,PayPal,0,No ticket,iOS,0
SW-4625,25-34,Basic,14,7.99,10.4,Podcast-heavy,Gift card,0,No ticket,Android,0
SW-4626,25-34,Family,8,18.99,6.8,Music-heavy,Credit card,1,Playback,Web,0
SW-4627,Under 25,Basic,5,7.99,5.5,Music-heavy,Debit,1,Account,Partner promo,0
SW-4628,50 plus,Premium,19,12.99,9.1,Low-usage,Debit,0,No ticket,Partner promo,1
SW-4629,35-49,Premium,10,12.99,17.6,Balanced,Credit card,0,No ticket,Web,0
SW-4630,35-49,Premium,14,12.99,12.3,Low-usage,Credit card,0,No ticket,Partner promo,1
SW-4631,35-49,Premium,10,12.99,4.4,Music-heavy,Credit card,0,No ticket,Web,0
SW-4632,Under 25,Basic,12,7.99,2.5,Low-usage,Debit,1,Billing,Android,0
SW-4633,25-34,Basic,9,7.99,12.1,Music-heavy,PayPal,2,Billing,Web,0
SW-4634,25-34,Free,6,0.0,3.1,Podcast-heavy,Credit card,0,No ticket,Partner promo,0
SW-4635,Under 25,Free,17,0.0,5.2,Balanced,Credit card,0,No ticket,Web,0
SW-4636,25-34,Basic,8,7.99,9.4,Podcast-heavy,PayPal,0,No ticket,Web,0
SW-4637,50 plus,Premium,13,12.99,20.0,Music-heavy,Credit card,0,No ticket,Partner promo,0
SW-4638,Under 25,Premium,16,12.99,22.4,Music-heavy,Credit card,0,No ticket,Web,0
SW-4639,25-34,Free,8,0.0,8.4,Low-usage,Credit card,1,Billing,Partner promo,0
SW-4640,Under 25,Family,5,18.99,5.3,Podcast-heavy,Credit card,2,Billing,Android,1
SW-4641,25-34,Premium,60,12.99,3.1,Balanced,PayPal,1,Billing,Web,0
SW-4642,50 plus,Family,8,18.99,38.3,Podcast-heavy,Credit card,1,Billing,iOS,0
SW-4643,25-34,Premium,19,12.99,6.3,Low-usage,PayPal,1,Content,Web,0
SW-4644,25-34,Basic,47,7.99,13.8,Low-usage,Credit card,1,Playback,iOS,0
SW-4645,35-49,Premium,21,12.99,9.4,Podcast-heavy,Credit card,0,No ticket,iOS,0
SW-4646,Under 25,Premium,10,12.99,5.4,Music-heavy,Credit card,0,No ticket,Android,0
SW-4647,25-34,Free,11,0.0,5.2,Balanced,PayPal,1,Playback,Partner promo,0
SW-4648,25-34,Free,7,0.0,2.6,Balanced,Credit card,0,No ticket,Web,0
SW-4649,35-49,Free,22,0.0,19.6,Podcast-heavy,Credit card,0,No ticket,iOS,0
SW-4650,50 plus,Premium,18,12.99,7.3,Low-usage,Debit,1,Billing,Partner promo,1
SW-4651,35-49,Basic,8,7.99,25.1,Music-heavy,Credit card,2,Billing,Web,0
SW-4652,25-34,Premium,6,12.99,5.6,Music-heavy,Credit card,0,No ticket,Android,0
SW-4653,35-49,Free,5,0.0,6.3,Balanced,Credit card,0,No ticket,iOS,0
SW-4654,Under 25,Premium,24,12.99,3.2,Music-heavy,PayPal,0,No ticket,Partner promo,0
SW-4655,Under 25,Premium,13,12.99,6.2,Podcast-heavy,Gift card,1,Billing,Android,0
SW-4656,Under 25,Basic,14,7.99,3.0,Low-usage,Credit card,0,No ticket,iOS,0
SW-4657,25-34,Premium,7,12.99,11.0,Low-usage,Debit,0,No ticket,Partner promo,1
SW-4658,25-34,Free,4,0.0,8.7,Low-usage,Credit card,3,Billing,Android,0
SW-4659,35-49,Basic,24,7.99,26.0,Balanced,Debit,1,Playback,Android,0
SW-4660,50 plus,Basic,12,7.99,2.5,Balanced,Credit card,1,Account,Web,0
SW-4661,25-34,Basic,23,7.99,21.2,Podcast-heavy,Credit card,0,No ticket,iOS,0
SW-4662,25-34,Premium,9,12.99,3.7,Music-heavy,PayPal,1,Playback,iOS,0
SW-4663,Under 25,Premium,10,12.99,10.5,Podcast-heavy,Credit card,0,No ticket,iOS,0
SW-4664,Under 25,Basic,20,7.99,3.2,Music-heavy,Credit card,1,Billing,iOS,0
SW-4665,25-34,Basic,20,7.99,9.4,Low-usage,Gift card,1,Account,Android,0
SW-4666,25-34,Premium,21,12.99,1.1,Music-heavy,Gift card,0,No ticket,Web,0
SW-4667,35-49,Family,10,18.99,4.7,Music-heavy,Credit card,0,No ticket,Web,0
SW-4668,Under 25,Premium,18,12.99,8.7,Balanced,Debit,0,No ticket,Web,0
SW-4669,Under 25,Premium,26,12.99,32.6,Podcast-heavy,Debit,0,No ticket,Web,0
SW-4670,25-34,Basic,11,7.99,1.5,Music-heavy,Credit card,0,No ticket,Web,0
SW-4671,25-34,Basic,8,7.99,8.0,Music-heavy,PayPal,0,No ticket,Android,0
SW-4672,Under 25,Family,31,18.99,5.3,Balanced,PayPal,0,No ticket,Partner promo,0
SW-4673,35-49,Free,8,0.0,1.7,Podcast-heavy,PayPal,0,No ticket,iOS,0
SW-4674,Under 25,Family,19,18.99,3.3,Music-heavy,Credit card,1,Billing,iOS,0
SW-4675,35-49,Premium,12,12.99,5.5,Podcast-heavy,Credit card,0,No ticket,Android,0
SW-4676,25-34,Premium,3,12.99,11.6,Music-heavy,Credit card,1,Playback,Web,0
SW-4677,Under 25,Free,26,0.0,8.6,Music-heavy,Credit card,1,Billing,Web,0
SW-4678,25-34,Premium,2,12.99,2.8,Low-usage,Credit card,1,Content,iOS,0
SW-4679,35-49,Premium,3,12.99,1.8,Music-heavy,Credit card,2,Playback,iOS,0
SW-4680,25-34,Free,17,0.0,11.2,Music-heavy,Credit card,0,No ticket,Android,0
SW-4681,35-49,Basic,17,7.99,6.8,Low-usage,Credit card,0,No ticket,Partner promo,0
SW-4682,Under 25,Family,8,18.99,29.0,Balanced,Credit card,0,No ticket,iOS,0
SW-4683,35-49,Premium,13,12.99,6.0,Music-heavy,Credit card,0,No ticket,iOS,0
SW-4684,25-34,Basic,2,7.99,20.0,Podcast-heavy,Credit card,0,No ticket,Web,0
SW-4685,35-49,Free,20,0.0,12.4,Balanced,Credit card,0,No ticket,iOS,0
SW-4686,35-49,Premium,14,12.99,15.4,Music-heavy,Credit card,0,No ticket,Partner promo,0
SW-4687,50 plus,Premium,12,12.99,11.3,Podcast-heavy,PayPal,1,Playback,iOS,0
SW-4688,25-34,Premium,12,12.99,11.5,Podcast-heavy,Debit,0,No ticket,Web,0
SW-4689,Under 25,Premium,17,12.99,1.3,Podcast-heavy,PayPal,0,No ticket,iOS,0
SW-4690,Under 25,Basic,12,7.99,6.6,Balanced,PayPal,0,No ticket,iOS,0
SW-4691,35-49,Premium,3,12.99,4.7,Podcast-heavy,Credit card,0,No ticket,Android,0
SW-4692,25-34,Basic,56,7.99,22.1,Music-heavy,Credit card,0,No ticket,iOS,0
SW-4693,35-49,Family,28,18.99,3.6,Balanced,Credit card,0,No ticket,Android,0
SW-4694,25-34,Premium,5,12.99,6.4,Music-heavy,Credit card,0,No ticket,Android,0
SW-4695,25-34,Basic,9,7.99,15.2,Podcast-heavy,Credit card,3,Billing,Android,1
SW-4696,Under 25,Basic,10,7.99,10.2,Podcast-heavy,PayPal,0,No ticket,Android,0
SW-4697,50 plus,Premium,26,12.99,9.1,Balanced,Credit card,2,Account,Android,0
SW-4698,35-49,Basic,3,7.99,19.4,Podcast-heavy,Gift card,3,Billing,Web,1
SW-4699,50 plus,Basic,8,7.99,9.9,Balanced,PayPal,0,No ticket,Android,1
SW-4700,25-34,Premium,3,12.99,5.2,Music-heavy,Debit,0,No ticket,Android,0
SW-4701,35-49,Basic,10,7.99,2.8,Balanced,Credit card,1,Billing,Web,0
SW-4702,35-49,Premium,9,12.99,11.8,Balanced,Credit card,2,Billing,Android,1
SW-4703,25-34,Free,13,0.0,4.3,Low-usage,Credit card,0,No ticket,Web,1
SW-4704,50 plus,Premium,8,12.99,6.6,Podcast-heavy,Credit card,0,No ticket,Android,1
SW-4705,50 plus,Free,7,0.0,19.0,Music-heavy,PayPal,1,Account,Web,0
SW-4706,50 plus,Free,19,0.0,6.7,Music-heavy,Credit card,1,Account,Android,0
SW-4707,35-49,Family,16,18.99,5.6,Music-heavy,Credit card,1,Billing,Web,0
SW-4708,25-34,Premium,18,12.99,6.4,Podcast-heavy,PayPal,1,Playback,iOS,0
SW-4709,25-34,Basic,11,7.99,6.5,Music-heavy,Credit card,0,No ticket,Web,0
SW-4710,50 plus,Basic,8,7.99,3.6,Low-usage,Debit,0,No ticket,Web,0
SW-4711,Under 25,Premium,11,12.99,30.6,Low-usage,Debit,1,Playback,Partner promo,1
SW-4712,35-49,Premium,17,12.99,5.2,Music-heavy,Credit card,0,No ticket,Web,0
SW-4713,35-49,Family,3,18.99,15.0,Podcast-heavy,PayPal,0,No ticket,iOS,0
SW-4714,35-49,Family,16,18.99,3.5,Balanced,PayPal,1,Playback,Android,0
SW-4715,50 plus,Premium,15,12.99,12.4,Music-heavy,Credit card,0,No ticket,Web,0
SW-4716,25-34,Basic,13,7.99,9.2,Podcast-heavy,Credit card,0,No ticket,Web,0
SW-4717,25-34,Premium,11,12.99,8.2,Podcast-heavy,Credit card,1,Playback,Web,0
SW-4718,Under 25,Premium,2,12.99,9.2,Music-heavy,Debit,0,No ticket,Android,0
SW-4719,25-34,Free,9,0.0,11.2,Balanced,Debit,0,No ticket,Partner promo,0
SW-4720,25-34,Basic,42,7.99,6.7,Low-usage,Credit card,0,No ticket,Android,0
SW-4721,25-34,Free,12,0.0,6.9,Music-heavy,Credit card,0,No ticket,Partner promo,0
SW-4722,35-49,Free,10,0.0,12.7,Podcast-heavy,PayPal,2,Billing,iOS,1
SW-4723,50 plus,Basic,12,7.99,3.2,Music-heavy,Credit card,0,No ticket,Partner promo,0
SW-4724,Under 25,Premium,15,12.99,2.8,Balanced,Debit,0,No ticket,iOS,0
SW-4725,25-34,Premium,19,12.99,9.2,Balanced,PayPal,0,No ticket,iOS,0
SW-4726,50 plus,Premium,10,12.99,1.6,Music-heavy,Credit card,1,Billing,iOS,0
SW-4727,Under 25,Basic,16,7.99,2.1,Low-usage,Debit,0,No ticket,Web,0
SW-4728,Under 25,Free,39,0.0,33.9,Music-heavy,Credit card,0,No ticket,Android,0
SW-4729,Under 25,Premium,24,12.99,27.6,Music-heavy,Gift card,0,No ticket,Web,0
SW-4730,35-49,Basic,60,7.99,5.1,Balanced,Credit card,0,No ticket,Android,0
SW-4731,Under 25,Premium,8,12.99,17.8,Podcast-heavy,Credit card,0,No ticket,iOS,0
SW-4732,50 plus,Family,39,18.99,18.3,Podcast-heavy,Credit card,1,Billing,Web,0
SW-4733,25-34,Free,7,0.0,11.7,Balanced,PayPal,1,Content,Web,0
SW-4734,25-34,Premium,15,12.99,7.5,Low-usage,Credit card,1,Account,Partner promo,1
SW-4735,25-34,Premium,20,12.99,13.2,Music-heavy,Credit card,0,No ticket,Partner promo,0
SW-4736,25-34,Family,8,18.99,15.1,Podcast-heavy,Credit card,0,No ticket,Android,0
SW-4737,35-49,Premium,13,12.99,13.4,Music-heavy,Credit card,0,No ticket,iOS,0
SW-4738,35-49,Family,23,18.99,2.3,Music-heavy,PayPal,0,No ticket,Web,0
SW-4739,35-49,Basic,7,7.99,40.0,Music-heavy,Credit card,0,No ticket,iOS,0
SW-4740,35-49,Family,39,18.99,40.0,Balanced,Debit,0,No ticket,Web,0
SW-4741,50 plus,Free,5,0.0,1.7,Low-usage,PayPal,1,Account,Android,0
SW-4742,35-49,Free,47,0.0,12.0,Music-heavy,PayPal,0,No ticket,Web,0
SW-4743,35-49,Family,24,18.99,40.0,Music-heavy,Debit,0,No ticket,Android,0
SW-4744,Under 25,Family,11,18.99,17.8,Balanced,Credit card,1,Playback,Android,0
SW-4745,Under 25,Free,9,0.0,18.0,Low-usage,Credit card,0,No ticket,iOS,0
SW-4746,Under 25,Free,8,0.0,2.5,Music-heavy,Gift card,0,No ticket,Android,0
SW-4747,35-49,Free,11,0.0,15.1,Balanced,PayPal,0,No ticket,Android,0
SW-4748,25-34,Free,12,0.0,9.7,Podcast-heavy,Credit card,1,Account,Web,0
SW-4749,25-34,Basic,29,7.99,14.9,Low-usage,PayPal,2,Billing,Android,1
SW-4750,50 plus,Family,48,18.99,3.5,Music-heavy,PayPal,1,Playback,Android,0
SW-4751,50 plus,Premium,14,12.99,3.4,Low-usage,PayPal,0,No ticket,iOS,0
SW-4752,50 plus,Premium,7,12.99,7.1,Podcast-heavy,Debit,0,No ticket,Web,0
SW-4753,25-34,Premium,8,12.99,5.9,Low-usage,PayPal,1,Playback,Web,0
SW-4754,35-49,Premium,11,12.99,7.1,Podcast-heavy,PayPal,1,Playback,Partner promo,0
SW-4755,25-34,Premium,6,12.99,5.5,Podcast-heavy,Credit card,0,No ticket,iOS,0
SW-4756,Under 25,Premium,5,12.99,6.8,Balanced,Gift card,1,Content,Web,0
SW-4757,Under 25,Basic,52,7.99,4.7,Balanced,Credit card,3,Billing,Web,1
SW-4758,25-34,Premium,15,12.99,7.7,Balanced,Credit card,1,Playback,Web,0
SW-4759,25-34,Premium,7,12.99,2.6,Podcast-heavy,PayPal,0,No ticket,Web,0
SW-4760,35-49,Premium,21,12.99,12.1,Balanced,Debit,0,No ticket,iOS,0
SW-4761,Under 25,Family,5,18.99,9.9,Low-usage,PayPal,0,No ticket,iOS,0
SW-4762,35-49,Basic,6,7.99,2.9,Music-heavy,Credit card,0,No ticket,Android,0
SW-4763,25-34,Premium,7,12.99,23.1,Podcast-heavy,Credit card,0,No ticket,Partner promo,0
SW-4764,25-34,Free,38,0.0,4.1,Balanced,Credit card,3,Playback,iOS,0
SW-4765,25-34,Premium,10,12.99,20.7,Balanced,Credit card,0,No ticket,Partner promo,0
SW-4766,25-34,Basic,2,7.99,10.4,Balanced,Debit,0,No ticket,iOS,1
SW-4767,35-49,Free,28,0.0,17.8,Low-usage,Credit card,3,Account,Android,0
SW-4768,25-34,Basic,10,7.99,9.2,Balanced,Credit card,0,No ticket,Web,1
SW-4769,Under 25,Premium,3,12.99,12.6,Balanced,Credit card,0,No ticket,Web,0
SW-4770,Under 25,Free,10,0.0,17.7,Low-usage,PayPal,0,No ticket,Web,0
SW-4771,25-34,Family,17,18.99,36.8,Balanced,Credit card,0,No ticket,Web,0
SW-4772,50 plus,Free,16,0.0,18.9,Balanced,Debit,2,Billing,Android,1
SW-4773,25-34,Family,42,18.99,11.5,Music-heavy,Credit card,1,Playback,Web,0
SW-4774,35-49,Premium,7,12.99,2.7,Music-heavy,Credit card,1,Content,Web,0
SW-4775,35-49,Basic,12,7.99,1.2,Podcast-heavy,PayPal,0,No ticket,Partner promo,0
SW-4776,50 plus,Basic,7,7.99,7.2,Balanced,Credit card,1,Playback,Android,0
SW-4777,35-49,Premium,4,12.99,4.5,Music-heavy,Debit,0,No ticket,iOS,0
SW-4778,35-49,Premium,22,12.99,4.7,Music-heavy,Debit,1,Playback,Web,0
SW-4779,35-49,Premium,17,12.99,7.5,Music-heavy,Debit,2,Playback,Android,0
SW-4780,50 plus,Basic,15,7.99,13.6,Balanced,Debit,0,No ticket,Web,0
SW-4781,25-34,Premium,16,12.99,4.9,Balanced,PayPal,0,No ticket,Android,1
SW-4782,25-34,Family,7,18.99,16.4,Low-usage,Debit,0,No ticket,Android,0
SW-4783,Under 25,Basic,6,7.99,8.2,Music-heavy,Credit card,0,No ticket,iOS,0
SW-4784,35-49,Basic,12,7.99,8.2,Music-heavy,Credit card,0,No ticket,Partner promo,0
SW-4785,35-49,Basic,27,7.99,35.9,Podcast-heavy,PayPal,1,Billing,Web,0
SW-4786,Under 25,Premium,37,12.99,9.2,Music-heavy,Gift card,0,No ticket,Android,0
SW-4787,35-49,Premium,21,12.99,7.7,Balanced,Credit card,1,Playback,iOS,0
SW-4788,25-34,Basic,12,7.99,12.2,Music-heavy,Credit card,2,Playback,Android,0
SW-4789,Under 25,Free,14,0.0,33.7,Music-heavy,Credit card,1,Billing,Partner promo,0
SW-4790,50 plus,Free,12,0.0,7.7,Podcast-heavy,Debit,1,Billing,Android,0
SW-4791,Under 25,Basic,6,7.99,11.4,Music-heavy,Credit card,0,No ticket,Android,0
SW-4792,Under 25,Basic,12,7.99,7.3,Music-heavy,PayPal,1,Account,Web,0
SW-4793,35-49,Premium,5,12.99,7.4,Low-usage,PayPal,0,No ticket,Partner promo,0
SW-4794,35-49,Basic,11,7.99,5.4,Music-heavy,Gift card,1,Billing,Android,0
SW-4795,Under 25,Basic,38,7.99,5.1,Podcast-heavy,Credit card,0,No ticket,Partner promo,0
SW-4796,35-49,Premium,21,12.99,31.1,Low-usage,Gift card,0,No ticket,Partner promo,1
SW-4797,25-34,Premium,6,12.99,5.1,Balanced,Debit,1,Playback,Web,0
SW-4798,Under 25,Premium,11,12.99,2.3,Low-usage,Credit card,1,Playback,iOS,0
SW-4799,Under 25,Free,7,0.0,8.8,Podcast-heavy,Credit card,0,No ticket,Partner promo,0
SW-4800,35-49,Basic,11,7.99,18.1,Balanced,Debit,0,No ticket,Android,0
SW-4801,25-34,Family,25,18.99,21.6,Low-usage,Gift card,1,Playback,iOS,0
SW-4802,50 plus,Premium,19,12.99,3.1,Music-heavy,Credit card,0,No ticket,Web,0
SW-4803,35-49,Basic,60,7.99,19.5,Music-heavy,Credit card,0,No ticket,iOS,0
SW-4804,50 plus,Premium,28,12.99,40.0,Music-heavy,Credit card,2,Billing,Android,0
SW-4805,25-34,Family,14,18.99,4.6,Podcast-heavy,Gift card,0,No ticket,Android,0
SW-4806,50 plus,Basic,19,7.99,7.0,Balanced,Gift card,2,Billing,iOS,1
SW-4807,25-34,Premium,10,12.99,3.0,Music-heavy,Credit card,1,Content,Web,0
SW-4808,25-34,Family,5,18.99,35.2,Balanced,Credit card,0,No ticket,Android,0
SW-4809,Under 25,Basic,30,7.99,2.4,Music-heavy,PayPal,0,No ticket,Partner promo,0
SW-4810,Under 25,Premium,24,12.99,5.8,Low-usage,Debit,0,No ticket,iOS,0
SW-4811,35-49,Premium,10,12.99,15.0,Low-usage,Gift card,2,Billing,Partner promo,1
SW-4812,25-34,Premium,15,12.99,4.6,Low-usage,PayPal,0,No ticket,iOS,0
SW-4813,25-34,Basic,29,7.99,3.6,Balanced,Credit card,1,Billing,Partner promo,0
SW-4814,35-49,Basic,22,7.99,7.7,Music-heavy,PayPal,0,No ticket,Android,0
SW-4815,25-34,Premium,4,12.99,40.0,Balanced,Credit card,0,No ticket,Partner promo,0
SW-4816,35-49,Basic,14,7.99,6.5,Music-heavy,PayPal,0,No ticket,Android,0
SW-4817,25-34,Basic,11,7.99,6.8,Low-usage,Debit,0,No ticket,iOS,0
SW-4818,35-49,Basic,26,7.99,3.3,Music-heavy,Gift card,1,Playback,Partner promo,0
SW-4819,35-49,Free,25,0.0,10.9,Music-heavy,Gift card,1,Account,Android,1
SW-4820,25-34,Family,30,18.99,16.2,Low-usage,Credit card,0,No ticket,Web,0
SW-4821,25-34,Basic,5,7.99,4.9,Music-heavy,Credit card,0,No ticket,Web,0
SW-4822,25-34,Family,7,18.99,12.3,Music-heavy,Credit card,0,No ticket,iOS,0
SW-4823,35-49,Free,26,0.0,5.0,Podcast-heavy,PayPal,0,No ticket,Android,0
SW-4824,25-34,Premium,8,12.99,1.8,Balanced,PayPal,1,Billing,Android,0
SW-4825,Under 25,Basic,4,7.99,11.5,Balanced,Gift card,0,No ticket,iOS,0
SW-4826,Under 25,Premium,17,12.99,40.0,Balanced,Debit,0,No ticket,Web,0
SW-4827,25-34,Premium,8,12.99,3.1,Low-usage,Credit card,0,No ticket,iOS,0
SW-4828,25-34,Free,42,0.0,9.2,Music-heavy,Credit card,0,No ticket,Web,0
SW-4829,50 plus,Family,15,18.99,22.8,Podcast-heavy,Credit card,0,No ticket,iOS,0
SW-4830,25-34,Basic,13,7.99,7.4,Balanced,Debit,0,No ticket,Partner promo,0
SW-4831,25-34,Premium,9,12.99,2.6,Balanced,PayPal,0,No ticket,Android,0
SW-4832,35-49,Family,37,18.99,8.3,Podcast-heavy,Credit card,0,No ticket,iOS,0
SW-4833,35-49,Family,15,18.99,26.4,Music-heavy,PayPal,1,Content,Android,0
SW-4834,25-34,Family,9,18.99,5.3,Music-heavy,Credit card,1,Billing,iOS,0
SW-4835,25-34,Basic,7,7.99,9.6,Music-heavy,Credit card,0,No ticket,Web,0
SW-4836,25-34,Free,11,0.0,3.4,Music-heavy,Credit card,2,Billing,Partner promo,0
SW-4837,50 plus,Basic,6,7.99,7.4,Music-heavy,Credit card,1,Account,iOS,0
SW-4838,Under 25,Premium,25,12.99,10.9,Podcast-heavy,PayPal,1,Playback,iOS,0
SW-4839,50 plus,Premium,3,12.99,8.8,Music-heavy,Credit card,1,Playback,Android,0
SW-4840,35-49,Basic,11,7.99,5.7,Balanced,Credit card,0,No ticket,Web,0
SW-4841,25-34,Premium,18,12.99,11.4,Balanced,PayPal,1,Playback,Web,0
SW-4842,Under 25,Premium,15,12.99,13.7,Low-usage,Gift card,1,Billing,Partner promo,1
SW-4843,25-34,Basic,7,7.99,14.4,Podcast-heavy,Debit,0,No ticket,iOS,0
SW-4844,25-34,Premium,19,12.99,6.3,Low-usage,Credit card,0,No ticket,Web,0
SW-4845,Under 25,Basic,6,7.99,4.9,Podcast-heavy,Credit card,0,No ticket,Partner promo,0
SW-4846,35-49,Premium,12,12.99,38.5,Low-usage,Credit card,0,No ticket,Android,0
SW-4847,50 plus,Basic,19,7.99,8.9,Music-heavy,Credit card,0,No ticket,Partner promo,0
SW-4848,35-49,Premium,17,12.99,6.5,Balanced,PayPal,0,No ticket,Android,0
SW-4849,35-49,Free,7,0.0,2.5,Podcast-heavy,Credit card,1,Account,Android,0
SW-4850,Under 25,Basic,28,7.99,3.8,Music-heavy,Credit card,0,No ticket,Web,0
SW-4851,25-34,Premium,13,12.99,4.8,Low-usage,Debit,1,Billing,Android,0
SW-4852,Under 25,Family,20,18.99,11.4,Low-usage,PayPal,0,No ticket,Web,0
SW-4853,35-49,Basic,35,7.99,6.0,Podcast-heavy,Credit card,0,No ticket,Web,0
SW-4854,50 plus,Basic,26,7.99,8.1,Low-usage,Credit card,1,Billing,Android,0
SW-4855,35-49,Premium,26,12.99,2.5,Music-heavy,Credit card,0,No ticket,Android,0
SW-4856,Under 25,Basic,14,7.99,24.6,Balanced,Credit card,2,Billing,Web,0
SW-4857,25-34,Premium,21,12.99,4.4,Music-heavy,Credit card,0,No ticket,iOS,0
SW-4858,25-34,Premium,14,12.99,9.7,Music-heavy,Debit,0,No ticket,Web,0
SW-4859,25-34,Free,5,0.0,5.2,Balanced,Credit card,2,Billing,Android,0
SW-4860,35-49,Basic,15,7.99,6.2,Music-heavy,Credit card,1,Billing,Partner promo,0
SW-4861,35-49,Premium,14,12.99,4.2,Music-heavy,Credit card,0,No ticket,Android,0
SW-4862,35-49,Basic,18,7.99,10.1,Podcast-heavy,Gift card,1,Playback,Android,0
SW-4863,25-34,Premium,11,12.99,3.7,Music-heavy,Debit,0,No ticket,iOS,0
SW-4864,25-34,Free,7,0.0,10.3,Balanced,PayPal,1,Playback,Web,0
SW-4865,Under 25,Premium,19,12.99,7.3,Music-heavy,Credit card,0,No ticket,Android,0
SW-4866,25-34,Premium,5,12.99,13.2,Low-usage,PayPal,2,Playback,Partner promo,0
SW-4867,25-34,Premium,33,12.99,14.3,Music-heavy,Credit card,0,No ticket,iOS,0
SW-4868,35-49,Basic,10,7.99,6.2,Podcast-heavy,Credit card,1,Content,Android,0
SW-4869,35-49,Basic,14,7.99,10.7,Music-heavy,PayPal,0,No ticket,Partner promo,0
SW-4870,Under 25,Premium,18,12.99,5.6,Balanced,PayPal,0,No ticket,iOS,0
SW-4871,25-34,Free,18,0.0,22.9,Music-heavy,Gift card,0,No ticket,Partner promo,0
SW-4872,Under 25,Basic,4,7.99,6.0,Podcast-heavy,PayPal,0,No ticket,iOS,0
SW-4873,Under 25,Basic,21,7.99,6.8,Music-heavy,Credit card,0,No ticket,Web,0
SW-4874,35-49,Basic,15,7.99,5.5,Low-usage,Credit card,0,No ticket,iOS,0
SW-4875,Under 25,Family,8,18.99,4.5,Music-heavy,Credit card,1,Playback,Android,0
SW-4876,25-34,Premium,7,12.99,40.0,Balanced,Credit card,0,No ticket,iOS,0
SW-4877,Under 25,Free,9,0.0,11.8,Music-heavy,PayPal,1,Account,Android,0
SW-4878,50 plus,Premium,5,12.99,8.4,Music-heavy,Credit card,1,Account,iOS,0
SW-4879,25-34,Premium,40,12.99,5.5,Music-heavy,PayPal,0,No ticket,iOS,0
SW-4880,25-34,Family,34,18.99,19.5,Music-heavy,Debit,0,No ticket,Web,0
SW-4881,25-34,Premium,16,12.99,5.2,Low-usage,Credit card,1,Account,Partner promo,0
SW-4882,35-49,Premium,10,12.99,8.8,Low-usage,Credit card,2,Billing,Web,0
SW-4883,50 plus,Premium,10,12.99,40.0,Music-heavy,Credit card,1,Playback,iOS,0
SW-4884,25-34,Premium,20,12.99,3.7,Podcast-heavy,PayPal,0,No ticket,Android,0
SW-4885,50 plus,Basic,41,7.99,12.3,Podcast-heavy,Gift card,0,No ticket,Android,0
SW-4886,50 plus,Basic,8,7.99,10.1,Music-heavy,Credit card,0,No ticket,Web,0
SW-4887,50 plus,Premium,5,12.99,12.2,Music-heavy,PayPal,0,No ticket,iOS,0
SW-4888,35-49,Basic,35,7.99,6.4,Low-usage,Debit,0,No ticket,iOS,0
SW-4889,35-49,Family,3,18.99,5.0,Music-heavy,Gift card,1,Playback,iOS,0
SW-4890,25-34,Basic,6,7.99,9.6,Balanced,Credit card,0,No ticket,Android,0
SW-4891,35-49,Premium,10,12.99,5.6,Music-heavy,Credit card,0,No ticket,Web,0
SW-4892,25-34,Family,4,18.99,1.2,Podcast-heavy,Credit card,1,Billing,Partner promo,0
SW-4893,35-49,Premium,26,12.99,4.1,Podcast-heavy,Credit card,3,Billing,Partner promo,1
SW-4894,25-34,Family,22,18.99,6.2,Music-heavy,Credit card,0,No ticket,Web,0
SW-4895,35-49,Premium,8,12.99,3.4,Music-heavy,Credit card,0,No ticket,Android,0
SW-4896,35-49,Basic,29,7.99,9.0,Music-heavy,Debit,1,Billing,Web,0
SW-4897,Under 25,Premium,33,12.99,4.4,Music-heavy,Credit card,1,Playback,Web,0
SW-4898,35-49,Premium,11,12.99,7.7,Low-usage,Debit,0,No ticket,Partner promo,1
SW-4899,25-34,Premium,9,12.99,40.0,Music-heavy,Debit,1,Billing,Android,0
SW-4900,50 plus,Basic,58,7.99,21.3,Balanced,PayPal,0,No ticket,iOS,0
SW-4901,25-34,Premium,20,12.99,12.8,Music-heavy,Credit card,0,No ticket,Android,0
SW-4902,25-34,Premium,14,12.99,34.0,Low-usage,Credit card,0,No ticket,Android,0
SW-4903,50 plus,Basic,31,7.99,7.5,Podcast-heavy,Credit card,0,No ticket,Android,0
SW-4904,25-34,Basic,15,7.99,7.6,Music-heavy,Credit card,2,Content,Web,0
SW-4905,50 plus,Family,8,18.99,3.4,Low-usage,Debit,0,No ticket,Android,0
SW-4906,25-34,Free,13,0.0,22.2,Music-heavy,Credit card,0,No ticket,Android,0
SW-4907,25-34,Free,25,0.0,38.3,Podcast-heavy,Credit card,0,No ticket,Android,0
SW-4908,25-34,Basic,3,7.99,16.5,Podcast-heavy,Credit card,1,Content,iOS,0
SW-4909,35-49,Family,10,18.99,25.0,Music-heavy,Credit card,0,No ticket,Web,0
SW-4910,25-34,Family,32,18.99,0.9,Low-usage,Gift card,0,No ticket,Web,0
SW-4911,Under 25,Premium,8,12.99,40.0,Balanced,Gift card,1,Account,iOS,0
SW-4912,25-34,Family,35,18.99,7.4,Balanced,Debit,1,Playback,Android,0
SW-4913,Under 25,Basic,32,7.99,40.0,Low-usage,Credit card,0,No ticket,Android,0
SW-4914,50 plus,Family,11,18.99,32.0,Podcast-heavy,PayPal,1,Content,iOS,0
SW-4915,50 plus,Free,8,0.0,14.8,Music-heavy,PayPal,1,Playback,Android,0
SW-4916,25-34,Free,10,0.0,6.1,Balanced,PayPal,0,No ticket,Android,0
SW-4917,35-49,Free,60,0.0,9.1,Podcast-heavy,Credit card,0,No ticket,iOS,0
SW-4918,25-34,Premium,45,12.99,1.7,Music-heavy,Credit card,2,Account,Web,0
SW-4919,35-49,Premium,13,12.99,16.8,Podcast-heavy,Credit card,0,No ticket,iOS,0
SW-4920,35-49,Basic,8,7.99,1.0,Low-usage,PayPal,1,Billing,Web,0
SW-4921,50 plus,Family,13,18.99,6.3,Music-heavy,PayPal,0,No ticket,Web,0
SW-4922,25-34,Basic,14,7.99,27.5,Balanced,Credit card,0,No ticket,Web,0
SW-4923,35-49,Basic,5,7.99,14.2,Podcast-heavy,Credit card,2,Billing,Android,0
SW-4924,25-34,Basic,13,7.99,2.4,Music-heavy,Debit,1,Billing,Web,0
SW-4925,50 plus,Premium,30,12.99,2.7,Balanced,PayPal,0,No ticket,iOS,0
SW-4926,Under 25,Premium,3,12.99,5.0,Low-usage,Debit,1,Content,Partner promo,0
SW-4927,35-49,Basic,21,7.99,8.5,Music-heavy,Debit,0,No ticket,Android,0
SW-4928,35-49,Premium,31,12.99,16.1,Music-heavy,Credit card,1,Billing,Android,0
SW-4929,35-49,Basic,8,7.99,13.0,Podcast-heavy,Credit card,3,Billing,Web,1
SW-4930,Under 25,Premium,39,12.99,3.4,Balanced,Debit,2,Billing,Android,1
SW-4931,50 plus,Family,7,18.99,13.1,Music-heavy,PayPal,2,Billing,iOS,1
SW-4932,Under 25,Free,16,0.0,14.3,Music-heavy,Credit card,0,No ticket,Android,0
SW-4933,35-49,Family,10,18.99,11.8,Balanced,Credit card,0,No ticket,iOS,0
SW-4934,25-34,Premium,10,12.99,40.0,Podcast-heavy,Debit,1,Account,iOS,0
SW-4935,25-34,Basic,8,7.99,14.3,Music-heavy,Credit card,0,No ticket,Partner promo,0
SW-4936,25-34,Family,20,18.99,17.4,Balanced,Debit,0,No ticket,iOS,0
SW-4937,25-34,Premium,22,12.99,35.9,Low-usage,Debit,1,Playback,Partner promo,0
SW-4938,Under 25,Basic,11,7.99,15.8,Low-usage,PayPal,1,Playback,iOS,0
SW-4939,Under 25,Basic,5,7.99,5.1,Music-heavy,PayPal,0,No ticket,iOS,0
SW-4940,25-34,Basic,16,7.99,21.6,Low-usage,Credit card,0,No ticket,Web,0
SW-4941,35-49,Premium,16,12.99,5.8,Low-usage,Credit card,0,No ticket,Partner promo,0
SW-4942,50 plus,Premium,10,12.99,3.6,Music-heavy,Credit card,1,Content,iOS,0
SW-4943,Under 25,Family,44,18.99,3.9,Balanced,PayPal,1,Billing,iOS,0
SW-4944,25-34,Basic,4,7.99,21.4,Music-heavy,PayPal,0,No ticket,Android,0
SW-4945,Under 25,Free,3,0.0,13.1,Balanced,Credit card,1,Billing,Android,0
SW-4946,Under 25,Free,7,0.0,18.7,Balanced,Credit card,0,No ticket,Partner promo,0
SW-4947,35-49,Premium,20,12.99,13.2,Balanced,Credit card,0,No ticket,Web,0
SW-4948,35-49,Family,6,18.99,9.3,Music-heavy,Debit,0,No ticket,iOS,0
SW-4949,Under 25,Premium,6,12.99,10.3,Balanced,Credit card,0,No ticket,Web,1
SW-4950,25-34,Basic,23,7.99,12.8,Music-heavy,Debit,0,No ticket,Partner promo,0
SW-4951,Under 25,Family,17,18.99,4.9,Low-usage,Debit,1,Content,iOS,0
SW-4952,35-49,Premium,16,12.99,2.8,Balanced,Debit,1,Playback,Android,0
SW-4953,50 plus,Free,21,0.0,5.4,Music-heavy,PayPal,0,No ticket,Partner promo,0
SW-4954,Under 25,Premium,9,12.99,12.4,Music-heavy,Credit card,1,Account,iOS,0
SW-4955,25-34,Basic,9,7.99,4.8,Balanced,PayPal,0,No ticket,Web,0
SW-4956,50 plus,Free,21,0.0,40.0,Podcast-heavy,Credit card,1,Billing,iOS,0
SW-4957,50 plus,Basic,5,7.99,11.4,Balanced,Credit card,0,No ticket,Web,0
SW-4958,25-34,Basic,3,7.99,8.8,Music-heavy,Credit card,1,Playback,Android,0
SW-4959,Under 25,Basic,9,7.99,4.9,Balanced,Debit,0,No ticket,Web,0
SW-4960,Under 25,Basic,23,7.99,16.6,Music-heavy,Credit card,0,No ticket,Android,0
SW-4961,35-49,Basic,14,7.99,3.0,Podcast-heavy,Debit,0,No ticket,Web,0
SW-4962,25-34,Premium,22,12.99,10.3,Low-usage,Credit card,1,Billing,Web,0
SW-4963,Under 25,Family,3,18.99,5.6,Balanced,PayPal,1,Playback,Web,0
SW-4964,35-49,Premium,15,12.99,8.8,Music-heavy,Credit card,0,No ticket,iOS,0
SW-4965,Under 25,Basic,19,7.99,11.8,Low-usage,Debit,1,Content,Web,0
SW-4966,35-49,Basic,5,7.99,3.2,Music-heavy,PayPal,2,Billing,Android,0
SW-4967,25-34,Basic,22,7.99,2.1,Balanced,PayPal,0,No ticket,Android,0
SW-4968,Under 25,Free,11,0.0,3.8,Podcast-heavy,Credit card,0,No ticket,Partner promo,0
SW-4969,35-49,Premium,60,12.99,16.2,Music-heavy,Credit card,1,Playback,Partner promo,0
SW-4970,25-34,Premium,3,12.99,10.8,Music-heavy,Debit,0,No ticket,iOS,0
SW-4971,50 plus,Premium,31,12.99,5.8,Music-heavy,Credit card,0,No ticket,Android,0
SW-4972,25-34,Premium,9,12.99,38.6,Balanced,Credit card,0,No ticket,iOS,0
SW-4973,25-34,Basic,4,7.99,22.4,Balanced,Credit card,0,No ticket,Android,0
SW-4974,35-49,Basic,8,7.99,18.4,Podcast-heavy,PayPal,2,Playback,iOS,0
SW-4975,25-34,Premium,15,12.99,4.5,Music-heavy,Credit card,1,Content,iOS,0
SW-4976,50 plus,Basic,25,7.99,18.3,Low-usage,Credit card,1,Playback,Android,0
SW-4977,25-34,Basic,40,7.99,10.5,Podcast-heavy,Credit card,0,No ticket,Web,0
SW-4978,25-34,Premium,32,12.99,4.5,Low-usage,Debit,0,No ticket,Partner promo,1
SW-4979,Under 25,Basic,6,7.99,7.4,Podcast-heavy,Debit,0,No ticket,iOS,0
SW-4980,25-34,Free,26,0.0,3.5,Music-heavy,Debit,0,No ticket,Android,0
SW-4981,35-49,Premium,16,12.99,4.5,Podcast-heavy,Credit card,1,Billing,Web,0
SW-4982,35-49,Family,8,18.99,3.2,Balanced,PayPal,1,Account,iOS,1
SW-4983,25-34,Basic,10,7.99,17.2,Podcast-heavy,Credit card,2,Account,Partner promo,0
SW-4984,25-34,Free,7,0.0,7.6,Low-usage,Credit card,1,Playback,Web,0
SW-4985,35-49,Premium,12,12.99,3.8,Music-heavy,PayPal,0,No ticket,Partner promo,0
SW-4986,50 plus,Basic,7,7.99,12.1,Podcast-heavy,Gift card,0,No ticket,Partner promo,0
SW-4987,Under 25,Basic,6,7.99,8.0,Music-heavy,Debit,0,No ticket,iOS,0
SW-4988,25-34,Free,17,0.0,18.5,Balanced,PayPal,0,No ticket,Android,0
SW-4989,25-34,Basic,19,7.99,8.9,Music-heavy,Credit card,1,Content,Partner promo,0
SW-4990,50 plus,Premium,11,12.99,2.5,Music-heavy,Credit card,0,No ticket,iOS,0
SW-4991,Under 25,Premium,31,12.99,5.4,Balanced,Credit card,0,No ticket,Web,0
SW-4992,Under 25,Basic,10,7.99,3.2,Music-heavy,Debit,0,No ticket,Android,0
SW-4993,35-49,Basic,10,7.99,12.6,Balanced,Debit,0,No ticket,Web,0
SW-4994,Under 25,Free,19,0.0,19.0,Low-usage,Credit card,1,Billing,Web,0
SW-4995,25-34,Free,11,0.0,2.3,Podcast-heavy,PayPal,0,No ticket,Android,0
SW-4996,25-34,Family,13,18.99,7.2,Music-heavy,Credit card,0,No ticket,Web,0
SW-4997,25-34,Premium,2,12.99,20.1,Music-heavy,Credit card,0,No ticket,Android,0
SW-4998,25-34,Premium,12,12.99,2.3,Balanced,Credit card,0,No ticket,iOS,0
SW-4999,25-34,Premium,3,12.99,5.6,Music-heavy,Gift card,0,No ticket,Android,0
SW-5000,Under 25,Premium,5,12.99,8.0,Balanced,PayPal,0,No ticket,Web,0
SW-5001,35-49,Premium,5,12.99,18.8,Balanced,Debit,0,No ticket,iOS,0
SW-5002,35-49,Free,6,0.0,12.4,Podcast-heavy,PayPal,0,No ticket,iOS,0
SW-5003,35-49,Basic,8,7.99,14.6,Balanced,PayPal,1,Billing,Web,0
SW-5004,Under 25,Premium,9,12.99,13.0,Music-heavy,PayPal,1,Content,iOS,0
SW-5005,Under 25,Basic,19,7.99,5.9,Podcast-heavy,Credit card,0,No ticket,iOS,0
SW-5006,25-34,Premium,14,12.99,29.8,Low-usage,Debit,0,No ticket,Partner promo,0
SW-5007,25-34,Premium,3,12.99,4.7,Music-heavy,Credit card,1,Billing,iOS,0
SW-5008,25-34,Family,13,18.99,0.9,Music-heavy,Gift card,0,No ticket,iOS,0
SW-5009,35-49,Premium,15,12.99,1.9,Low-usage,Gift card,1,Billing,Partner promo,0
SW-5010,Under 25,Family,10,18.99,7.3,Balanced,PayPal,0,No ticket,Partner promo,0
SW-5011,Under 25,Basic,11,7.99,6.1,Podcast-heavy,Credit card,1,Playback,Android,0
SW-5012,25-34,Family,14,18.99,5.2,Balanced,Credit card,0,No ticket,Android,0
SW-5013,35-49,Basic,20,7.99,9.0,Podcast-heavy,Credit card,2,Billing,iOS,1
SW-5014,Under 25,Premium,4,12.99,20.9,Low-usage,Credit card,1,Billing,Partner promo,1
SW-5015,35-49,Premium,10,12.99,11.5,Balanced,Credit card,0,No ticket,Web,0
SW-5016,25-34,Basic,34,7.99,13.4,Music-heavy,Credit card,0,No ticket,Android,0
SW-5017,50 plus,Basic,32,7.99,3.4,Podcast-heavy,Gift card,1,Billing,iOS,0
SW-5018,50 plus,Family,22,18.99,5.3,Balanced,Credit card,0,No ticket,Android,0
SW-5019,25-34,Basic,17,7.99,14.0,Low-usage,PayPal,0,No ticket,Web,0
SW-5020,25-34,Premium,38,12.99,8.7,Music-heavy,Debit,2,Playback,iOS,0
SW-5021,25-34,Free,46,0.0,11.7,Podcast-heavy,Credit card,0,No ticket,iOS,1
SW-5022,25-34,Premium,11,12.99,13.1,Music-heavy,Credit card,0,No ticket,Web,0
SW-5023,35-49,Premium,6,12.99,9.1,Music-heavy,Gift card,0,No ticket,Web,0
SW-5024,35-49,Basic,10,7.99,28.4,Balanced,PayPal,0,No ticket,iOS,0
SW-5025,35-49,Free,60,0.0,5.2,Music-heavy,Credit card,2,Content,iOS,0
SW-5026,35-49,Premium,4,12.99,4.2,Balanced,Credit card,0,No ticket,Android,0
SW-5027,25-34,Free,9,0.0,1.9,Low-usage,Debit,0,No ticket,iOS,0
SW-5028,Under 25,Free,4,0.0,14.6,Low-usage,Credit card,0,No ticket,iOS,0
SW-5029,35-49,Premium,13,12.99,5.1,Music-heavy,Credit card,0,No ticket,iOS,0
SW-5030,25-34,Basic,5,7.99,22.0,Balanced,Debit,0,No ticket,iOS,0
SW-5031,35-49,Basic,11,7.99,9.8,Low-usage,Debit,0,No ticket,Web,0
SW-5032,25-34,Premium,3,12.99,6.1,Music-heavy,Credit card,1,Billing,iOS,0
SW-5033,Under 25,Free,18,0.0,3.4,Podcast-heavy,PayPal,0,No ticket,Web,0
SW-5034,50 plus,Basic,28,7.99,15.7,Low-usage,Debit,1,Playback,iOS,0
SW-5035,Under 25,Free,9,0.0,7.7,Music-heavy,PayPal,0,No ticket,Android,0
SW-5036,50 plus,Premium,11,12.99,9.9,Low-usage,Credit card,1,Billing,iOS,1
SW-5037,50 plus,Premium,11,12.99,13.0,Podcast-heavy,Credit card,2,Billing,Web,0
SW-5038,35-49,Premium,14,12.99,9.9,Music-heavy,Credit card,0,No ticket,Web,0
SW-5039,35-49,Basic,12,7.99,4.1,Podcast-heavy,Credit card,0,No ticket,Web,0
SW-5040,35-49,Free,21,0.0,12.1,Music-heavy,Gift card,0,No ticket,iOS,0
SW-5041,50 plus,Free,28,0.0,15.4,Music-heavy,Gift card,0,No ticket,iOS,0
SW-5042,25-34,Basic,7,7.99,10.7,Podcast-heavy,PayPal,1,Billing,Web,0
SW-5043,25-34,Family,10,18.99,13.3,Podcast-heavy,Credit card,0,No ticket,Android,0
SW-5044,35-49,Premium,23,12.99,14.3,Low-usage,PayPal,0,No ticket,Partner promo,0
SW-5045,25-34,Basic,4,7.99,5.8,Music-heavy,Debit,0,No ticket,Android,0
SW-5046,25-34,Free,3,0.0,5.7,Balanced,Credit card,0,No ticket,Android,0
SW-5047,25-34,Premium,14,12.99,40.0,Podcast-heavy,Credit card,2,Billing,Android,1
SW-5048,35-49,Premium,17,12.99,23.1,Balanced,Debit,1,Billing,Partner promo,0
SW-5049,50 plus,Premium,7,12.99,7.7,Balanced,Credit card,0,No ticket,Web,0
SW-5050,Under 25,Family,8,18.99,13.8,Music-heavy,Credit card,0,No ticket,Web,0
SW-5051,50 plus,Premium,7,12.99,3.8,Low-usage,Credit card,2,Billing,Partner promo,0
SW-5052,35-49,Free,7,0.0,5.0,Low-usage,Debit,1,Account,iOS,0
SW-5053,35-49,Basic,19,7.99,3.0,Balanced,Credit card,1,Content,Partner promo,0
SW-5054,25-34,Premium,5,12.99,10.1,Music-heavy,Debit,1,Billing,Web,0
SW-5055,35-49,Premium,10,12.99,10.1,Balanced,Credit card,1,Playback,Web,0
SW-5056,Under 25,Premium,6,12.99,19.0,Music-heavy,Credit card,1,Content,Android,0
SW-5057,35-49,Premium,4,12.99,6.8,Music-heavy,PayPal,2,Billing,Web,1
SW-5058,Under 25,Premium,22,12.99,18.8,Podcast-heavy,Credit card,0,No ticket,iOS,0
SW-5059,50 plus,Family,8,18.99,13.5,Music-heavy,Credit card,1,Billing,Partner promo,0
SW-5060,50 plus,Premium,14,12.99,40.0,Low-usage,PayPal,1,Playback,Web,0
SW-5061,25-34,Premium,4,12.99,30.4,Low-usage,Credit card,0,No ticket,iOS,0
SW-5062,Under 25,Basic,7,7.99,26.4,Balanced,PayPal,0,No ticket,iOS,0
SW-5063,35-49,Premium,20,12.99,15.6,Music-heavy,Credit card,0,No ticket,iOS,0
SW-5064,25-34,Family,60,18.99,3.9,Music-heavy,Credit card,1,Playback,Web,0
SW-5065,50 plus,Basic,3,7.99,10.1,Music-heavy,Debit,1,Playback,Web,0
SW-5066,Under 25,Premium,10,12.99,40.0,Podcast-heavy,Credit card,1,Billing,Web,1
SW-5067,Under 25,Premium,16,12.99,12.0,Music-heavy,Credit card,0,No ticket,Partner promo,0
SW-5068,50 plus,Free,8,0.0,4.1,Podcast-heavy,Credit card,0,No ticket,Android,0
SW-5069,35-49,Premium,22,12.99,10.5,Podcast-heavy,Credit card,1,Playback,Android,0
SW-5070,50 plus,Free,7,0.0,3.6,Low-usage,Debit,1,Content,Web,0
SW-5071,25-34,Family,13,18.99,4.0,Low-usage,PayPal,1,Playback,Web,1
SW-5072,35-49,Premium,8,12.99,11.1,Podcast-heavy,PayPal,4,Billing,Android,1
SW-5073,35-49,Free,28,0.0,14.5,Balanced,Credit card,1,Account,Android,0
SW-5074,35-49,Free,7,0.0,4.2,Music-heavy,Debit,2,Playback,iOS,0
SW-5075,35-49,Premium,9,12.99,5.1,Music-heavy,Credit card,4,Playback,iOS,0
SW-5076,35-49,Basic,23,7.99,2.6,Low-usage,Debit,0,No ticket,iOS,0
SW-5077,25-34,Free,6,0.0,7.2,Balanced,PayPal,1,Playback,Web,0
SW-5078,25-34,Premium,13,12.99,1.7,Music-heavy,Credit card,1,Billing,Android,0
SW-5079,35-49,Basic,3,7.99,6.3,Podcast-heavy,Gift card,1,Playback,Web,0
SW-5080,25-34,Free,6,0.0,8.5,Low-usage,PayPal,0,No ticket,iOS,0
SW-5081,35-49,Premium,16,12.99,2.0,Music-heavy,PayPal,1,Billing,Android,0
SW-5082,25-34,Family,6,18.99,3.6,Music-heavy,Debit,0,No ticket,Web,0
SW-5083,35-49,Premium,8,12.99,7.6,Low-usage,PayPal,0,No ticket,Android,0
SW-5084,35-49,Premium,17,12.99,6.8,Podcast-heavy,Gift card,1,Content,Partner promo,0
SW-5085,Under 25,Basic,8,7.99,7.1,Podcast-heavy,PayPal,0,No ticket,Web,0
SW-5086,Under 25,Basic,21,7.99,10.1,Music-heavy,Credit card,1,Playback,Android,0
SW-5087,Under 25,Basic,14,7.99,2.1,Low-usage,Debit,1,Account,iOS,0
SW-5088,35-49,Premium,16,12.99,14.1,Balanced,Credit card,0,No ticket,Web,0
SW-5089,50 plus,Family,29,18.99,6.2,Podcast-heavy,Gift card,0,No ticket,Android,0
SW-5090,Under 25,Premium,15,12.99,5.0,Music-heavy,PayPal,3,Account,Android,0
SW-5091,35-49,Family,35,18.99,1.8,Podcast-heavy,Debit,0,No ticket,Android,0
SW-5092,25-34,Premium,23,12.99,6.5,Music-heavy,PayPal,0,No ticket,Android,0
SW-5093,25-34,Basic,8,7.99,12.1,Music-heavy,PayPal,2,Playback,Web,0
SW-5094,50 plus,Basic,30,7.99,9.0,Podcast-heavy,Credit card,1,Billing,Android,0
SW-5095,25-34,Free,14,0.0,9.2,Music-heavy,Debit,2,Playback,Android,0
SW-5096,25-34,Free,9,0.0,6.1,Low-usage,Credit card,0,No ticket,Web,0
SW-5097,Under 25,Premium,15,12.99,7.6,Music-heavy,PayPal,1,Billing,Partner promo,0
SW-5098,Under 25,Basic,26,7.99,3.3,Podcast-heavy,Credit card,0,No ticket,iOS,0
SW-5099,25-34,Premium,17,12.99,8.0,Music-heavy,Debit,0,No ticket,Android,0
SW-5100,Under 25,Premium,43,12.99,5.4,Balanced,Credit card,0,No ticket,Android,0
SW-5101,35-49,Basic,26,7.99,3.3,Music-heavy,Credit card,0,No ticket,iOS,0
SW-5102,25-34,Premium,17,12.99,14.6,Podcast-heavy,Credit card,2,Playback,Web,0
SW-5103,25-34,Premium,6,12.99,2.3,Balanced,Credit card,1,Playback,Web,0
SW-5104,Under 25,Basic,11,7.99,12.2,Low-usage,Credit card,2,Playback,Web,0
SW-5105,25-34,Premium,13,12.99,12.8,Balanced,Credit card,0,No ticket,iOS,0
SW-5106,35-49,Basic,20,7.99,5.2,Music-heavy,Debit,0,No ticket,Web,0
SW-5107,50 plus,Premium,19,12.99,18.2,Music-heavy,Credit card,1,Playback,iOS,0
SW-5108,Under 25,Family,14,18.99,5.2,Balanced,Debit,2,Playback,Web,0
SW-5109,50 plus,Family,13,18.99,4.9,Music-heavy,Debit,0,No ticket,Web,0
SW-5110,35-49,Family,20,18.99,3.1,Podcast-heavy,Credit card,0,No ticket,iOS,0
SW-5111,35-49,Basic,7,7.99,7.9,Low-usage,Credit card,2,Billing,Android,0
SW-5112,25-34,Free,39,0.0,3.7,Balanced,PayPal,0,No ticket,Android,0
SW-5113,Under 25,Basic,3,7.99,4.2,Balanced,Credit card,0,No ticket,Web,0
SW-5114,Under 25,Basic,33,7.99,7.6,Balanced,Credit card,0,No ticket,Web,0
SW-5115,35-49,Family,12,18.99,7.9,Balanced,Gift card,1,Billing,Partner promo,0
SW-5116,25-34,Premium,24,12.99,21.8,Balanced,Debit,2,Billing,Web,0
SW-5117,50 plus,Free,15,0.0,16.8,Music-heavy,Credit card,2,Content,Android,0
SW-5118,25-34,Free,15,0.0,12.4,Low-usage,Debit,0,No ticket,iOS,0
SW-5119,Under 25,Basic,18,7.99,7.1,Music-heavy,PayPal,0,No ticket,Web,0
SW-5120,35-49,Premium,21,12.99,5.8,Podcast-heavy,PayPal,0,No ticket,Android,0
SW-5121,25-34,Premium,10,12.99,7.8,Music-heavy,Credit card,2,Account,Partner promo,0
SW-5122,25-34,Family,25,18.99,5.1,Music-heavy,Credit card,0,No ticket,Partner promo,0
SW-5123,35-49,Family,6,18.99,4.6,Podcast-heavy,Debit,1,Content,Android,0
SW-5124,50 plus,Basic,12,7.99,7.5,Music-heavy,Credit card,0,No ticket,iOS,0
SW-5125,35-49,Basic,22,7.99,4.0,Podcast-heavy,PayPal,1,Account,iOS,0
SW-5126,35-49,Basic,24,7.99,4.2,Podcast-heavy,Credit card,0,No ticket,iOS,0
SW-5127,35-49,Basic,17,7.99,17.2,Podcast-heavy,Credit card,2,Billing,iOS,0
SW-5128,50 plus,Family,9,18.99,2.7,Music-heavy,PayPal,2,Playback,Partner promo,0
SW-5129,25-34,Premium,22,12.99,3.5,Podcast-heavy,Credit card,0,No ticket,Web,0
SW-5130,Under 25,Premium,8,12.99,22.2,Balanced,Credit card,0,No ticket,iOS,0
SW-5131,25-34,Premium,41,12.99,5.8,Music-heavy,Debit,2,Account,iOS,0
SW-5132,Under 25,Free,11,0.0,24.1,Podcast-heavy,Credit card,0,No ticket,iOS,0
SW-5133,35-49,Free,4,0.0,3.1,Podcast-heavy,PayPal,1,Playback,Web,0
SW-5134,35-49,Premium,5,12.99,8.5,Balanced,Credit card,1,Account,Web,0
SW-5135,35-49,Premium,12,12.99,14.8,Balanced,Credit card,0,No ticket,iOS,0
SW-5136,Under 25,Basic,13,7.99,3.9,Music-heavy,Credit card,0,No ticket,Android,0
SW-5137,35-49,Premium,48,12.99,30.5,Balanced,Debit,4,Billing,iOS,1
SW-5138,25-34,Premium,6,12.99,5.9,Balanced,Credit card,1,Account,iOS,0
SW-5139,35-49,Basic,12,7.99,12.0,Balanced,Credit card,1,Playback,Android,0
SW-5140,25-34,Premium,6,12.99,4.7,Podcast-heavy,PayPal,0,No ticket,Android,0
SW-5141,25-34,Basic,8,7.99,26.4,Balanced,PayPal,0,No ticket,Web,0
SW-5142,Under 25,Premium,39,12.99,10.2,Podcast-heavy,Debit,0,No ticket,Web,0
SW-5143,Under 25,Premium,5,12.99,40.0,Balanced,Credit card,1,Playback,Android,0
SW-5144,35-49,Family,18,18.99,20.5,Low-usage,Debit,1,Billing,iOS,0
SW-5145,50 plus,Basic,16,7.99,15.6,Low-usage,Debit,2,Billing,Web,0
SW-5146,35-49,Basic,12,7.99,3.7,Podcast-heavy,PayPal,0,No ticket,Web,0
SW-5147,Under 25,Basic,17,7.99,8.6,Balanced,PayPal,2,Account,Android,0
SW-5148,25-34,Basic,5,7.99,6.2,Music-heavy,PayPal,0,No ticket,Android,0
SW-5149,35-49,Premium,38,12.99,8.2,Music-heavy,PayPal,0,No ticket,Partner promo,0
SW-5150,35-49,Family,46,18.99,9.0,Podcast-heavy,Credit card,0,No ticket,iOS,0
SW-5151,Under 25,Basic,12,7.99,3.9,Balanced,Debit,0,No ticket,Web,0
SW-5152,Under 25,Basic,60,7.99,7.1,Music-heavy,PayPal,0,No ticket,Android,0
SW-5153,35-49,Basic,9,7.99,7.4,Podcast-heavy,PayPal,0,No ticket,Web,0
SW-5154,25-34,Basic,16,7.99,3.6,Music-heavy,PayPal,0,No ticket,iOS,0
SW-5155,25-34,Basic,33,7.99,15.2,Balanced,Credit card,1,Playback,Web,0
SW-5156,Under 25,Basic,9,7.99,9.6,Balanced,Debit,1,Playback,iOS,0
SW-5157,25-34,Premium,5,12.99,15.3,Balanced,Credit card,0,No ticket,Android,0
SW-5158,50 plus,Free,4,0.0,11.8,Music-heavy,Debit,0,No ticket,iOS,0
SW-5159,50 plus,Premium,51,12.99,2.0,Low-usage,Credit card,0,No ticket,Web,0
SW-5160,35-49,Premium,8,12.99,4.1,Balanced,Gift card,1,Content,Android,0
SW-5161,25-34,Basic,11,7.99,30.0,Balanced,PayPal,0,No ticket,Android,0
SW-5162,Under 25,Premium,6,12.99,15.0,Balanced,PayPal,0,No ticket,Partner promo,0
SW-5163,25-34,Premium,23,12.99,2.2,Low-usage,Credit card,0,No ticket,Android,0
SW-5164,25-34,Premium,7,12.99,11.7,Balanced,Credit card,1,Playback,Web,0
SW-5165,35-49,Basic,9,7.99,4.1,Podcast-heavy,Debit,0,No ticket,Android,0
SW-5166,25-34,Basic,15,7.99,1.5,Music-heavy,Credit card,0,No ticket,Web,0
SW-5167,25-34,Premium,6,12.99,30.1,Balanced,Credit card,0,No ticket,Web,0
SW-5168,Under 25,Premium,11,12.99,8.5,Podcast-heavy,PayPal,1,Account,Web,0
SW-5169,25-34,Basic,32,7.99,9.5,Balanced,Credit card,0,No ticket,Web,0
SW-5170,Under 25,Free,16,0.0,2.9,Music-heavy,Credit card,0,No ticket,Android,0
SW-5171,Under 25,Free,13,0.0,3.2,Podcast-heavy,Debit,0,No ticket,Android,0
SW-5172,50 plus,Free,14,0.0,2.2,Podcast-heavy,PayPal,1,Account,Android,0
SW-5173,25-34,Premium,9,12.99,24.9,Balanced,PayPal,1,Content,Partner promo,0
SW-5174,25-34,Free,49,0.0,2.1,Balanced,Gift card,0,No ticket,iOS,0
SW-5175,50 plus,Basic,7,7.99,29.2,Music-heavy,PayPal,0,No ticket,Web,0
SW-5176,50 plus,Premium,14,12.99,3.6,Music-heavy,Credit card,1,Account,Android,0
SW-5177,35-49,Basic,13,7.99,3.0,Music-heavy,PayPal,1,Billing,Android,0
SW-5178,35-49,Premium,24,12.99,7.7,Music-heavy,Credit card,1,Billing,Partner promo,0
SW-5179,25-34,Premium,26,12.99,4.6,Music-heavy,Credit card,1,Billing,iOS,0
SW-5180,25-34,Basic,12,7.99,8.6,Balanced,Credit card,0,No ticket,Android,0
SW-5181,25-34,Premium,15,12.99,4.0,Low-usage,PayPal,0,No ticket,Android,0
SW-5182,35-49,Premium,15,12.99,6.2,Podcast-heavy,PayPal,0,No ticket,Web,0
SW-5183,35-49,Basic,2,7.99,4.4,Podcast-heavy,Credit card,0,No ticket,Android,0
SW-5184,25-34,Basic,4,7.99,15.9,Balanced,Credit card,0,No ticket,Web,0
SW-5185,Under 25,Premium,8,12.99,12.1,Low-usage,PayPal,0,No ticket,iOS,0
SW-5186,35-49,Family,8,18.99,9.8,Low-usage,Credit card,1,Account,Android,0
SW-5187,Under 25,Premium,5,12.99,18.6,Music-heavy,PayPal,0,No ticket,Android,0
SW-5188,35-49,Basic,20,7.99,9.9,Music-heavy,Credit card,1,Playback,iOS,0
SW-5189,35-49,Premium,12,12.99,9.2,Music-heavy,Credit card,2,Account,Android,0
SW-5190,35-49,Premium,10,12.99,7.3,Low-usage,Credit card,0,No ticket,Partner promo,0
SW-5191,35-49,Premium,5,12.99,4.5,Balanced,Credit card,0,No ticket,Web,0
SW-5192,50 plus,Premium,12,12.99,4.5,Music-heavy,PayPal,0,No ticket,Web,0
SW-5193,25-34,Premium,2,12.99,9.0,Balanced,PayPal,2,Billing,Android,1
SW-5194,35-49,Premium,11,12.99,18.1,Podcast-heavy,Credit card,0,No ticket,Partner promo,0
SW-5195,35-49,Premium,13,12.99,12.6,Low-usage,PayPal,2,Billing,iOS,0
SW-5196,Under 25,Premium,14,12.99,12.6,Music-heavy,Debit,0,No ticket,Partner promo,0
SW-5197,Under 25,Basic,4,7.99,3.3,Music-heavy,Credit card,0,No ticket,Android,0
SW-5198,25-34,Premium,14,12.99,12.2,Music-heavy,Debit,0,No ticket,iOS,0
SW-5199,25-34,Family,6,18.99,5.8,Music-heavy,Debit,0,No ticket,Android,0
SW-5200,35-49,Free,7,0.0,9.2,Balanced,Credit card,0,No ticket,Android,0
SW-5201,50 plus,Premium,20,12.99,12.4,Music-heavy,Credit card,2,Playback,Web,0
SW-5202,Under 25,Basic,49,7.99,3.2,Balanced,Gift card,0,No ticket,Web,1
SW-5203,Under 25,Premium,12,12.99,9.1,Music-heavy,Debit,0,No ticket,Web,0
SW-5204,50 plus,Premium,7,12.99,9.7,Music-heavy,Credit card,0,No ticket,Partner promo,0
SW-5205,Under 25,Free,14,0.0,17.8,Balanced,Credit card,0,No ticket,Partner promo,0
SW-5206,25-34,Family,23,18.99,5.3,Low-usage,Credit card,0,No ticket,iOS,0
SW-5207,35-49,Basic,19,7.99,7.6,Podcast-heavy,Credit card,0,No ticket,Partner promo,0
SW-5208,25-34,Premium,60,12.99,9.2,Low-usage,Credit card,0,No ticket,iOS,0
SW-5209,Under 25,Basic,7,7.99,5.3,Balanced,Credit card,0,No ticket,iOS,0
SW-5210,Under 25,Basic,14,7.99,5.2,Podcast-heavy,Credit card,0,No ticket,Android,0
SW-5211,Under 25,Basic,35,7.99,5.1,Balanced,Debit,0,No ticket,iOS,0
SW-5212,35-49,Basic,34,7.99,7.2,Music-heavy,Credit card,2,Billing,iOS,1
SW-5213,25-34,Premium,3,12.99,32.4,Music-heavy,Credit card,0,No ticket,Web,0
SW-5214,25-34,Premium,12,12.99,7.4,Balanced,Credit card,1,Account,Web,0
SW-5215,35-49,Free,34,0.0,11.8,Podcast-heavy,Credit card,1,Playback,Android,0
SW-5216,35-49,Free,60,0.0,8.2,Music-heavy,Credit card,2,Content,Web,0
SW-5217,Under 25,Free,20,0.0,6.3,Music-heavy,Credit card,0,No ticket,Android,0
SW-5218,25-34,Premium,9,12.99,7.8,Balanced,Credit card,0,No ticket,Android,0
SW-5219,35-49,Premium,6,12.99,14.8,Low-usage,Credit card,1,Playback,Partner promo,0
SW-5220,25-34,Free,57,0.0,7.7,Podcast-heavy,PayPal,1,Playback,Android,0
SW-5221,25-34,Premium,20,12.99,7.0,Low-usage,Credit card,0,No ticket,Partner promo,0
SW-5222,35-49,Free,7,0.0,6.6,Podcast-heavy,Credit card,0,No ticket,Web,0
SW-5223,50 plus,Family,10,18.99,3.6,Balanced,Credit card,3,Billing,iOS,0
SW-5224,35-49,Family,15,18.99,18.4,Low-usage,Gift card,3,Playback,Android,0
SW-5225,35-49,Premium,18,12.99,5.6,Balanced,Gift card,1,Account,Web,0
SW-5226,35-49,Family,6,18.99,25.9,Podcast-heavy,Credit card,0,No ticket,Web,0
SW-5227,25-34,Premium,8,12.99,9.7,Balanced,Credit card,1,Playback,iOS,0
SW-5228,35-49,Premium,4,12.99,24.6,Podcast-heavy,Credit card,0,No ticket,iOS,0
SW-5229,25-34,Premium,25,12.99,6.8,Balanced,Credit card,0,No ticket,Web,0
SW-5230,Under 25,Basic,9,7.99,4.4,Music-heavy,Credit card,0,No ticket,iOS,0
SW-5231,35-49,Basic,17,7.99,18.4,Podcast-heavy,Credit card,0,No ticket,iOS,0
SW-5232,25-34,Basic,32,7.99,5.1,Music-heavy,Credit card,0,No ticket,iOS,0
SW-5233,25-34,Premium,14,12.99,22.4,Music-heavy,Credit card,0,No ticket,Android,0
SW-5234,50 plus,Basic,11,7.99,12.7,Podcast-heavy,Debit,0,No ticket,Android,0
SW-5235,Under 25,Basic,14,7.99,25.8,Balanced,PayPal,0,No ticket,iOS,0
SW-5236,25-34,Basic,13,7.99,3.7,Music-heavy,Credit card,0,No ticket,iOS,0
SW-5237,Under 25,Basic,29,7.99,17.2,Music-heavy,Debit,0,No ticket,Android,0
SW-5238,35-49,Premium,15,12.99,4.4,Podcast-heavy,Credit card,1,Playback,iOS,0
SW-5239,35-49,Family,8,18.99,1.2,Balanced,Credit card,1,Content,Android,0
SW-5240,25-34,Premium,25,12.99,16.4,Music-heavy,PayPal,0,No ticket,iOS,0
SW-5241,35-49,Premium,28,12.99,8.0,Music-heavy,Credit card,0,No ticket,iOS,0
SW-5242,25-34,Premium,5,12.99,17.3,Podcast-heavy,Debit,1,Playback,Web,0
SW-5243,35-49,Premium,35,12.99,8.6,Balanced,Credit card,0,No ticket,Android,0
SW-5244,25-34,Basic,15,7.99,8.1,Music-heavy,Credit card,1,Account,iOS,0
SW-5245,25-34,Family,15,18.99,26.5,Music-heavy,Debit,1,Account,Android,0
SW-5246,50 plus,Basic,24,7.99,8.8,Balanced,Credit card,1,Billing,iOS,0
SW-5247,25-34,Free,8,0.0,5.5,Music-heavy,Credit card,0,No ticket,Web,0
SW-5248,Under 25,Premium,23,12.99,7.5,Music-heavy,Debit,0,No ticket,iOS,0
SW-5249,35-49,Basic,9,7.99,9.1,Podcast-heavy,Credit card,2,Billing,Web,1
SW-5250,50 plus,Basic,4,7.99,0.8,Low-usage,Credit card,0,No ticket,iOS,0
SW-5251,25-34,Free,6,0.0,11.8,Music-heavy,PayPal,0,No ticket,iOS,0
SW-5252,Under 25,Free,18,0.0,23.7,Podcast-heavy,Credit card,2,Billing,Web,1
SW-5253,25-34,Basic,6,7.99,7.7,Podcast-heavy,Debit,2,Billing,Web,0
SW-5254,25-34,Free,37,0.0,5.7,Low-usage,PayPal,0,No ticket,Android,0
SW-5255,Under 25,Premium,28,12.99,10.9,Music-heavy,Credit card,0,No ticket,Android,0
SW-5256,35-49,Premium,31,12.99,32.3,Podcast-heavy,Credit card,1,Playback,Web,0
SW-5257,50 plus,Basic,13,7.99,11.6,Balanced,Debit,1,Playback,iOS,0
SW-5258,25-34,Family,14,18.99,9.5,Low-usage,Credit card,2,Account,iOS,0
SW-5259,25-34,Basic,5,7.99,5.9,Balanced,Debit,0,No ticket,iOS,0
SW-5260,25-34,Basic,24,7.99,3.4,Music-heavy,Credit card,1,Account,Web,0
SW-5261,Under 25,Basic,16,7.99,8.2,Podcast-heavy,Credit card,0,No ticket,Web,0
SW-5262,50 plus,Premium,18,12.99,8.3,Music-heavy,Credit card,1,Playback,Android,0
SW-5263,25-34,Basic,39,7.99,1.7,Balanced,Debit,1,Playback,Android,0
SW-5264,25-34,Premium,8,12.99,4.5,Balanced,Credit card,2,Playback,iOS,0
SW-5265,35-49,Premium,11,12.99,20.2,Balanced,PayPal,0,No ticket,Android,0
SW-5266,25-34,Premium,15,12.99,6.5,Podcast-heavy,Debit,1,Playback,iOS,0
SW-5267,35-49,Premium,6,12.99,1.1,Balanced,Credit card,0,No ticket,Web,0
SW-5268,Under 25,Family,11,18.99,28.8,Low-usage,Credit card,0,No ticket,Android,0
SW-5269,35-49,Basic,17,7.99,3.9,Low-usage,Credit card,1,Billing,Web,0
SW-5270,50 plus,Basic,10,7.99,5.5,Balanced,Debit,2,Billing,Android,1
SW-5271,35-49,Premium,30,12.99,18.7,Balanced,PayPal,0,No ticket,iOS,0
SW-5272,50 plus,Premium,4,12.99,4.4,Podcast-heavy,Credit card,1,Account,Android,0
SW-5273,Under 25,Basic,26,7.99,1.7,Music-heavy,Credit card,0,No ticket,iOS,0
SW-5274,25-34,Basic,19,7.99,9.5,Music-heavy,Credit card,0,No ticket,Android,0
SW-5275,35-49,Basic,8,7.99,15.1,Podcast-heavy,Credit card,1,Content,Web,0
SW-5276,35-49,Basic,6,7.99,5.5,Music-heavy,Credit card,2,Billing,Web,1
SW-5277,25-34,Basic,3,7.99,7.3,Podcast-heavy,Credit card,2,Billing,Partner promo,1
SW-5278,25-34,Family,7,18.99,3.1,Balanced,Credit card,0,No ticket,Android,0
SW-5279,Under 25,Premium,25,12.99,3.6,Podcast-heavy,Credit card,0,No ticket,Android,0
SW-5280,25-34,Premium,12,12.99,6.2,Music-heavy,Credit card,0,No ticket,iOS,0
SW-5281,Under 25,Premium,27,12.99,13.4,Music-heavy,Credit card,0,No ticket,iOS,0
SW-5282,35-49,Premium,8,12.99,8.7,Low-usage,Credit card,0,No ticket,Partner promo,0
SW-5283,Under 25,Free,20,0.0,18.1,Music-heavy,Credit card,0,No ticket,Web,0
SW-5284,Under 25,Basic,7,7.99,30.0,Low-usage,Credit card,1,Billing,Android,0
SW-5285,25-34,Premium,6,12.99,16.3,Music-heavy,Credit card,1,Playback,Android,0
SW-5286,35-49,Premium,11,12.99,2.2,Music-heavy,Credit card,0,No ticket,Partner promo,0
SW-5287,50 plus,Free,8,0.0,6.4,Music-heavy,Credit card,0,No ticket,iOS,0
SW-5288,35-49,Family,4,18.99,16.1,Balanced,Credit card,0,No ticket,iOS,0
SW-5289,25-34,Basic,11,7.99,7.3,Balanced,Credit card,1,Billing,Android,0
SW-5290,35-49,Basic,13,7.99,2.2,Music-heavy,Credit card,0,No ticket,Android,0
SW-5291,25-34,Basic,29,7.99,5.1,Low-usage,Credit card,1,Content,Android,0
SW-5292,Under 25,Basic,23,7.99,1.3,Balanced,Credit card,0,No ticket,Android,0
SW-5293,35-49,Premium,28,12.99,6.4,Music-heavy,Credit card,2,Billing,Partner promo,0
SW-5294,50 plus,Family,20,18.99,4.6,Podcast-heavy,Debit,1,Content,Web,0
SW-5295,25-34,Basic,15,7.99,6.0,Podcast-heavy,Credit card,0,No ticket,Android,0
SW-5296,25-34,Family,5,18.99,20.6,Music-heavy,Credit card,0,No ticket,Web,0
SW-5297,Under 25,Premium,13,12.99,2.8,Balanced,Credit card,1,Playback,Android,0
SW-5298,Under 25,Premium,18,12.99,4.5,Music-heavy,Credit card,2,Billing,Android,1
SW-5299,25-34,Premium,33,12.99,3.2,Podcast-heavy,Credit card,1,Account,Web,0
SW-5300,35-49,Basic,19,7.99,18.8,Podcast-heavy,Credit card,0,No ticket,Android,0
SW-5301,Under 25,Premium,29,12.99,19.8,Podcast-heavy,Credit card,0,No ticket,Web,0
SW-5302,50 plus,Free,6,0.0,10.7,Balanced,PayPal,0,No ticket,Web,0
SW-5303,35-49,Premium,10,12.99,10.2,Music-heavy,Credit card,0,No ticket,Web,0
SW-5304,35-49,Free,16,0.0,3.1,Music-heavy,PayPal,1,Playback,iOS,0
SW-5305,35-49,Premium,27,12.99,9.4,Balanced,PayPal,1,Billing,Web,0
SW-5306,Under 25,Premium,11,12.99,3.3,Music-heavy,PayPal,0,No ticket,Web,0
SW-5307,25-34,Basic,11,7.99,8.3,Music-heavy,PayPal,0,No ticket,Web,0
SW-5308,35-49,Basic,19,7.99,6.1,Podcast-heavy,Credit card,0,No ticket,Web,0
SW-5309,35-49,Premium,5,12.99,5.0,Music-heavy,Credit card,1,Account,Web,0
SW-5310,35-49,Premium,37,12.99,8.2,Music-heavy,Credit card,2,Billing,Android,1
SW-5311,25-34,Basic,6,7.99,13.8,Music-heavy,Credit card,1,Playback,Android,0
SW-5312,50 plus,Premium,3,12.99,33.1,Music-heavy,Credit card,1,Playback,Partner promo,0
SW-5313,Under 25,Basic,12,7.99,12.4,Podcast-heavy,PayPal,1,Playback,Web,0
SW-5314,50 plus,Free,39,0.0,40.0,Music-heavy,Credit card,0,No ticket,Android,0
SW-5315,50 plus,Free,18,0.0,9.4,Low-usage,Credit card,0,No ticket,iOS,0
SW-5316,Under 25,Free,20,0.0,33.3,Music-heavy,Debit,0,No ticket,iOS,0
SW-5317,35-49,Premium,12,12.99,11.3,Balanced,Credit card,0,No ticket,iOS,0
SW-5318,Under 25,Family,11,18.99,9.7,Balanced,Credit card,0,No ticket,Web,0
SW-5319,25-34,Basic,4,7.99,7.0,Music-heavy,Credit card,1,Playback,iOS,0
SW-5320,25-34,Premium,2,12.99,10.2,Balanced,PayPal,0,No ticket,Android,0
SW-5321,35-49,Free,14,0.0,11.3,Balanced,Credit card,0,No ticket,Android,0
SW-5322,50 plus,Premium,30,12.99,2.6,Music-heavy,Debit,0,No ticket,Partner promo,0
SW-5323,35-49,Free,15,0.0,14.0,Low-usage,Credit card,1,Billing,Android,0
SW-5324,25-34,Premium,19,12.99,2.4,Music-heavy,PayPal,0,No ticket,Android,0
SW-5325,35-49,Family,36,18.99,14.0,Music-heavy,Credit card,0,No ticket,iOS,0
SW-5326,50 plus,Premium,15,12.99,12.9,Low-usage,Debit,0,No ticket,Partner promo,1
SW-5327,Under 25,Premium,11,12.99,24.9,Music-heavy,Gift card,0,No ticket,Android,0
SW-5328,50 plus,Free,7,0.0,4.0,Balanced,Credit card,0,No ticket,Web,0
SW-5329,Under 25,Basic,49,7.99,3.6,Balanced,Credit card,0,No ticket,Android,0
SW-5330,35-49,Free,17,0.0,19.4,Low-usage,Credit card,1,Account,iOS,0
SW-5331,25-34,Basic,6,7.99,3.4,Podcast-heavy,Credit card,0,No ticket,Android,0
SW-5332,Under 25,Basic,5,7.99,3.1,Low-usage,PayPal,0,No ticket,Partner promo,0
SW-5333,25-34,Basic,29,7.99,9.5,Podcast-heavy,Credit card,0,No ticket,Android,0
SW-5334,35-49,Basic,6,7.99,7.7,Music-heavy,PayPal,0,No ticket,Partner promo,0
SW-5335,25-34,Basic,44,7.99,9.1,Podcast-heavy,Debit,0,No ticket,Android,0
SW-5336,Under 25,Premium,2,12.99,12.3,Balanced,Credit card,0,No ticket,Web,0
SW-5337,35-49,Family,32,18.99,12.4,Podcast-heavy,Credit card,1,Playback,Web,0
SW-5338,50 plus,Basic,17,7.99,7.5,Podcast-heavy,Credit card,0,No ticket,iOS,0
SW-5339,25-34,Basic,13,7.99,8.3,Podcast-heavy,Credit card,1,Playback,Android,0
SW-5340,Under 25,Basic,11,7.99,7.6,Podcast-heavy,Credit card,1,Playback,Web,0
SW-5341,25-34,Family,45,18.99,8.2,Low-usage,Credit card,0,No ticket,Android,0
SW-5342,Under 25,Premium,20,12.99,2.6,Podcast-heavy,PayPal,1,Billing,iOS,0
SW-5343,35-49,Basic,6,7.99,14.7,Music-heavy,Credit card,2,Billing,Android,1
SW-5344,35-49,Free,4,0.0,18.5,Balanced,Credit card,0,No ticket,Web,0
SW-5345,35-49,Basic,14,7.99,13.3,Music-heavy,Credit card,1,Playback,Web,0
SW-5346,25-34,Basic,12,7.99,12.5,Balanced,Debit,1,Billing,Web,0
SW-5347,35-49,Family,4,18.99,3.6,Music-heavy,Debit,2,Billing,iOS,1
SW-5348,25-34,Family,12,18.99,2.6,Music-heavy,Credit card,0,No ticket,Web,0
SW-5349,35-49,Premium,8,12.99,15.6,Low-usage,PayPal,0,No ticket,Partner promo,1
SW-5350,35-49,Premium,12,12.99,8.2,Music-heavy,PayPal,1,Account,iOS,0
SW-5351,35-49,Basic,20,7.99,9.2,Balanced,Debit,2,Billing,Android,0
SW-5352,35-49,Basic,34,7.99,9.5,Podcast-heavy,PayPal,0,No ticket,Partner promo,0
SW-5353,25-34,Family,23,18.99,9.8,Balanced,Debit,0,No ticket,Android,1
SW-5354,50 plus,Premium,7,12.99,13.4,Podcast-heavy,PayPal,0,No ticket,Web,0
SW-5355,25-34,Basic,16,7.99,7.4,Music-heavy,Credit card,1,Content,Android,0
SW-5356,35-49,Basic,13,7.99,1.7,Balanced,Credit card,0,No ticket,Web,0
SW-5357,25-34,Premium,5,12.99,13.9,Balanced,Gift card,1,Account,Web,0
SW-5358,35-49,Premium,16,12.99,12.7,Balanced,Credit card,1,Billing,iOS,0
SW-5359,35-49,Premium,44,12.99,2.8,Low-usage,Credit card,0,No ticket,Partner promo,1
SW-5360,Under 25,Basic,12,7.99,3.1,Music-heavy,Credit card,0,No ticket,Android,0
SW-5361,Under 25,Basic,4,7.99,16.2,Balanced,Credit card,0,No ticket,iOS,0
SW-5362,35-49,Family,12,18.99,19.6,Podcast-heavy,Credit card,1,Playback,iOS,0
SW-5363,35-49,Premium,5,12.99,0.9,Podcast-heavy,Debit,1,Billing,Web,0
SW-5364,25-34,Basic,22,7.99,11.4,Low-usage,Gift card,1,Billing,iOS,0
SW-5365,25-34,Premium,17,12.99,6.7,Music-heavy,Credit card,1,Content,Web,0
SW-5366,35-49,Premium,11,12.99,8.5,Balanced,PayPal,0,No ticket,Web,0
SW-5367,Under 25,Basic,10,7.99,8.9,Music-heavy,Credit card,1,Billing,iOS,0
SW-5368,25-34,Premium,10,12.99,4.3,Low-usage,Credit card,1,Billing,Partner promo,1
SW-5369,Under 25,Premium,12,12.99,13.5,Podcast-heavy,Debit,1,Playback,Android,0
SW-5370,Under 25,Premium,7,12.99,4.6,Podcast-heavy,PayPal,0,No ticket,Web,0
SW-5371,Under 25,Premium,5,12.99,14.5,Podcast-heavy,Credit card,2,Billing,Partner promo,1
SW-5372,25-34,Family,27,18.99,17.4,Podcast-heavy,Credit card,1,Billing,Web,0
SW-5373,Under 25,Basic,9,7.99,4.0,Balanced,Credit card,1,Billing,Android,0
SW-5374,25-34,Free,13,0.0,4.1,Music-heavy,PayPal,0,No ticket,Web,0
SW-5375,25-34,Family,15,18.99,8.8,Music-heavy,Credit card,2,Billing,Android,1
SW-5376,25-34,Basic,15,7.99,26.6,Balanced,Credit card,1,Account,iOS,0
SW-5377,25-34,Premium,5,12.99,5.0,Low-usage,PayPal,0,No ticket,iOS,0
SW-5378,35-49,Premium,4,12.99,5.8,Podcast-heavy,Debit,2,Billing,Web,1
SW-5379,Under 25,Premium,8,12.99,10.3,Low-usage,PayPal,1,Billing,iOS,0
SW-5380,25-34,Basic,16,7.99,13.5,Music-heavy,PayPal,0,No ticket,Android,0
SW-5381,Under 25,Premium,7,12.99,12.2,Music-heavy,Credit card,3,Billing,Android,1
SW-5382,Under 25,Premium,9,12.99,8.2,Balanced,Debit,1,Billing,Web,0
SW-5383,35-49,Premium,53,12.99,6.3,Low-usage,Credit card,0,No ticket,iOS,0
SW-5384,35-49,Premium,3,12.99,10.4,Music-heavy,Gift card,0,No ticket,Web,0
SW-5385,50 plus,Free,7,0.0,0.6,Music-heavy,Credit card,2,Billing,Web,0
SW-5386,25-34,Free,45,0.0,35.7,Music-heavy,PayPal,0,No ticket,Web,0
SW-5387,50 plus,Basic,12,7.99,6.9,Music-heavy,Credit card,0,No ticket,Web,0
SW-5388,Under 25,Basic,7,7.99,9.3,Balanced,Credit card,0,No ticket,Android,0
SW-5389,Under 25,Family,27,18.99,40.0,Podcast-heavy,Credit card,1,Content,iOS,0
SW-5390,Under 25,Premium,12,12.99,4.4,Podcast-heavy,Debit,0,No ticket,Android,0
SW-5391,Under 25,Premium,9,12.99,40.0,Podcast-heavy,Credit card,0,No ticket,Android,0
SW-5392,25-34,Premium,14,12.99,14.5,Low-usage,Credit card,0,No ticket,Android,0
SW-5393,35-49,Premium,8,12.99,11.4,Low-usage,Credit card,1,Account,Partner promo,0
SW-5394,Under 25,Family,6,18.99,13.4,Balanced,Credit card,1,Content,Partner promo,0
SW-5395,50 plus,Basic,11,7.99,4.1,Low-usage,Credit card,0,No ticket,iOS,0
SW-5396,50 plus,Free,6,0.0,2.1,Music-heavy,Credit card,0,No ticket,iOS,0
SW-5397,25-34,Premium,12,12.99,3.1,Balanced,Credit card,1,Account,Android,0
SW-5398,Under 25,Family,15,18.99,19.1,Balanced,Credit card,0,No ticket,Web,0
SW-5399,Under 25,Family,22,18.99,3.8,Music-heavy,PayPal,0,No ticket,Android,0
SW-5400,Under 25,Free,26,0.0,2.1,Music-heavy,Debit,1,Content,Web,0
SW-5401,Under 25,Family,9,18.99,7.5,Balanced,Gift card,0,No ticket,Android,0
SW-5402,25-34,Basic,17,7.99,12.7,Podcast-heavy,Credit card,0,No ticket,Android,0
SW-5403,25-34,Free,17,0.0,8.3,Podcast-heavy,PayPal,2,Billing,iOS,0
SW-5404,25-34,Premium,15,12.99,13.0,Music-heavy,Credit card,1,Content,Android,0
SW-5405,50 plus,Family,9,18.99,20.2,Balanced,Credit card,0,No ticket,Android,0
SW-5406,35-49,Premium,6,12.99,12.6,Music-heavy,Credit card,1,Content,iOS,0
SW-5407,50 plus,Premium,17,12.99,7.1,Podcast-heavy,Credit card,0,No ticket,Partner promo,0
SW-5408,Under 25,Premium,4,12.99,5.2,Music-heavy,Credit card,1,Billing,iOS,0
SW-5409,25-34,Premium,10,12.99,14.8,Balanced,Debit,0,No ticket,Partner promo,0
SW-5410,25-34,Family,2,18.99,10.0,Music-heavy,Credit card,1,Account,Android,0
SW-5411,Under 25,Premium,5,12.99,4.0,Music-heavy,Debit,0,No ticket,iOS,0
SW-5412,Under 25,Family,6,18.99,22.7,Music-heavy,Debit,0,No ticket,Web,0
SW-5413,35-49,Family,26,18.99,9.9,Music-heavy,Credit card,0,No ticket,Web,0
SW-5414,35-49,Free,19,0.0,13.5,Music-heavy,Credit card,0,No ticket,Android,0
SW-5415,25-34,Premium,8,12.99,5.8,Balanced,Credit card,0,No ticket,iOS,0
SW-5416,25-34,Premium,20,12.99,19.8,Balanced,Credit card,0,No ticket,iOS,0
SW-5417,25-34,Basic,22,7.99,2.3,Balanced,Credit card,1,Account,iOS,0
SW-5418,Under 25,Premium,11,12.99,30.6,Podcast-heavy,Credit card,1,Playback,Web,0
SW-5419,25-34,Free,5,0.0,1.7,Music-heavy,Credit card,2,Billing,iOS,0
SW-5420,Under 25,Premium,10,12.99,2.7,Low-usage,Credit card,0,No ticket,iOS,0
SW-5421,Under 25,Family,11,18.99,9.8,Music-heavy,Credit card,0,No ticket,Partner promo,0
SW-5422,50 plus,Basic,5,7.99,5.2,Balanced,Gift card,0,No ticket,iOS,1
SW-5423,35-49,Basic,16,7.99,6.2,Low-usage,Gift card,1,Playback,Android,0
SW-5424,35-49,Family,15,18.99,5.2,Balanced,Credit card,0,No ticket,Android,0
SW-5425,25-34,Basic,16,7.99,4.3,Music-heavy,Credit card,0,No ticket,Web,0
SW-5426,25-34,Basic,15,7.99,10.3,Music-heavy,Credit card,0,No ticket,Android,0
SW-5427,25-34,Basic,20,7.99,7.7,Music-heavy,Credit card,1,Playback,Web,0
SW-5428,Under 25,Premium,11,12.99,16.2,Balanced,Credit card,0,No ticket,iOS,0
SW-5429,Under 25,Premium,14,12.99,8.5,Balanced,Credit card,0,No ticket,Web,0
SW-5430,35-49,Premium,9,12.99,5.7,Balanced,Credit card,0,No ticket,iOS,0
SW-5431,35-49,Basic,8,7.99,14.9,Music-heavy,PayPal,0,No ticket,iOS,0
SW-5432,25-34,Premium,31,12.99,1.8,Balanced,PayPal,3,Billing,Android,1
SW-5433,25-34,Premium,3,12.99,1.0,Low-usage,Gift card,1,Playback,Partner promo,0
SW-5434,50 plus,Basic,22,7.99,2.2,Music-heavy,Credit card,0,No ticket,Android,0
SW-5435,Under 25,Premium,8,12.99,6.1,Music-heavy,PayPal,0,No ticket,iOS,0
SW-5436,25-34,Premium,7,12.99,10.9,Balanced,Credit card,1,Billing,Android,0
SW-5437,25-34,Premium,14,12.99,0.9,Podcast-heavy,Debit,0,No ticket,Partner promo,0
SW-5438,35-49,Free,4,0.0,7.9,Music-heavy,PayPal,3,Playback,Web,0
SW-5439,50 plus,Basic,7,7.99,6.0,Music-heavy,PayPal,0,No ticket,Web,0
SW-5440,25-34,Basic,7,7.99,8.9,Balanced,Debit,1,Playback,Web,0
SW-5441,50 plus,Basic,10,7.99,1.7,Music-heavy,Credit card,0,No ticket,iOS,0
SW-5442,35-49,Premium,7,12.99,40.0,Music-heavy,Credit card,0,No ticket,Android,0
SW-5443,25-34,Free,37,0.0,8.2,Balanced,Debit,1,Playback,Android,0
SW-5444,25-34,Premium,42,12.99,3.0,Balanced,PayPal,1,Billing,iOS,0
SW-5445,25-34,Basic,3,7.99,8.9,Balanced,Debit,0,No ticket,Android,0
SW-5446,50 plus,Basic,18,7.99,26.5,Podcast-heavy,Credit card,0,No ticket,Android,0
SW-5447,Under 25,Premium,22,12.99,2.9,Podcast-heavy,Credit card,0,No ticket,Android,0
SW-5448,35-49,Basic,18,7.99,2.4,Balanced,Credit card,0,No ticket,Web,0
SW-5449,25-34,Family,8,18.99,7.3,Low-usage,PayPal,2,Billing,iOS,1
SW-5450,35-49,Premium,10,12.99,7.8,Low-usage,Credit card,0,No ticket,Partner promo,1
SW-5451,25-34,Basic,7,7.99,14.1,Music-heavy,Debit,0,No ticket,Android,0
SW-5452,35-49,Premium,9,12.99,26.0,Music-heavy,PayPal,1,Playback,Android,0
SW-5453,35-49,Premium,5,12.99,14.9,Balanced,Credit card,2,Playback,Web,0
SW-5454,35-49,Basic,11,7.99,2.6,Podcast-heavy,PayPal,1,Playback,Web,0
SW-5455,50 plus,Basic,4,7.99,3.4,Music-heavy,PayPal,0,No ticket,Android,0
SW-5456,Under 25,Premium,10,12.99,4.2,Music-heavy,Credit card,2,Playback,iOS,0
SW-5457,35-49,Family,5,18.99,14.9,Music-heavy,Credit card,2,Billing,Web,1
SW-5458,Under 25,Family,14,18.99,13.0,Music-heavy,Debit,0,No ticket,Web,0
SW-5459,25-34,Basic,7,7.99,21.9,Low-usage,Credit card,1,Playback,Web,0
SW-5460,25-34,Family,15,18.99,12.5,Balanced,Credit card,0,No ticket,iOS,0
SW-5461,25-34,Free,26,0.0,4.8,Music-heavy,Debit,1,Playback,iOS,0
SW-5462,25-34,Free,37,0.0,6.8,Music-heavy,Credit card,0,No ticket,Android,0
SW-5463,50 plus,Premium,2,12.99,2.5,Music-heavy,Credit card,0,No ticket,Partner promo,0
SW-5464,Under 25,Basic,7,7.99,13.2,Balanced,Credit card,0,No ticket,Web,0
SW-5465,35-49,Free,10,0.0,4.8,Podcast-heavy,Credit card,0,No ticket,Web,0
SW-5466,25-34,Basic,17,7.99,21.3,Low-usage,Credit card,0,No ticket,iOS,0
SW-5467,Under 25,Basic,4,7.99,12.9,Balanced,Debit,0,No ticket,iOS,0
SW-5468,Under 25,Premium,6,12.99,37.7,Podcast-heavy,Credit card,1,Content,Android,0
SW-5469,50 plus,Premium,13,12.99,11.2,Balanced,PayPal,0,No ticket,iOS,0
SW-5470,50 plus,Basic,13,7.99,11.0,Balanced,Credit card,2,Billing,Web,0
SW-5471,50 plus,Premium,16,12.99,6.9,Music-heavy,PayPal,0,No ticket,Android,0
SW-5472,50 plus,Family,16,18.99,5.9,Podcast-heavy,Credit card,1,Billing,Android,0
SW-5473,Under 25,Premium,15,12.99,6.5,Podcast-heavy,Credit card,1,Playback,Web,0
SW-5474,25-34,Basic,14,7.99,17.8,Podcast-heavy,PayPal,0,No ticket,Web,0
SW-5475,35-49,Family,12,18.99,2.7,Music-heavy,Debit,1,Billing,iOS,0
SW-5476,25-34,Premium,19,12.99,8.4,Music-heavy,Credit card,0,No ticket,Web,0
SW-5477,25-34,Free,3,0.0,2.1,Music-heavy,Credit card,2,Billing,iOS,0
SW-5478,25-34,Free,35,0.0,10.8,Music-heavy,Credit card,0,No ticket,Android,0
SW-5479,35-49,Basic,3,7.99,5.5,Low-usage,Credit card,1,Playback,Web,0
SW-5480,35-49,Premium,6,12.99,12.0,Balanced,Credit card,2,Playback,Android,0
SW-5481,Under 25,Basic,10,7.99,4.4,Balanced,Credit card,0,No ticket,Android,0
SW-5482,25-34,Premium,19,12.99,6.5,Podcast-heavy,PayPal,0,No ticket,Web,0
SW-5483,25-34,Free,1,0.0,13.3,Balanced,PayPal,1,Playback,iOS,0
SW-5484,35-49,Family,12,18.99,8.8,Low-usage,Credit card,1,Playback,Android,0
SW-5485,Under 25,Basic,21,7.99,27.5,Podcast-heavy,PayPal,0,No ticket,Web,0
SW-5486,35-49,Premium,24,12.99,5.4,Low-usage,Credit card,0,No ticket,Partner promo,1
SW-5487,Under 25,Family,7,18.99,5.1,Music-heavy,Credit card,0,No ticket,iOS,0
SW-5488,25-34,Free,10,0.0,21.5,Balanced,PayPal,1,Playback,Android,0
SW-5489,35-49,Basic,8,7.99,6.0,Balanced,Credit card,0,No ticket,iOS,0
SW-5490,35-49,Free,9,0.0,5.7,Low-usage,Credit card,0,No ticket,Web,0
SW-5491,25-34,Family,6,18.99,10.9,Music-heavy,Credit card,0,No ticket,Partner promo,0
SW-5492,35-49,Premium,6,12.99,7.0,Music-heavy,Credit card,2,Billing,Android,1
SW-5493,35-49,Free,16,0.0,6.2,Music-heavy,Credit card,0,No ticket,Android,0
SW-5494,35-49,Free,13,0.0,4.6,Podcast-heavy,PayPal,1,Account,Android,0
SW-5495,35-49,Basic,17,7.99,23.8,Podcast-heavy,Credit card,1,Billing,iOS,0
SW-5496,35-49,Family,14,18.99,7.1,Music-heavy,Credit card,1,Playback,Partner promo,0
SW-5497,25-34,Premium,20,12.99,5.1,Balanced,Credit card,0,No ticket,Web,0
SW-5498,Under 25,Family,22,18.99,6.3,Music-heavy,PayPal,0,No ticket,Android,0
SW-5499,25-34,Basic,4,7.99,10.6,Balanced,Credit card,2,Billing,iOS,1
SW-5500,25-34,Free,7,0.0,25.8,Music-heavy,Credit card,2,Billing,Partner promo,0
SW-5501,35-49,Family,10,18.99,7.0,Music-heavy,PayPal,1,Playback,Android,0
SW-5502,25-34,Free,12,0.0,4.0,Balanced,Credit card,0,No ticket,iOS,0
SW-5503,25-34,Family,8,18.99,37.1,Balanced,Credit card,2,Billing,Partner promo,1
SW-5504,Under 25,Premium,23,12.99,8.9,Low-usage,Debit,3,Billing,Partner promo,0
SW-5505,25-34,Free,48,0.0,7.3,Balanced,Credit card,1,Account,Web,0
SW-5506,25-34,Premium,14,12.99,8.5,Podcast-heavy,Credit card,0,No ticket,Web,0
SW-5507,35-49,Family,13,18.99,3.0,Balanced,Credit card,0,No ticket,Android,0
SW-5508,Under 25,Family,22,18.99,7.7,Balanced,Credit card,0,No ticket,Partner promo,0
SW-5509,35-49,Basic,3,7.99,14.7,Podcast-heavy,Gift card,0,No ticket,iOS,0
SW-5510,50 plus,Basic,12,7.99,21.2,Low-usage,Credit card,0,No ticket,Web,0
SW-5511,Under 25,Premium,24,12.99,6.0,Balanced,Credit card,0,No ticket,Android,0
SW-5512,25-34,Premium,8,12.99,9.3,Low-usage,PayPal,0,No ticket,Web,0
SW-5513,Under 25,Premium,5,12.99,21.5,Balanced,Credit card,0,No ticket,iOS,0
SW-5514,35-49,Basic,11,7.99,8.2,Balanced,Credit card,1,Playback,iOS,0
SW-5515,25-34,Family,12,18.99,14.2,Podcast-heavy,Credit card,0,No ticket,iOS,0
SW-5516,25-34,Premium,6,12.99,11.2,Low-usage,Debit,0,No ticket,Partner promo,0
SW-5517,25-34,Premium,52,12.99,4.7,Low-usage,Debit,1,Content,iOS,0
SW-5518,50 plus,Premium,9,12.99,3.8,Balanced,Credit card,0,No ticket,Web,1
SW-5519,Under 25,Basic,5,7.99,18.7,Music-heavy,PayPal,2,Playback,Android,0
SW-5520,Under 25,Family,11,18.99,0.9,Music-heavy,Credit card,2,Billing,iOS,1
SW-5521,50 plus,Premium,23,12.99,4.7,Balanced,Credit card,1,Account,Android,0
SW-5522,35-49,Family,12,18.99,2.6,Podcast-heavy,Credit card,1,Billing,iOS,0
SW-5523,50 plus,Family,17,18.99,18.7,Music-heavy,PayPal,1,Account,Android,0
SW-5524,35-49,Premium,7,12.99,23.8,Music-heavy,Debit,0,No ticket,Partner promo,0
SW-5525,35-49,Premium,34,12.99,4.5,Balanced,PayPal,1,Content,iOS,0
SW-5526,25-34,Free,18,0.0,40.0,Music-heavy,Debit,1,Account,Partner promo,0
SW-5527,35-49,Free,25,0.0,24.1,Podcast-heavy,Credit card,1,Billing,Web,0
SW-5528,50 plus,Basic,15,7.99,9.4,Balanced,Credit card,1,Billing,Android,0
SW-5529,35-49,Basic,21,7.99,26.6,Balanced,Credit card,1,Billing,Web,0
SW-5530,Under 25,Basic,7,7.99,4.8,Music-heavy,Credit card,0,No ticket,Web,0
SW-5531,25-34,Basic,9,7.99,6.4,Music-heavy,Credit card,0,No ticket,Android,0
SW-5532,Under 25,Basic,31,7.99,11.6,Podcast-heavy,PayPal,1,Playback,Web,0
SW-5533,25-34,Basic,36,7.99,4.6,Balanced,Debit,0,No ticket,Web,0
SW-5534,25-34,Free,5,0.0,2.9,Music-heavy,Credit card,0,No ticket,Web,1
SW-5535,25-34,Premium,14,12.99,3.8,Low-usage,PayPal,0,No ticket,Partner promo,0
SW-5536,35-49,Premium,9,12.99,6.8,Balanced,Debit,1,Billing,Web,0
SW-5537,25-34,Premium,7,12.99,11.6,Low-usage,Credit card,0,No ticket,iOS,0
SW-5538,35-49,Basic,15,7.99,6.1,Podcast-heavy,Credit card,0,No ticket,Android,0
SW-5539,Under 25,Premium,27,12.99,2.2,Music-heavy,Credit card,1,Account,iOS,0
SW-5540,Under 25,Premium,16,12.99,11.7,Music-heavy,Credit card,0,No ticket,Web,0
SW-5541,Under 25,Basic,10,7.99,22.2,Music-heavy,Credit card,0,No ticket,Android,0
SW-5542,25-34,Premium,17,12.99,4.7,Music-heavy,PayPal,0,No ticket,Android,0
SW-5543,Under 25,Family,9,18.99,30.3,Podcast-heavy,Credit card,0,No ticket,iOS,1
SW-5544,25-34,Premium,16,12.99,16.0,Podcast-heavy,PayPal,1,Content,Android,0
SW-5545,25-34,Basic,32,7.99,3.4,Music-heavy,Credit card,0,No ticket,Web,0
SW-5546,35-49,Premium,3,12.99,4.8,Low-usage,Credit card,1,Account,Android,0
SW-5547,Under 25,Basic,21,7.99,6.2,Balanced,PayPal,0,No ticket,Web,0
SW-5548,35-49,Premium,4,12.99,6.9,Podcast-heavy,Credit card,0,No ticket,iOS,0
SW-5549,35-49,Family,28,18.99,1.1,Low-usage,PayPal,0,No ticket,Web,0
SW-5550,35-49,Premium,8,12.99,4.4,Balanced,Credit card,0,No ticket,Android,0
SW-5551,50 plus,Family,5,18.99,5.1,Low-usage,PayPal,1,Playback,iOS,0
SW-5552,Under 25,Basic,20,7.99,36.3,Music-heavy,Credit card,0,No ticket,Partner promo,0
SW-5553,Under 25,Family,15,18.99,9.6,Music-heavy,Credit card,0,No ticket,Partner promo,0
SW-5554,50 plus,Premium,6,12.99,4.2,Podcast-heavy,Debit,0,No ticket,Partner promo,0
SW-5555,25-34,Free,5,0.0,5.6,Podcast-heavy,PayPal,0,No ticket,Web,0
SW-5556,35-49,Premium,11,12.99,11.2,Low-usage,Credit card,1,Playback,Partner promo,1
SW-5557,35-49,Premium,5,12.99,5.9,Low-usage,Gift card,1,Billing,Partner promo,1
SW-5558,35-49,Free,6,0.0,5.0,Music-heavy,Debit,1,Account,iOS,0
SW-5559,50 plus,Premium,13,12.99,5.1,Balanced,Credit card,0,No ticket,iOS,0
SW-5560,50 plus,Basic,6,7.99,11.7,Podcast-heavy,Credit card,0,No ticket,Web,1
SW-5561,35-49,Premium,16,12.99,2.6,Balanced,Credit card,1,Playback,Android,0
SW-5562,25-34,Basic,34,7.99,3.4,Podcast-heavy,Credit card,1,Playback,Partner promo,0
SW-5563,50 plus,Basic,11,7.99,3.8,Low-usage,Credit card,1,Account,iOS,0
SW-5564,Under 25,Family,13,18.99,3.3,Music-heavy,PayPal,0,No ticket,iOS,0
SW-5565,25-34,Premium,49,12.99,4.1,Low-usage,Debit,0,No ticket,Partner promo,1
SW-5566,50 plus,Premium,5,12.99,16.4,Music-heavy,Credit card,0,No ticket,iOS,0
SW-5567,25-34,Premium,28,12.99,18.3,Balanced,Credit card,2,Account,Partner promo,0
SW-5568,25-34,Premium,25,12.99,9.9,Podcast-heavy,Gift card,0,No ticket,Android,0
SW-5569,Under 25,Family,22,18.99,9.5,Balanced,Credit card,1,Billing,iOS,0
SW-5570,50 plus,Premium,30,12.99,4.7,Balanced,Credit card,0,No ticket,Android,0
SW-5571,25-34,Basic,15,7.99,1.5,Balanced,Debit,0,No ticket,Android,0
SW-5572,35-49,Family,8,18.99,9.0,Music-heavy,PayPal,0,No ticket,Android,0
SW-5573,25-34,Basic,26,7.99,10.2,Balanced,Gift card,2,Account,Web,0
SW-5574,35-49,Premium,27,12.99,4.7,Music-heavy,Gift card,0,No ticket,Android,0
SW-5575,35-49,Family,26,18.99,3.4,Music-heavy,PayPal,0,No ticket,Web,0
SW-5576,25-34,Premium,12,12.99,2.9,Music-heavy,Credit card,1,Playback,Android,0
SW-5577,25-34,Premium,7,12.99,9.1,Podcast-heavy,Credit card,2,Billing,iOS,0
SW-5578,Under 25,Premium,14,12.99,8.5,Balanced,Debit,2,Billing,Web,0
SW-5579,50 plus,Premium,23,12.99,20.8,Music-heavy,Credit card,0,No ticket,Android,0
SW-5580,35-49,Family,25,18.99,4.2,Music-heavy,Credit card,0,No ticket,iOS,0
SW-5581,50 plus,Basic,9,7.99,6.4,Balanced,Credit card,1,Account,iOS,0
SW-5582,25-34,Basic,15,7.99,8.1,Low-usage,Credit card,2,Billing,Web,1
SW-5583,35-49,Premium,5,12.99,5.2,Balanced,Credit card,2,Billing,iOS,1
SW-5584,35-49,Premium,24,12.99,15.7,Balanced,Credit card,2,Content,Web,0
SW-5585,35-49,Basic,7,7.99,21.5,Podcast-heavy,Credit card,1,Account,Web,0
SW-5586,50 plus,Free,21,0.0,3.3,Balanced,PayPal,0,No ticket,Web,0
SW-5587,25-34,Basic,5,7.99,5.5,Low-usage,Debit,0,No ticket,Web,0
SW-5588,Under 25,Family,25,18.99,23.1,Podcast-heavy,PayPal,0,No ticket,iOS,0
SW-5589,35-49,Premium,15,12.99,10.4,Podcast-heavy,Credit card,0,No ticket,iOS,0
SW-5590,35-49,Basic,7,7.99,8.8,Balanced,Credit card,0,No ticket,iOS,0
SW-5591,35-49,Basic,19,7.99,10.5,Low-usage,Credit card,2,Account,iOS,0
SW-5592,Under 25,Basic,8,7.99,13.5,Music-heavy,Debit,0,No ticket,Android,0
SW-5593,25-34,Basic,20,7.99,10.9,Podcast-heavy,PayPal,1,Account,Web,0
SW-5594,25-34,Free,10,0.0,9.5,Balanced,Credit card,1,Billing,Android,0
SW-5595,25-34,Family,4,18.99,8.1,Podcast-heavy,PayPal,0,No ticket,Android,0
SW-5596,35-49,Family,6,18.99,23.5,Podcast-heavy,Credit card,0,No ticket,Web,0
SW-5597,35-49,Basic,9,7.99,6.5,Balanced,Credit card,2,Billing,iOS,1
SW-5598,25-34,Free,31,0.0,8.0,Music-heavy,Debit,0,No ticket,Android,0
SW-5599,25-34,Basic,23,7.99,27.7,Music-heavy,Credit card,1,Playback,Web,0
SW-5600,25-34,Basic,37,7.99,10.4,Low-usage,Credit card,0,No ticket,Web,0
SW-5601,Under 25,Premium,38,12.99,7.6,Low-usage,Credit card,0,No ticket,Partner promo,0
SW-5602,35-49,Basic,8,7.99,13.3,Balanced,PayPal,0,No ticket,iOS,0
SW-5603,50 plus,Basic,11,7.99,9.6,Balanced,Debit,2,Billing,iOS,1
SW-5604,25-34,Premium,9,12.99,4.4,Balanced,Credit card,0,No ticket,Android,0
SW-5605,35-49,Premium,7,12.99,9.7,Balanced,PayPal,0,No ticket,Android,0
SW-5606,50 plus,Premium,3,12.99,4.2,Music-heavy,Credit card,1,Account,iOS,0
SW-5607,50 plus,Basic,12,7.99,34.5,Balanced,Credit card,0,No ticket,iOS,0
SW-5608,Under 25,Family,5,18.99,9.7,Podcast-heavy,Credit card,1,Account,Android,0
SW-5609,50 plus,Family,12,18.99,3.8,Balanced,PayPal,0,No ticket,iOS,0
SW-5610,25-34,Basic,53,7.99,5.8,Music-heavy,Credit card,1,Billing,Android,0
SW-5611,25-34,Basic,8,7.99,14.7,Music-heavy,Debit,0,No ticket,Web,0
SW-5612,Under 25,Premium,14,12.99,3.3,Low-usage,Gift card,2,Billing,Partner promo,1
SW-5613,25-34,Free,23,0.0,40.0,Balanced,PayPal,1,Playback,iOS,0
SW-5614,Under 25,Basic,15,7.99,2.5,Low-usage,Credit card,1,Content,Partner promo,0
SW-5615,25-34,Premium,15,12.99,16.8,Low-usage,PayPal,1,Playback,Android,0
SW-5616,25-34,Premium,9,12.99,5.4,Music-heavy,Debit,1,Playback,iOS,0
SW-5617,35-49,Basic,10,7.99,4.2,Music-heavy,Credit card,1,Playback,iOS,0
SW-5618,50 plus,Premium,6,12.99,12.3,Music-heavy,Credit card,0,No ticket,Web,0
SW-5619,25-34,Family,22,18.99,5.6,Podcast-heavy,Debit,1,Content,Android,0
SW-5620,50 plus,Basic,4,7.99,28.6,Balanced,Credit card,2,Content,iOS,0
SW-5621,50 plus,Premium,24,12.99,2.6,Low-usage,Credit card,0,No ticket,Android,0
SW-5622,35-49,Free,4,0.0,12.5,Music-heavy,Debit,4,Billing,Android,0
SW-5623,Under 25,Free,24,0.0,6.4,Music-heavy,PayPal,0,No ticket,Web,0
SW-5624,35-49,Premium,9,12.99,10.1,Music-heavy,Credit card,0,No ticket,Android,0
SW-5625,50 plus,Free,5,0.0,12.1,Music-heavy,Credit card,0,No ticket,iOS,0
SW-5626,35-49,Free,18,0.0,2.0,Balanced,Debit,0,No ticket,Web,0
SW-5627,25-34,Basic,23,7.99,9.6,Balanced,Debit,1,Playback,Android,0
SW-5628,25-34,Premium,9,12.99,19.1,Balanced,Gift card,0,No ticket,iOS,0
SW-5629,35-49,Premium,20,12.99,11.6,Podcast-heavy,Debit,1,Playback,Android,0
SW-5630,25-34,Basic,2,7.99,6.0,Music-heavy,Debit,0,No ticket,Web,0
SW-5631,Under 25,Premium,5,12.99,2.6,Music-heavy,Gift card,0,No ticket,iOS,0
SW-5632,25-34,Basic,30,7.99,12.0,Music-heavy,Credit card,1,Playback,Partner promo,0
SW-5633,35-49,Premium,10,12.99,35.9,Balanced,Credit card,0,No ticket,Android,0
SW-5634,50 plus,Basic,3,7.99,13.6,Balanced,Debit,1,Account,Android,0
SW-5635,Under 25,Premium,7,12.99,20.2,Balanced,Credit card,0,No ticket,iOS,0
SW-5636,50 plus,Family,6,18.99,16.9,Music-heavy,Credit card,0,No ticket,Web,0
SW-5637,25-34,Premium,11,12.99,5.8,Low-usage,Credit card,0,No ticket,Partner promo,1
SW-5638,35-49,Free,9,0.0,8.6,Music-heavy,Debit,0,No ticket,Web,0
SW-5639,35-49,Family,14,18.99,16.0,Music-heavy,PayPal,1,Playback,Partner promo,0
SW-5640,35-49,Free,11,0.0,2.3,Podcast-heavy,Credit card,0,No ticket,Web,0
SW-5641,50 plus,Family,31,18.99,13.5,Podcast-heavy,Credit card,1,Account,Web,0
SW-5642,25-34,Basic,16,7.99,21.9,Balanced,Credit card,2,Playback,iOS,0
SW-5643,50 plus,Basic,17,7.99,7.7,Balanced,Debit,0,No ticket,iOS,0
SW-5644,Under 25,Free,27,0.0,15.3,Music-heavy,Credit card,0,No ticket,Android,0
SW-5645,35-49,Free,9,0.0,5.1,Music-heavy,PayPal,1,Content,Partner promo,0
SW-5646,35-49,Premium,5,12.99,8.2,Music-heavy,Credit card,0,No ticket,iOS,0
SW-5647,35-49,Family,28,18.99,6.4,Music-heavy,Credit card,1,Content,Web,0
SW-5648,25-34,Premium,13,12.99,11.6,Music-heavy,Credit card,2,Billing,Android,0
SW-5649,50 plus,Premium,13,12.99,7.4,Balanced,Credit card,0,No ticket,Android,0
SW-5650,Under 25,Premium,8,12.99,2.1,Music-heavy,PayPal,1,Playback,iOS,0
SW-5651,Under 25,Basic,8,7.99,4.5,Balanced,PayPal,1,Billing,Web,0
SW-5652,35-49,Free,22,0.0,37.8,Podcast-heavy,Credit card,2,Playback,iOS,0
SW-5653,25-34,Free,24,0.0,12.6,Music-heavy,PayPal,1,Content,Android,0
SW-5654,50 plus,Basic,21,7.99,1.5,Podcast-heavy,Credit card,0,No ticket,iOS,0
SW-5655,25-34,Basic,21,7.99,21.0,Balanced,Credit card,2,Billing,Android,1
SW-5656,Under 25,Free,18,0.0,3.2,Podcast-heavy,PayPal,1,Playback,Web,0
SW-5657,35-49,Basic,13,7.99,16.3,Music-heavy,Credit card,0,No ticket,Android,0
SW-5658,25-34,Free,11,0.0,22.5,Low-usage,Credit card,0,No ticket,Web,0
SW-5659,Under 25,Family,28,18.99,8.7,Music-heavy,Credit card,1,Account,iOS,0
SW-5660,35-49,Free,9,0.0,3.6,Low-usage,Credit card,0,No ticket,Android,0
SW-5661,25-34,Premium,16,12.99,4.5,Music-heavy,Credit card,1,Account,Android,0
SW-5662,35-49,Premium,7,12.99,13.2,Balanced,PayPal,0,No ticket,Web,0
SW-5663,25-34,Premium,8,12.99,3.2,Podcast-heavy,Credit card,1,Billing,Partner promo,0
SW-5664,35-49,Free,10,0.0,5.0,Podcast-heavy,Credit card,0,No ticket,Android,0
SW-5665,35-49,Basic,7,7.99,12.1,Music-heavy,Credit card,1,Account,Web,0
SW-5666,35-49,Free,21,0.0,4.8,Music-heavy,Credit card,1,Playback,Android,0
SW-5667,Under 25,Basic,5,7.99,24.9,Balanced,PayPal,2,Billing,Android,1
SW-5668,35-49,Basic,13,7.99,3.5,Low-usage,PayPal,0,No ticket,Android,0
SW-5669,35-49,Premium,13,12.99,0.6,Low-usage,Gift card,1,Billing,Partner promo,1
SW-5670,35-49,Premium,3,12.99,4.3,Music-heavy,Credit card,1,Content,Android,0
SW-5671,25-34,Premium,9,12.99,10.3,Music-heavy,Gift card,0,No ticket,iOS,0
SW-5672,50 plus,Basic,14,7.99,16.0,Balanced,Credit card,1,Account,Android,0
SW-5673,35-49,Basic,16,7.99,5.8,Music-heavy,Credit card,0,No ticket,Android,0
SW-5674,Under 25,Premium,10,12.99,6.4,Music-heavy,PayPal,0,No ticket,iOS,0
SW-5675,25-34,Basic,19,7.99,7.8,Balanced,Credit card,2,Billing,iOS,0
SW-5676,50 plus,Premium,11,12.99,32.2,Podcast-heavy,Credit card,1,Playback,Partner promo,0
SW-5677,Under 25,Premium,12,12.99,10.8,Music-heavy,PayPal,0,No ticket,iOS,0
SW-5678,50 plus,Basic,14,7.99,5.4,Music-heavy,PayPal,1,Account,Android,0
SW-5679,35-49,Basic,23,7.99,40.0,Balanced,Credit card,1,Account,iOS,0
SW-5680,35-49,Premium,7,12.99,8.1,Music-heavy,PayPal,0,No ticket,Android,0
SW-5681,25-34,Free,9,0.0,1.5,Balanced,PayPal,2,Billing,iOS,1
SW-5682,25-34,Free,8,0.0,2.6,Music-heavy,PayPal,0,No ticket,Android,0
SW-5683,50 plus,Free,10,0.0,12.5,Music-heavy,Credit card,1,Content,Web,0
SW-5684,25-34,Basic,33,7.99,1.9,Balanced,Debit,0,No ticket,Android,0
SW-5685,35-49,Premium,18,12.99,11.9,Podcast-heavy,PayPal,1,Billing,iOS,0
SW-5686,25-34,Premium,5,12.99,4.3,Music-heavy,Debit,0,No ticket,Android,0
SW-5687,Under 25,Basic,8,7.99,20.5,Podcast-heavy,Debit,0,No ticket,iOS,0
SW-5688,Under 25,Family,16,18.99,9.1,Music-heavy,Credit card,0,No ticket,Web,0
SW-5689,25-34,Family,6,18.99,2.2,Balanced,Credit card,2,Billing,iOS,1
SW-5690,50 plus,Family,7,18.99,16.6,Music-heavy,Gift card,1,Content,Partner promo,0
SW-5691,25-34,Premium,31,12.99,23.8,Balanced,Credit card,1,Playback,Android,0
SW-5692,25-34,Basic,8,7.99,2.9,Balanced,Credit card,0,No ticket,iOS,0
SW-5693,25-34,Free,23,0.0,4.2,Balanced,PayPal,1,Billing,Partner promo,0
SW-5694,25-34,Premium,29,12.99,12.0,Balanced,Credit card,0,No ticket,Android,0
SW-5695,25-34,Premium,7,12.99,13.8,Balanced,Credit card,0,No ticket,iOS,0
SW-5696,50 plus,Premium,6,12.99,40.0,Podcast-heavy,Credit card,0,No ticket,Android,0
SW-5697,25-34,Family,10,18.99,16.3,Podcast-heavy,Debit,0,No ticket,iOS,0
SW-5698,25-34,Premium,6,12.99,40.0,Music-heavy,PayPal,0,No ticket,Web,0
SW-5699,Under 25,Basic,13,7.99,8.1,Balanced,Debit,2,Billing,Android,1
SW-5700,50 plus,Basic,10,7.99,10.9,Balanced,Credit card,0,No ticket,Web,0
SW-5701,25-34,Free,15,0.0,5.1,Music-heavy,Gift card,0,No ticket,iOS,0
SW-5702,Under 25,Premium,32,12.99,5.3,Balanced,Credit card,0,No ticket,Android,0
SW-5703,35-49,Premium,21,12.99,9.0,Podcast-heavy,Credit card,0,No ticket,Partner promo,0
SW-5704,35-49,Premium,17,12.99,5.0,Podcast-heavy,Credit card,1,Billing,Web,0
SW-5705,25-34,Premium,3,12.99,1.0,Music-heavy,Gift card,0,No ticket,iOS,0
SW-5706,25-34,Family,16,18.99,4.7,Podcast-heavy,Credit card,0,No ticket,Android,0
SW-5707,35-49,Premium,40,12.99,18.9,Balanced,Debit,3,Billing,Android,0
SW-5708,Under 25,Premium,1,12.99,8.5,Music-heavy,Credit card,0,No ticket,Partner promo,0
SW-5709,35-49,Free,19,0.0,8.5,Podcast-heavy,Credit card,0,No ticket,Web,0
SW-5710,35-49,Family,11,18.99,4.3,Low-usage,PayPal,0,No ticket,Android,0
SW-5711,25-34,Premium,7,12.99,10.4,Balanced,Debit,1,Playback,Web,0
SW-5712,25-34,Basic,21,7.99,30.2,Podcast-heavy,PayPal,1,Account,Android,0
SW-5713,25-34,Basic,40,7.99,24.5,Podcast-heavy,Credit card,2,Content,Web,0
SW-5714,35-49,Family,21,18.99,10.7,Music-heavy,PayPal,0,No ticket,Partner promo,0
SW-5715,25-34,Free,9,0.0,4.0,Low-usage,PayPal,0,No ticket,Web,0
SW-5716,25-34,Basic,6,7.99,32.9,Low-usage,Credit card,1,Playback,Android,0
SW-5717,35-49,Basic,13,7.99,18.7,Balanced,Debit,0,No ticket,Web,0
SW-5718,50 plus,Premium,22,12.99,2.4,Music-heavy,Gift card,1,Account,iOS,0
SW-5719,25-34,Premium,9,12.99,2.0,Music-heavy,PayPal,1,Billing,Android,0
SW-5720,50 plus,Basic,10,7.99,2.6,Music-heavy,Credit card,0,No ticket,Web,0
SW-5721,25-34,Premium,60,12.99,5.4,Low-usage,Debit,1,Playback,Partner promo,1
SW-5722,Under 25,Family,26,18.99,16.5,Music-heavy,PayPal,1,Playback,Web,0
SW-5723,Under 25,Premium,27,12.99,16.1,Balanced,Credit card,0,No ticket,Web,0
SW-5724,25-34,Family,4,18.99,10.5,Podcast-heavy,Debit,0,No ticket,Web,0
SW-5725,Under 25,Basic,7,7.99,7.1,Music-heavy,Gift card,0,No ticket,iOS,0
SW-5726,Under 25,Basic,13,7.99,40.0,Balanced,PayPal,0,No ticket,Android,0
SW-5727,50 plus,Basic,6,7.99,8.2,Music-heavy,PayPal,0,No ticket,Android,0
SW-5728,50 plus,Premium,37,12.99,7.5,Balanced,Credit card,0,No ticket,Web,0
SW-5729,35-49,Free,32,0.0,5.3,Music-heavy,Gift card,1,Playback,Web,0
SW-5730,Under 25,Basic,8,7.99,40.0,Music-heavy,Debit,0,No ticket,Android,0
SW-5731,Under 25,Free,42,0.0,14.2,Music-heavy,Credit card,0,No ticket,iOS,0
SW-5732,Under 25,Basic,12,7.99,3.5,Low-usage,Debit,0,No ticket,Web,0
SW-5733,35-49,Premium,60,12.99,3.2,Balanced,PayPal,3,Content,iOS,0
SW-5734,50 plus,Free,13,0.0,2.1,Podcast-heavy,Credit card,2,Billing,Web,0
SW-5735,25-34,Premium,18,12.99,7.4,Music-heavy,PayPal,2,Billing,Web,1
SW-5736,Under 25,Family,32,18.99,2.4,Balanced,PayPal,1,Playback,Android,0
SW-5737,25-34,Basic,29,7.99,3.1,Music-heavy,Credit card,0,No ticket,Web,0
SW-5738,25-34,Premium,17,12.99,18.8,Low-usage,PayPal,0,No ticket,Partner promo,1
SW-5739,25-34,Family,11,18.99,16.3,Low-usage,PayPal,0,No ticket,Partner promo,0
SW-5740,35-49,Family,17,18.99,26.4,Balanced,Credit card,0,No ticket,Android,0
SW-5741,35-49,Basic,7,7.99,2.5,Low-usage,Credit card,0,No ticket,iOS,0
SW-5742,Under 25,Free,13,0.0,3.6,Music-heavy,Credit card,1,Billing,Web,0
SW-5743,Under 25,Free,6,0.0,4.8,Music-heavy,Credit card,1,Account,iOS,0
SW-5744,50 plus,Premium,3,12.99,29.7,Music-heavy,PayPal,0,No ticket,iOS,0
SW-5745,25-34,Premium,12,12.99,8.4,Music-heavy,Credit card,0,No ticket,Partner promo,0
SW-5746,Under 25,Premium,29,12.99,34.4,Low-usage,Gift card,0,No ticket,Web,0
SW-5747,Under 25,Basic,23,7.99,13.2,Music-heavy,Gift card,0,No ticket,Android,0
SW-5748,Under 25,Basic,11,7.99,7.3,Balanced,Credit card,0,No ticket,Android,0
SW-5749,25-34,Premium,41,12.99,12.7,Balanced,Credit card,1,Billing,Android,0
SW-5750,35-49,Premium,8,12.99,2.0,Music-heavy,Debit,2,Playback,iOS,0
SW-5751,25-34,Premium,3,12.99,1.5,Music-heavy,Debit,1,Playback,Android,0
SW-5752,25-34,Basic,3,7.99,9.8,Music-heavy,Credit card,1,Billing,Partner promo,0
SW-5753,35-49,Basic,5,7.99,8.1,Music-heavy,Credit card,0,No ticket,Web,0
SW-5754,25-34,Basic,21,7.99,37.6,Podcast-heavy,Credit card,1,Billing,Web,0
SW-5755,50 plus,Basic,8,7.99,2.7,Podcast-heavy,Credit card,1,Billing,iOS,0
SW-5756,50 plus,Basic,17,7.99,10.8,Podcast-heavy,PayPal,0,No ticket,iOS,0
SW-5757,Under 25,Free,38,0.0,14.0,Balanced,Credit card,0,No ticket,Web,0
SW-5758,35-49,Basic,6,7.99,10.5,Music-heavy,Credit card,1,Account,Web,0
SW-5759,25-34,Free,17,0.0,19.3,Music-heavy,Debit,2,Billing,Web,1
SW-5760,50 plus,Basic,17,7.99,4.8,Balanced,Credit card,1,Playback,Android,0
SW-5761,25-34,Premium,7,12.99,15.6,Music-heavy,Credit card,0,No ticket,iOS,0
SW-5762,50 plus,Basic,31,7.99,12.5,Music-heavy,Debit,0,No ticket,Android,0
SW-5763,35-49,Premium,10,12.99,20.3,Balanced,Debit,0,No ticket,iOS,0
SW-5764,25-34,Premium,9,12.99,5.3,Low-usage,Credit card,0,No ticket,Android,0
SW-5765,25-34,Premium,53,12.99,3.1,Low-usage,Credit card,0,No ticket,iOS,0
SW-5766,50 plus,Family,17,18.99,4.8,Music-heavy,Credit card,0,No ticket,Android,0
SW-5767,50 plus,Free,23,0.0,3.4,Podcast-heavy,Credit card,1,Playback,iOS,0
SW-5768,Under 25,Premium,31,12.99,5.1,Music-heavy,Debit,1,Billing,Web,0
SW-5769,35-49,Family,8,18.99,6.1,Low-usage,Credit card,1,Account,Partner promo,0
SW-5770,25-34,Family,29,18.99,3.9,Music-heavy,Credit card,1,Billing,Android,0
SW-5771,Under 25,Basic,8,7.99,8.0,Music-heavy,PayPal,1,Billing,iOS,0
SW-5772,25-34,Basic,8,7.99,3.1,Low-usage,PayPal,0,No ticket,Partner promo,1
SW-5773,25-34,Basic,10,7.99,7.5,Low-usage,PayPal,1,Playback,iOS,0
SW-5774,35-49,Premium,8,12.99,5.4,Balanced,Credit card,0,No ticket,iOS,0
SW-5775,25-34,Premium,21,12.99,7.3,Music-heavy,Credit card,1,Playback,Android,0
SW-5776,35-49,Basic,14,7.99,11.0,Podcast-heavy,Credit card,0,No ticket,iOS,0
SW-5777,Under 25,Premium,9,12.99,5.7,Balanced,PayPal,1,Billing,iOS,0
SW-5778,25-34,Premium,19,12.99,4.3,Podcast-heavy,PayPal,2,Billing,iOS,0
SW-5779,25-34,Basic,10,7.99,4.7,Music-heavy,Credit card,1,Account,iOS,0
SW-5780,25-34,Family,10,18.99,18.1,Music-heavy,Credit card,1,Content,Web,0
SW-5781,Under 25,Premium,12,12.99,22.2,Balanced,Credit card,0,No ticket,Web,0
SW-5782,Under 25,Free,17,0.0,5.3,Podcast-heavy,Credit card,0,No ticket,Partner promo,1
SW-5783,25-34,Premium,16,12.99,7.1,Balanced,Gift card,1,Playback,iOS,0
SW-5784,25-34,Basic,9,7.99,2.0,Music-heavy,Credit card,1,Playback,Web,0
SW-5785,25-34,Premium,22,12.99,6.9,Podcast-heavy,Credit card,0,No ticket,Android,0
SW-5786,25-34,Family,10,18.99,2.5,Low-usage,PayPal,1,Playback,Web,0
SW-5787,50 plus,Family,8,18.99,5.4,Music-heavy,Credit card,1,Playback,Web,0
SW-5788,50 plus,Basic,4,7.99,18.9,Balanced,Credit card,1,Content,Partner promo,0
SW-5789,25-34,Basic,24,7.99,2.4,Music-heavy,Credit card,2,Account,Partner promo,0
SW-5790,25-34,Basic,12,7.99,3.9,Music-heavy,Debit,1,Billing,Web,1
SW-5791,Under 25,Premium,14,12.99,3.9,Balanced,Credit card,1,Billing,Partner promo,0
SW-5792,50 plus,Premium,25,12.99,2.1,Low-usage,Credit card,0,No ticket,Partner promo,0
SW-5793,Under 25,Premium,9,12.99,16.0,Balanced,Credit card,2,Billing,Android,0
SW-5794,25-34,Free,5,0.0,10.0,Music-heavy,Debit,0,No ticket,iOS,0
SW-5795,25-34,Basic,13,7.99,34.0,Music-heavy,Credit card,0,No ticket,Web,0
SW-5796,25-34,Basic,15,7.99,3.6,Low-usage,PayPal,0,No ticket,Web,0
SW-5797,Under 25,Family,10,18.99,1.9,Music-heavy,Credit card,0,No ticket,Android,0
SW-5798,35-49,Premium,34,12.99,17.0,Balanced,Credit card,0,No ticket,Android,0
SW-5799,Under 25,Basic,2,7.99,6.0,Music-heavy,Debit,1,Account,Android,0
SW-5800,35-49,Free,26,0.0,5.5,Low-usage,Credit card,1,Playback,Web,0
SW-5801,Under 25,Premium,21,12.99,26.1,Low-usage,Credit card,1,Playback,Web,0
SW-5802,Under 25,Basic,17,7.99,9.2,Music-heavy,PayPal,0,No ticket,iOS,0
SW-5803,50 plus,Premium,1,12.99,16.5,Balanced,Credit card,0,No ticket,Android,0
SW-5804,Under 25,Premium,29,12.99,4.9,Music-heavy,Debit,1,Billing,Web,0
SW-5805,35-49,Premium,6,12.99,4.5,Music-heavy,Credit card,0,No ticket,Android,0
SW-5806,25-34,Premium,8,12.99,6.0,Podcast-heavy,PayPal,0,No ticket,Android,0
SW-5807,Under 25,Premium,11,12.99,13.7,Low-usage,Gift card,0,No ticket,Partner promo,0
SW-5808,50 plus,Family,16,18.99,8.3,Music-heavy,Credit card,1,Account,Web,0
SW-5809,25-34,Family,19,18.99,11.6,Podcast-heavy,Credit card,2,Billing,Web,1
SW-5810,50 plus,Premium,22,12.99,1.0,Music-heavy,Credit card,1,Playback,Partner promo,0
SW-5811,Under 25,Basic,21,7.99,1.8,Music-heavy,PayPal,1,Playback,iOS,0
SW-5812,50 plus,Basic,14,7.99,1.4,Podcast-heavy,Credit card,0,No ticket,iOS,0
SW-5813,Under 25,Basic,16,7.99,5.9,Podcast-heavy,Debit,0,No ticket,Android,0
SW-5814,25-34,Premium,6,12.99,2.6,Balanced,Debit,1,Content,iOS,0
SW-5815,35-49,Premium,7,12.99,30.9,Balanced,Credit card,1,Billing,Web,0
SW-5816,50 plus,Free,22,0.0,7.9,Low-usage,Credit card,0,No ticket,Android,0
SW-5817,50 plus,Premium,22,12.99,9.5,Low-usage,Credit card,0,No ticket,Partner promo,1
SW-5818,35-49,Premium,20,12.99,3.3,Music-heavy,PayPal,3,Billing,Web,1
SW-5819,50 plus,Family,8,18.99,3.3,Balanced,Credit card,0,No ticket,Web,0
SW-5820,Under 25,Premium,23,12.99,27.7,Balanced,Debit,1,Billing,Android,0
SW-5821,25-34,Premium,5,12.99,33.3,Podcast-heavy,Credit card,0,No ticket,Android,0
SW-5822,25-34,Basic,26,7.99,11.2,Balanced,Credit card,1,Account,Web,0
SW-5823,25-34,Premium,10,12.99,1.6,Music-heavy,Credit card,1,Billing,Android,0
SW-5824,25-34,Basic,39,7.99,5.7,Music-heavy,PayPal,0,No ticket,Partner promo,0
SW-5825,25-34,Premium,4,12.99,10.3,Balanced,Debit,0,No ticket,Web,0
SW-5826,Under 25,Free,41,0.0,6.7,Music-heavy,PayPal,1,Billing,iOS,0
SW-5827,35-49,Premium,9,12.99,1.5,Podcast-heavy,Debit,1,Playback,Android,0
SW-5828,Under 25,Basic,9,7.99,35.1,Podcast-heavy,Debit,2,Billing,Web,0
SW-5829,25-34,Basic,14,7.99,4.1,Podcast-heavy,Credit card,1,Playback,Android,0
SW-5830,25-34,Premium,7,12.99,2.7,Low-usage,PayPal,2,Account,Partner promo,1
SW-5831,35-49,Basic,11,7.99,7.8,Music-heavy,Credit card,0,No ticket,Android,0
SW-5832,35-49,Basic,7,7.99,20.6,Low-usage,Debit,1,Billing,Web,0
SW-5833,35-49,Premium,7,12.99,12.1,Balanced,Credit card,1,Playback,Android,0
SW-5834,Under 25,Family,17,18.99,2.8,Podcast-heavy,Credit card,0,No ticket,iOS,0
SW-5835,25-34,Basic,6,7.99,2.4,Music-heavy,Credit card,1,Playback,Web,0
SW-5836,Under 25,Premium,7,12.99,1.4,Music-heavy,Credit card,0,No ticket,Web,0
SW-5837,25-34,Family,5,18.99,6.3,Balanced,Debit,0,No ticket,Partner promo,0
SW-5838,25-34,Basic,8,7.99,5.5,Music-heavy,Credit card,0,No ticket,iOS,0
SW-5839,Under 25,Basic,30,7.99,12.1,Music-heavy,Credit card,2,Billing,Android,1
SW-5840,25-34,Basic,7,7.99,4.6,Music-heavy,PayPal,2,Billing,Web,1
SW-5841,50 plus,Premium,7,12.99,17.4,Podcast-heavy,Debit,0,No ticket,Android,0
SW-5842,50 plus,Free,14,0.0,13.5,Balanced,Credit card,0,No ticket,Web,0
SW-5843,25-34,Basic,9,7.99,4.5,Balanced,PayPal,1,Account,Web,0
SW-5844,Under 25,Premium,57,12.99,10.9,Balanced,Credit card,0,No ticket,Partner promo,0
SW-5845,Under 25,Premium,11,12.99,23.2,Low-usage,Debit,0,No ticket,Partner promo,0
SW-5846,25-34,Basic,15,7.99,3.7,Balanced,Credit card,0,No ticket,iOS,0
SW-5847,50 plus,Premium,23,12.99,6.7,Music-heavy,Credit card,0,No ticket,Android,0
SW-5848,Under 25,Basic,23,7.99,6.6,Podcast-heavy,Credit card,1,Playback,Android,0
SW-5849,35-49,Basic,14,7.99,6.0,Podcast-heavy,Credit card,0,No ticket,iOS,0
SW-5850,Under 25,Premium,11,12.99,15.2,Music-heavy,Credit card,0,No ticket,Android,0
SW-5851,50 plus,Family,49,18.99,16.2,Podcast-heavy,Credit card,0,No ticket,Android,0
SW-5852,25-34,Basic,11,7.99,11.1,Balanced,Gift card,1,Account,Web,0
SW-5853,35-49,Family,9,18.99,10.7,Music-heavy,Credit card,0,No ticket,Web,0
SW-5854,25-34,Premium,8,12.99,5.1,Podcast-heavy,PayPal,1,Billing,iOS,0
SW-5855,35-49,Free,4,0.0,10.4,Low-usage,Credit card,0,No ticket,iOS,0
SW-5856,Under 25,Premium,21,12.99,2.9,Podcast-heavy,Debit,0,No ticket,Web,0
SW-5857,Under 25,Free,2,0.0,40.0,Balanced,Credit card,0,No ticket,Web,0
SW-5858,50 plus,Family,12,18.99,23.6,Balanced,Credit card,0,No ticket,iOS,0
SW-5859,50 plus,Family,10,18.99,17.2,Music-heavy,Credit card,0,No ticket,iOS,0
SW-5860,50 plus,Basic,58,7.99,11.1,Music-heavy,PayPal,0,No ticket,iOS,0
SW-5861,35-49,Basic,3,7.99,11.1,Balanced,Credit card,0,No ticket,Web,0
SW-5862,35-49,Basic,6,7.99,2.1,Balanced,Credit card,0,No ticket,Android,0
SW-5863,Under 25,Basic,11,7.99,2.9,Music-heavy,Credit card,0,No ticket,Android,0
SW-5864,25-34,Basic,10,7.99,3.2,Music-heavy,Credit card,0,No ticket,Web,0
SW-5865,25-34,Basic,8,7.99,8.4,Podcast-heavy,Debit,0,No ticket,Web,0
SW-5866,35-49,Premium,11,12.99,6.4,Balanced,Debit,1,Playback,Android,0
SW-5867,25-34,Basic,5,7.99,15.3,Podcast-heavy,Credit card,1,Content,Partner promo,0
SW-5868,Under 25,Premium,15,12.99,3.7,Low-usage,Credit card,0,No ticket,Web,0
SW-5869,35-49,Premium,2,12.99,18.2,Low-usage,Credit card,1,Playback,Partner promo,1
SW-5870,35-49,Premium,12,12.99,4.2,Balanced,Gift card,0,No ticket,Web,0
SW-5871,25-34,Family,8,18.99,5.7,Balanced,Credit card,2,Playback,Android,0
SW-5872,Under 25,Basic,24,7.99,16.4,Podcast-heavy,Credit card,2,Billing,Partner promo,0
SW-5873,Under 25,Free,41,0.0,12.0,Music-heavy,Credit card,1,Billing,Android,0
SW-5874,25-34,Premium,10,12.99,2.9,Podcast-heavy,Credit card,0,No ticket,iOS,0
SW-5875,25-34,Basic,32,7.99,18.7,Music-heavy,PayPal,1,Playback,Android,0
SW-5876,35-49,Premium,10,12.99,8.6,Music-heavy,Credit card,0,No ticket,Web,0
SW-5877,35-49,Family,6,18.99,1.4,Balanced,Debit,1,Account,Android,0
SW-5878,35-49,Family,41,18.99,4.1,Podcast-heavy,Credit card,1,Billing,iOS,0
SW-5879,25-34,Premium,17,12.99,5.8,Balanced,Debit,1,Playback,Web,0
SW-5880,35-49,Premium,12,12.99,3.1,Podcast-heavy,Credit card,1,Playback,Web,0
SW-5881,Under 25,Free,19,0.0,23.4,Music-heavy,PayPal,1,Content,Android,0
SW-5882,25-34,Basic,15,7.99,5.9,Podcast-heavy,Credit card,1,Content,Android,0
SW-5883,35-49,Premium,11,12.99,11.6,Low-usage,Debit,1,Playback,Android,0
SW-5884,Under 25,Basic,5,7.99,9.4,Balanced,PayPal,0,No ticket,Web,0
SW-5885,Under 25,Basic,10,7.99,14.1,Music-heavy,Credit card,0,No ticket,Web,0
SW-5886,50 plus,Basic,19,7.99,30.5,Podcast-heavy,Credit card,1,Account,Web,0
SW-5887,25-34,Premium,11,12.99,13.7,Low-usage,Gift card,0,No ticket,Web,0
SW-5888,35-49,Basic,23,7.99,32.3,Music-heavy,Credit card,1,Billing,iOS,0
SW-5889,Under 25,Premium,16,12.99,14.0,Music-heavy,PayPal,0,No ticket,Web,0
SW-5890,35-49,Basic,6,7.99,8.9,Music-heavy,Credit card,1,Account,Android,0
SW-5891,25-34,Free,5,0.0,10.3,Podcast-heavy,Credit card,1,Playback,Android,0
SW-5892,Under 25,Basic,11,7.99,1.0,Podcast-heavy,Credit card,0,No ticket,iOS,0
SW-5893,35-49,Basic,8,7.99,5.6,Music-heavy,Credit card,0,No ticket,iOS,0
SW-5894,25-34,Family,15,18.99,7.1,Balanced,Credit card,0,No ticket,Web,0
SW-5895,25-34,Free,7,0.0,11.4,Music-heavy,Credit card,1,Content,iOS,0
SW-5896,Under 25,Basic,8,7.99,7.8,Balanced,Gift card,0,No ticket,Android,0
SW-5897,Under 25,Premium,25,12.99,10.4,Podcast-heavy,PayPal,0,No ticket,Android,0
SW-5898,25-34,Premium,13,12.99,2.8,Podcast-heavy,Credit card,1,Billing,Web,0
SW-5899,Under 25,Premium,7,12.99,2.3,Low-usage,Credit card,1,Billing,Partner promo,1
SW-5900,50 plus,Free,12,0.0,3.1,Balanced,Debit,1,Content,Android,0
SW-5901,Under 25,Family,32,18.99,28.1,Podcast-heavy,Credit card,0,No ticket,iOS,0
SW-5902,25-34,Premium,15,12.99,2.9,Podcast-heavy,PayPal,1,Billing,Android,0
SW-5903,Under 25,Basic,18,7.99,4.3,Podcast-heavy,Credit card,0,No ticket,Web,0
SW-5904,25-34,Premium,7,12.99,8.7,Balanced,Debit,0,No ticket,iOS,0
SW-5905,50 plus,Basic,25,7.99,2.2,Music-heavy,Debit,0,No ticket,Android,0
SW-5906,Under 25,Basic,60,7.99,4.0,Music-heavy,Debit,0,No ticket,Partner promo,0
SW-5907,50 plus,Premium,7,12.99,13.7,Music-heavy,Credit card,0,No ticket,Web,0
SW-5908,Under 25,Family,5,18.99,5.6,Balanced,Credit card,2,Billing,iOS,1
SW-5909,35-49,Basic,14,7.99,30.8,Podcast-heavy,Credit card,0,No ticket,Partner promo,0
SW-5910,25-34,Premium,22,12.99,2.1,Balanced,Debit,0,No ticket,Web,0
SW-5911,50 plus,Free,11,0.0,6.1,Balanced,Credit card,1,Billing,Android,0
SW-5912,25-34,Basic,6,7.99,5.6,Balanced,PayPal,1,Content,Web,0
SW-5913,25-34,Free,11,0.0,7.9,Music-heavy,Credit card,2,Content,Web,0
SW-5914,Under 25,Free,18,0.0,3.0,Music-heavy,Credit card,0,No ticket,iOS,0
SW-5915,Under 25,Family,9,18.99,5.0,Balanced,Credit card,1,Account,Android,0
SW-5916,50 plus,Basic,18,7.99,15.0,Music-heavy,Debit,0,No ticket,Web,0
SW-5917,25-34,Free,27,0.0,6.4,Podcast-heavy,PayPal,2,Account,iOS,0
SW-5918,25-34,Family,14,18.99,3.4,Music-heavy,PayPal,0,No ticket,Web,0
SW-5919,35-49,Family,12,18.99,40.0,Low-usage,PayPal,0,No ticket,Web,0
SW-5920,25-34,Premium,21,12.99,8.3,Podcast-heavy,Gift card,0,No ticket,iOS,0
SW-5921,50 plus,Family,7,18.99,13.1,Music-heavy,PayPal,1,Content,iOS,0
SW-5922,35-49,Basic,6,7.99,14.7,Balanced,Credit card,0,No ticket,Web,0
SW-5923,35-49,Premium,10,12.99,7.6,Music-heavy,Credit card,0,No ticket,iOS,0
SW-5924,50 plus,Premium,9,12.99,4.3,Low-usage,Credit card,0,No ticket,Android,0
SW-5925,Under 25,Family,7,18.99,9.4,Music-heavy,Gift card,2,Billing,Web,0
SW-5926,25-34,Premium,43,12.99,4.6,Balanced,Credit card,1,Playback,iOS,0
SW-5927,25-34,Basic,55,7.99,10.8,Music-heavy,Credit card,0,No ticket,Web,0
SW-5928,25-34,Premium,9,12.99,7.0,Balanced,PayPal,3,Playback,iOS,0
SW-5929,35-49,Basic,13,7.99,18.2,Low-usage,Credit card,0,No ticket,Android,0
SW-5930,50 plus,Basic,11,7.99,3.2,Balanced,Debit,2,Billing,Partner promo,1
SW-5931,25-34,Free,26,0.0,14.2,Balanced,PayPal,0,No ticket,Web,0
SW-5932,25-34,Family,30,18.99,13.1,Music-heavy,PayPal,0,No ticket,Android,0
SW-5933,50 plus,Basic,3,7.99,6.6,Low-usage,PayPal,1,Account,Android,0
SW-5934,25-34,Premium,17,12.99,14.3,Balanced,PayPal,0,No ticket,Android,0
SW-5935,25-34,Basic,5,7.99,11.2,Balanced,Debit,0,No ticket,Partner promo,0
SW-5936,25-34,Family,41,18.99,13.6,Balanced,Credit card,0,No ticket,iOS,0
SW-5937,50 plus,Basic,16,7.99,13.0,Music-heavy,Debit,1,Account,Partner promo,0
SW-5938,35-49,Premium,7,12.99,8.3,Balanced,PayPal,1,Billing,Partner promo,0
SW-5939,35-49,Family,10,18.99,5.0,Music-heavy,Credit card,2,Billing,iOS,0
SW-5940,35-49,Basic,10,7.99,4.9,Balanced,Credit card,1,Account,iOS,0
SW-5941,25-34,Basic,17,7.99,6.7,Podcast-heavy,Credit card,1,Account,Android,0
SW-5942,25-34,Premium,25,12.99,15.7,Music-heavy,Debit,1,Billing,iOS,0
SW-5943,50 plus,Family,5,18.99,13.3,Low-usage,Credit card,0,No ticket,Android,0
SW-5944,25-34,Premium,43,12.99,17.9,Low-usage,PayPal,2,Billing,iOS,1
SW-5945,35-49,Basic,37,7.99,19.4,Low-usage,Credit card,1,Playback,Web,0
SW-5946,50 plus,Family,7,18.99,6.7,Balanced,Credit card,0,No ticket,Android,0
SW-5947,35-49,Basic,13,7.99,38.5,Balanced,Credit card,1,Billing,Partner promo,0
SW-5948,35-49,Premium,40,12.99,7.4,Balanced,Debit,0,No ticket,Web,0
SW-5949,35-49,Premium,28,12.99,5.4,Music-heavy,Credit card,1,Playback,Android,0
SW-5950,50 plus,Basic,9,7.99,10.4,Low-usage,Credit card,0,No ticket,iOS,0
SW-5951,25-34,Premium,21,12.99,11.8,Low-usage,PayPal,0,No ticket,Android,0
SW-5952,Under 25,Premium,60,12.99,4.4,Balanced,PayPal,2,Billing,iOS,0
SW-5953,25-34,Family,13,18.99,7.0,Low-usage,PayPal,1,Account,iOS,0
SW-5954,35-49,Basic,8,7.99,5.6,Podcast-heavy,Debit,0,No ticket,iOS,0
SW-5955,25-34,Basic,14,7.99,9.0,Podcast-heavy,PayPal,1,Billing,Android,0
SW-5956,35-49,Premium,14,12.99,15.1,Low-usage,PayPal,0,No ticket,Android,0
SW-5957,25-34,Free,8,0.0,6.5,Podcast-heavy,Gift card,1,Playback,iOS,0
SW-5958,35-49,Free,16,0.0,12.6,Balanced,Credit card,0,No ticket,Android,0
SW-5959,Under 25,Family,5,18.99,2.6,Music-heavy,Credit card,0,No ticket,Partner promo,0
SW-5960,35-49,Basic,8,7.99,16.3,Balanced,Credit card,1,Account,Web,0
SW-5961,25-34,Family,20,18.99,5.6,Balanced,PayPal,2,Account,iOS,0
SW-5962,Under 25,Basic,4,7.99,5.5,Balanced,Debit,0,No ticket,Android,0
SW-5963,25-34,Basic,23,7.99,11.0,Podcast-heavy,Credit card,0,No ticket,Android,0
SW-5964,35-49,Premium,3,12.99,11.5,Music-heavy,Credit card,0,No ticket,Partner promo,0
SW-5965,25-34,Premium,4,12.99,7.3,Balanced,PayPal,0,No ticket,Web,0
SW-5966,Under 25,Premium,8,12.99,3.9,Low-usage,PayPal,1,Content,Android,0
SW-5967,50 plus,Premium,15,12.99,5.5,Music-heavy,Debit,2,Playback,Android,0
SW-5968,35-49,Premium,30,12.99,8.6,Music-heavy,PayPal,0,No ticket,Android,0
SW-5969,50 plus,Basic,12,7.99,11.8,Music-heavy,Credit card,1,Playback,Android,0
SW-5970,25-34,Basic,10,7.99,4.1,Low-usage,Credit card,1,Playback,Web,0
SW-5971,25-34,Basic,18,7.99,4.8,Balanced,PayPal,0,No ticket,iOS,0
SW-5972,50 plus,Premium,7,12.99,9.9,Low-usage,PayPal,0,No ticket,iOS,1
SW-5973,25-34,Basic,13,7.99,7.5,Podcast-heavy,Debit,0,No ticket,iOS,0
SW-5974,35-49,Basic,5,7.99,9.0,Podcast-heavy,Credit card,1,Billing,Android,0
SW-5975,25-34,Premium,13,12.99,1.0,Balanced,Credit card,0,No ticket,Android,0
SW-5976,25-34,Free,11,0.0,6.3,Music-heavy,Credit card,0,No ticket,Web,0
SW-5977,Under 25,Free,7,0.0,15.8,Podcast-heavy,Debit,2,Billing,Android,0
SW-5978,Under 25,Premium,13,12.99,4.9,Podcast-heavy,Credit card,1,Account,Web,0
SW-5979,Under 25,Basic,13,7.99,11.8,Music-heavy,PayPal,0,No ticket,Web,0
SW-5980,Under 25,Family,27,18.99,3.0,Music-heavy,Debit,0,No ticket,iOS,0
SW-5981,50 plus,Premium,4,12.99,2.3,Music-heavy,Credit card,1,Playback,Android,0
SW-5982,25-34,Free,11,0.0,11.2,Music-heavy,Credit card,1,Billing,Android,0
SW-5983,35-49,Premium,7,12.99,7.7,Low-usage,PayPal,1,Content,Partner promo,0
SW-5984,35-49,Free,22,0.0,6.1,Balanced,Credit card,0,No ticket,Android,1
SW-5985,25-34,Premium,20,12.99,15.7,Music-heavy,Debit,0,No ticket,Web,0
SW-5986,Under 25,Family,17,18.99,6.2,Music-heavy,Debit,1,Content,Partner promo,0
SW-5987,35-49,Premium,7,12.99,4.8,Music-heavy,Credit card,0,No ticket,Partner promo,0
SW-5988,35-49,Premium,22,12.99,4.4,Low-usage,Credit card,0,No ticket,Partner promo,1
SW-5989,35-49,Basic,4,7.99,3.7,Balanced,Credit card,0,No ticket,Web,0
SW-5990,35-49,Basic,4,7.99,11.6,Balanced,Credit card,0,No ticket,iOS,0
SW-5991,50 plus,Family,5,18.99,6.2,Balanced,Debit,1,Billing,Web,0
SW-5992,35-49,Basic,12,7.99,20.0,Music-heavy,Debit,0,No ticket,Android,0
SW-5993,25-34,Basic,19,7.99,0.8,Music-heavy,Gift card,0,No ticket,Web,0
SW-5994,35-49,Basic,1,7.99,16.7,Music-heavy,PayPal,0,No ticket,iOS,0
SW-5995,Under 25,Premium,30,12.99,10.7,Low-usage,Credit card,1,Playback,Web,0
SW-5996,50 plus,Basic,13,7.99,7.4,Balanced,Credit card,2,Playback,Web,0
SW-5997,Under 25,Family,4,18.99,2.8,Music-heavy,Debit,2,Billing,Web,1
SW-5998,25-34,Free,13,0.0,2.1,Music-heavy,Credit card,0,No ticket,Web,1
SW-5999,35-49,Basic,26,7.99,14.6,Podcast-heavy,Gift card,0,No ticket,Android,0
SW-6000,35-49,Premium,18,12.99,9.7,Music-heavy,Credit card,0,No ticket,iOS,0
SW-6001,25-34,Basic,26,7.99,9.6,Balanced,PayPal,1,Playback,Android,0
SW-6002,25-34,Premium,5,12.99,7.4,Podcast-heavy,Gift card,1,Playback,Android,0
SW-6003,50 plus,Basic,9,7.99,15.8,Balanced,Debit,1,Billing,Web,0
SW-6004,25-34,Free,6,0.0,5.0,Podcast-heavy,Credit card,1,Billing,iOS,0
SW-6005,50 plus,Free,40,0.0,6.1,Music-heavy,Debit,2,Playback,iOS,0
SW-6006,Under 25,Family,19,18.99,6.9,Podcast-heavy,Debit,0,No ticket,Partner promo,0
SW-6007,35-49,Premium,60,12.99,6.7,Balanced,PayPal,0,No ticket,iOS,0
SW-6008,50 plus,Premium,9,12.99,23.3,Music-heavy,Credit card,1,Billing,iOS,0
SW-6009,Under 25,Basic,7,7.99,2.9,Podcast-heavy,Credit card,0,No ticket,Android,0
SW-6010,25-34,Premium,11,12.99,1.7,Balanced,PayPal,1,Account,Android,0
SW-6011,Under 25,Premium,31,12.99,2.5,Music-heavy,Gift card,0,No ticket,Partner promo,0
SW-6012,35-49,Family,9,18.99,13.8,Podcast-heavy,Credit card,2,Playback,iOS,0
SW-6013,25-34,Premium,13,12.99,7.4,Music-heavy,PayPal,1,Playback,Web,0
SW-6014,35-49,Premium,13,12.99,2.2,Balanced,Credit card,0,No ticket,Android,0
SW-6015,Under 25,Free,12,0.0,8.7,Music-heavy,PayPal,0,No ticket,Web,0
SW-6016,Under 25,Premium,8,12.99,6.2,Balanced,Credit card,2,Playback,iOS,0
SW-6017,Under 25,Basic,11,7.99,12.5,Music-heavy,Gift card,1,Playback,Android,0
SW-6018,25-34,Family,11,18.99,15.1,Music-heavy,Debit,1,Billing,Android,0
SW-6019,25-34,Basic,12,7.99,40.0,Balanced,Credit card,1,Billing,Android,0
SW-6020,50 plus,Basic,23,7.99,3.1,Balanced,Credit card,1,Playback,Web,0
SW-6021,35-49,Basic,41,7.99,1.8,Low-usage,Credit card,0,No ticket,Partner promo,0
SW-6022,25-34,Basic,7,7.99,12.8,Podcast-heavy,Debit,3,Billing,Web,1
SW-6023,50 plus,Free,9,0.0,17.6,Podcast-heavy,PayPal,0,No ticket,Web,0
SW-6024,35-49,Family,7,18.99,2.9,Balanced,PayPal,1,Account,Android,0
SW-6025,50 plus,Premium,14,12.99,2.9,Music-heavy,PayPal,1,Content,Partner promo,0
SW-6026,25-34,Family,8,18.99,10.5,Music-heavy,PayPal,1,Account,iOS,0
SW-6027,25-34,Premium,14,12.99,31.5,Music-heavy,Gift card,1,Account,Android,0
SW-6028,Under 25,Basic,26,7.99,4.0,Music-heavy,PayPal,1,Account,iOS,0
SW-6029,35-49,Premium,2,12.99,8.6,Music-heavy,Credit card,1,Playback,Web,0
SW-6030,Under 25,Premium,17,12.99,1.8,Low-usage,PayPal,2,Billing,Partner promo,1
SW-6031,25-34,Family,9,18.99,6.8,Balanced,Credit card,0,No ticket,iOS,0
SW-6032,25-34,Basic,17,7.99,7.3,Low-usage,Gift card,2,Billing,Partner promo,0
SW-6033,35-49,Basic,6,7.99,25.9,Low-usage,Credit card,1,Account,Web,0
SW-6034,35-49,Basic,28,7.99,4.5,Podcast-heavy,Credit card,0,No ticket,iOS,0
SW-6035,Under 25,Basic,23,7.99,13.9,Music-heavy,Credit card,0,No ticket,iOS,0
SW-6036,25-34,Basic,18,7.99,4.3,Podcast-heavy,Debit,1,Playback,iOS,0
SW-6037,35-49,Basic,21,7.99,8.6,Low-usage,Credit card,0,No ticket,iOS,0
SW-6038,50 plus,Premium,7,12.99,40.0,Podcast-heavy,Gift card,0,No ticket,iOS,0
SW-6039,35-49,Premium,8,12.99,33.6,Low-usage,Credit card,0,No ticket,Partner promo,0
SW-6040,50 plus,Basic,20,7.99,38.4,Music-heavy,Credit card,1,Billing,Android,0
SW-6041,35-49,Basic,7,7.99,11.0,Podcast-heavy,Credit card,1,Playback,iOS,0
SW-6042,35-49,Family,33,18.99,6.8,Podcast-heavy,Credit card,0,No ticket,iOS,0
SW-6043,Under 25,Free,10,0.0,10.0,Music-heavy,Credit card,0,No ticket,iOS,0
SW-6044,35-49,Family,17,18.99,11.6,Low-usage,Credit card,1,Content,iOS,0
SW-6045,35-49,Basic,52,7.99,10.9,Music-heavy,Credit card,1,Account,Android,0
SW-6046,35-49,Premium,7,12.99,4.5,Low-usage,Credit card,0,No ticket,Android,0
SW-6047,25-34,Premium,13,12.99,4.4,Music-heavy,Credit card,0,No ticket,Web,0
SW-6048,25-34,Premium,25,12.99,5.0,Low-usage,PayPal,0,No ticket,iOS,0
SW-6049,25-34,Family,23,18.99,18.8,Podcast-heavy,Credit card,1,Playback,Web,0
SW-6050,25-34,Free,10,0.0,20.5,Balanced,Credit card,0,No ticket,Android,0
SW-6051,Under 25,Basic,8,7.99,40.0,Music-heavy,Credit card,2,Billing,iOS,1
SW-6052,35-49,Premium,10,12.99,11.2,Low-usage,Debit,0,No ticket,Partner promo,1
SW-6053,Under 25,Premium,33,12.99,4.3,Low-usage,Credit card,0,No ticket,Android,0
SW-6054,Under 25,Basic,10,7.99,5.5,Music-heavy,Debit,0,No ticket,Web,0
SW-6055,25-34,Premium,13,12.99,7.1,Music-heavy,Gift card,0,No ticket,Partner promo,0
SW-6056,35-49,Premium,9,12.99,26.7,Low-usage,Credit card,0,No ticket,Partner promo,0
SW-6057,25-34,Basic,20,7.99,14.4,Music-heavy,Credit card,2,Content,Partner promo,0
SW-6058,25-34,Premium,13,12.99,2.7,Music-heavy,Credit card,0,No ticket,iOS,0
SW-6059,25-34,Free,6,0.0,7.6,Balanced,Credit card,0,No ticket,Web,0
SW-6060,25-34,Premium,6,12.99,2.5,Music-heavy,Credit card,0,No ticket,Web,0
SW-6061,50 plus,Free,3,0.0,12.9,Balanced,Credit card,2,Billing,Web,1
SW-6062,50 plus,Basic,7,7.99,4.5,Balanced,PayPal,0,No ticket,Web,0
SW-6063,25-34,Premium,21,12.99,4.9,Balanced,Credit card,0,No ticket,Web,0
SW-6064,25-34,Premium,30,12.99,1.8,Music-heavy,Credit card,1,Billing,iOS,0
SW-6065,35-49,Basic,19,7.99,14.7,Podcast-heavy,PayPal,0,No ticket,Web,0
SW-6066,Under 25,Basic,18,7.99,21.0,Podcast-heavy,Credit card,0,No ticket,iOS,0
SW-6067,25-34,Basic,11,7.99,4.6,Music-heavy,Credit card,0,No ticket,iOS,0
SW-6068,25-34,Basic,21,7.99,7.0,Music-heavy,Debit,1,Account,Android,0
SW-6069,50 plus,Family,15,18.99,5.5,Low-usage,Credit card,0,No ticket,Web,0
SW-6070,Under 25,Family,42,18.99,6.7,Balanced,PayPal,0,No ticket,Partner promo,1
SW-6071,25-34,Free,11,0.0,4.2,Music-heavy,Credit card,0,No ticket,iOS,0
SW-6072,35-49,Free,31,0.0,3.3,Podcast-heavy,Credit card,1,Content,Android,0
SW-6073,25-34,Family,22,18.99,23.9,Music-heavy,Debit,1,Billing,Web,0
SW-6074,Under 25,Premium,20,12.99,1.0,Low-usage,Credit card,0,No ticket,iOS,0
SW-6075,50 plus,Premium,3,12.99,12.0,Low-usage,Credit card,1,Billing,iOS,0
SW-6076,25-34,Premium,23,12.99,10.0,Music-heavy,Credit card,0,No ticket,Partner promo,0
SW-6077,35-49,Premium,11,12.99,30.0,Low-usage,PayPal,0,No ticket,Partner promo,1
SW-6078,25-34,Premium,9,12.99,6.6,Podcast-heavy,Debit,0,No ticket,Android,0
SW-6079,25-34,Family,4,18.99,5.9,Podcast-heavy,Credit card,0,No ticket,Android,0
SW-6080,25-34,Premium,12,12.99,4.2,Music-heavy,Debit,0,No ticket,Android,0
SW-6081,Under 25,Basic,12,7.99,10.6,Balanced,Debit,1,Billing,Web,0
SW-6082,Under 25,Free,5,0.0,4.5,Music-heavy,Gift card,1,Account,Android,0
SW-6083,35-49,Basic,4,7.99,3.2,Balanced,Credit card,0,No ticket,Web,0
SW-6084,25-34,Premium,17,12.99,4.4,Podcast-heavy,PayPal,0,No ticket,Android,0
SW-6085,Under 25,Basic,22,7.99,3.8,Balanced,Credit card,0,No ticket,Web,0
SW-6086,25-34,Free,14,0.0,3.6,Balanced,PayPal,0,No ticket,iOS,0
SW-6087,35-49,Family,27,18.99,8.6,Podcast-heavy,Credit card,1,Playback,iOS,0
SW-6088,Under 25,Premium,11,12.99,6.8,Low-usage,Credit card,0,No ticket,Partner promo,1
SW-6089,35-49,Free,12,0.0,12.4,Podcast-heavy,PayPal,1,Playback,Android,0
SW-6090,Under 25,Basic,6,7.99,9.0,Music-heavy,PayPal,0,No ticket,iOS,1
SW-6091,Under 25,Basic,4,7.99,3.1,Music-heavy,Credit card,0,No ticket,Partner promo,0
SW-6092,Under 25,Basic,44,7.99,1.5,Music-heavy,Debit,0,No ticket,iOS,0
SW-6093,35-49,Family,26,18.99,3.4,Music-heavy,Credit card,0,No ticket,Android,0
SW-6094,Under 25,Family,5,18.99,14.7,Balanced,Credit card,0,No ticket,Android,0
SW-6095,Under 25,Basic,13,7.99,14.5,Music-heavy,Credit card,1,Billing,Web,0
SW-6096,25-34,Basic,11,7.99,17.6,Music-heavy,Credit card,1,Playback,Android,0
SW-6097,50 plus,Premium,10,12.99,15.6,Balanced,Debit,0,No ticket,iOS,0
SW-6098,25-34,Premium,9,12.99,19.1,Low-usage,Credit card,0,No ticket,Partner promo,1
SW-6099,25-34,Free,16,0.0,11.1,Podcast-heavy,Credit card,0,No ticket,Web,0
SW-6100,Under 25,Family,21,18.99,33.8,Music-heavy,PayPal,1,Billing,Android,0
SW-6101,25-34,Basic,16,7.99,10.1,Music-heavy,Credit card,0,No ticket,Web,0
SW-6102,35-49,Basic,11,7.99,39.6,Podcast-heavy,Debit,0,No ticket,Web,0
SW-6103,35-49,Premium,11,12.99,4.8,Low-usage,PayPal,1,Playback,iOS,0
SW-6104,25-34,Premium,23,12.99,4.7,Music-heavy,Credit card,1,Playback,iOS,0
SW-6105,25-34,Free,17,0.0,6.9,Podcast-heavy,Credit card,0,No ticket,Android,0
SW-6106,Under 25,Free,13,0.0,7.8,Low-usage,Debit,0,No ticket,Web,0
SW-6107,25-34,Basic,12,7.99,6.2,Balanced,Credit card,2,Account,Web,0
SW-6108,Under 25,Premium,15,12.99,12.3,Podcast-heavy,Credit card,1,Content,iOS,0
SW-6109,35-49,Basic,9,7.99,7.4,Balanced,Debit,0,No ticket,iOS,0
SW-6110,50 plus,Basic,21,7.99,4.9,Balanced,PayPal,0,No ticket,Android,0
SW-6111,50 plus,Premium,6,12.99,5.8,Podcast-heavy,Credit card,1,Billing,Android,0
SW-6112,50 plus,Family,9,18.99,21.2,Balanced,PayPal,1,Billing,Partner promo,0
SW-6113,35-49,Basic,18,7.99,10.3,Podcast-heavy,Credit card,3,Billing,Web,0
SW-6114,35-49,Free,5,0.0,2.1,Balanced,Credit card,1,Content,Android,0
SW-6115,25-34,Premium,4,12.99,26.8,Low-usage,Credit card,0,No ticket,Android,0
SW-6116,35-49,Premium,13,12.99,11.3,Podcast-heavy,Credit card,0,No ticket,Android,1
SW-6117,25-34,Free,4,0.0,13.3,Balanced,PayPal,2,Content,Partner promo,0
SW-6118,25-34,Basic,5,7.99,16.8,Balanced,Credit card,0,No ticket,iOS,0
SW-6119,35-49,Free,20,0.0,17.5,Balanced,Credit card,0,No ticket,iOS,0
SW-6120,25-34,Free,10,0.0,3.8,Balanced,Credit card,0,No ticket,Android,0
SW-6121,25-34,Premium,30,12.99,3.4,Music-heavy,Credit card,1,Account,Web,0
SW-6122,50 plus,Basic,5,7.99,40.0,Balanced,PayPal,0,No ticket,Web,1
SW-6123,Under 25,Premium,11,12.99,4.6,Balanced,PayPal,0,No ticket,iOS,0
SW-6124,25-34,Premium,16,12.99,10.8,Balanced,PayPal,2,Billing,Web,0
SW-6125,50 plus,Basic,5,7.99,29.5,Balanced,Debit,2,Billing,iOS,1
SW-6126,35-49,Basic,25,7.99,5.6,Music-heavy,Credit card,0,No ticket,Partner promo,0
SW-6127,25-34,Premium,17,12.99,6.0,Podcast-heavy,Credit card,0,No ticket,iOS,0
SW-6128,25-34,Free,4,0.0,16.8,Balanced,Debit,0,No ticket,Android,0
SW-6129,25-34,Family,12,18.99,9.5,Low-usage,Credit card,0,No ticket,Web,0
SW-6130,50 plus,Family,16,18.99,11.9,Music-heavy,Gift card,2,Playback,iOS,0
SW-6131,25-34,Basic,8,7.99,7.5,Podcast-heavy,Gift card,0,No ticket,Web,0
SW-6132,25-34,Free,4,0.0,5.3,Balanced,PayPal,0,No ticket,iOS,0
SW-6133,Under 25,Free,15,0.0,6.1,Balanced,Credit card,0,No ticket,Web,0
SW-6134,Under 25,Premium,56,12.99,20.8,Balanced,Credit card,0,No ticket,Android,0
SW-6135,50 plus,Premium,9,12.99,6.3,Music-heavy,PayPal,0,No ticket,Android,0
SW-6136,25-34,Premium,36,12.99,11.3,Balanced,Debit,0,No ticket,iOS,0
SW-6137,35-49,Premium,7,12.99,3.7,Balanced,Debit,0,No ticket,Web,0
SW-6138,Under 25,Basic,14,7.99,40.0,Balanced,Credit card,0,No ticket,Web,0
SW-6139,35-49,Premium,21,12.99,10.3,Balanced,PayPal,0,No ticket,iOS,0
SW-6140,50 plus,Premium,12,12.99,10.5,Podcast-heavy,Debit,1,Content,Android,0
SW-6141,35-49,Premium,10,12.99,16.8,Low-usage,Credit card,1,Content,Android,0
SW-6142,Under 25,Premium,20,12.99,5.4,Balanced,PayPal,0,No ticket,iOS,0
SW-6143,35-49,Premium,45,12.99,20.8,Podcast-heavy,Credit card,0,No ticket,Partner promo,0
SW-6144,35-49,Premium,15,12.99,2.4,Low-usage,Debit,0,No ticket,Web,0
SW-6145,25-34,Premium,8,12.99,4.9,Low-usage,Credit card,0,No ticket,iOS,0
SW-6146,50 plus,Premium,11,12.99,4.2,Balanced,Debit,0,No ticket,iOS,0
SW-6147,35-49,Premium,60,12.99,1.8,Podcast-heavy,Credit card,1,Billing,Web,0
SW-6148,50 plus,Premium,13,12.99,5.2,Podcast-heavy,Credit card,0,No ticket,Partner promo,0
SW-6149,35-49,Premium,8,12.99,7.7,Music-heavy,Debit,0,No ticket,iOS,0
SW-6150,Under 25,Premium,5,12.99,3.3,Music-heavy,Credit card,0,No ticket,Web,0
SW-6151,25-34,Basic,3,7.99,3.0,Podcast-heavy,PayPal,0,No ticket,Web,0
SW-6152,Under 25,Basic,15,7.99,8.3,Podcast-heavy,Credit card,0,No ticket,iOS,0
SW-6153,50 plus,Free,19,0.0,7.5,Music-heavy,PayPal,0,No ticket,iOS,0
SW-6154,35-49,Premium,9,12.99,6.5,Low-usage,Credit card,1,Account,Partner promo,1
SW-6155,35-49,Premium,12,12.99,2.9,Podcast-heavy,Debit,0,No ticket,Android,0
SW-6156,25-34,Family,5,18.99,5.8,Podcast-heavy,Credit card,0,No ticket,Android,0
SW-6157,Under 25,Basic,13,7.99,4.7,Podcast-heavy,Credit card,1,Billing,Web,0
SW-6158,35-49,Basic,17,7.99,8.6,Music-heavy,PayPal,1,Billing,Web,0
SW-6159,25-34,Basic,8,7.99,5.1,Low-usage,Credit card,1,Billing,Android,0
SW-6160,25-34,Free,39,0.0,7.8,Music-heavy,Gift card,1,Billing,Android,0
SW-6161,35-49,Premium,7,12.99,2.8,Balanced,Credit card,0,No ticket,Android,0
SW-6162,Under 25,Basic,15,7.99,2.6,Balanced,PayPal,3,Account,iOS,0
SW-6163,25-34,Premium,22,12.99,12.5,Podcast-heavy,Credit card,1,Billing,iOS,0
SW-6164,25-34,Premium,11,12.99,14.8,Podcast-heavy,Debit,0,No ticket,iOS,0
SW-6165,Under 25,Premium,11,12.99,5.8,Music-heavy,Credit card,1,Playback,Web,1
SW-6166,50 plus,Family,4,18.99,8.2,Music-heavy,Credit card,0,No ticket,Android,0
SW-6167,Under 25,Basic,31,7.99,5.6,Podcast-heavy,Credit card,0,No ticket,iOS,0
SW-6168,Under 25,Basic,11,7.99,19.2,Balanced,Credit card,0,No ticket,iOS,0
SW-6169,Under 25,Family,17,18.99,6.8,Podcast-heavy,Debit,0,No ticket,iOS,0
SW-6170,35-49,Family,19,18.99,5.4,Music-heavy,Debit,1,Billing,Web,1
SW-6171,25-34,Basic,8,7.99,17.3,Music-heavy,PayPal,1,Billing,iOS,0
SW-6172,35-49,Free,10,0.0,4.3,Balanced,Credit card,0,No ticket,Android,0
SW-6173,Under 25,Free,31,0.0,9.1,Podcast-heavy,Credit card,1,Account,Web,0
SW-6174,Under 25,Basic,5,7.99,3.5,Music-heavy,Credit card,0,No ticket,Android,0
SW-6175,25-34,Family,53,18.99,13.6,Balanced,PayPal,1,Account,iOS,0
SW-6176,35-49,Premium,7,12.99,15.4,Music-heavy,Credit card,2,Billing,Android,0
SW-6177,50 plus,Basic,5,7.99,2.9,Podcast-heavy,Debit,1,Playback,Android,0
SW-6178,Under 25,Family,13,18.99,2.5,Music-heavy,Credit card,1,Account,iOS,0
SW-6179,25-34,Basic,56,7.99,10.1,Low-usage,Credit card,1,Content,Web,0
SW-6180,50 plus,Basic,3,7.99,37.8,Music-heavy,Debit,1,Content,Android,0
SW-6181,25-34,Family,11,18.99,16.2,Podcast-heavy,Credit card,1,Playback,iOS,0
SW-6182,35-49,Premium,17,12.99,6.8,Low-usage,Credit card,1,Playback,Android,0
SW-6183,Under 25,Premium,12,12.99,4.0,Music-heavy,Debit,0,No ticket,Web,0
SW-6184,50 plus,Premium,16,12.99,3.0,Balanced,Credit card,0,No ticket,Android,0
SW-6185,35-49,Premium,7,12.99,14.2,Music-heavy,Credit card,0,No ticket,iOS,0
SW-6186,50 plus,Basic,8,7.99,16.7,Music-heavy,Debit,0,No ticket,iOS,0
SW-6187,35-49,Premium,11,12.99,4.8,Balanced,Credit card,0,No ticket,Partner promo,0
SW-6188,25-34,Family,5,18.99,6.6,Low-usage,Credit card,0,No ticket,iOS,0
SW-6189,50 plus,Basic,12,7.99,8.3,Podcast-heavy,Debit,1,Playback,Android,0
SW-6190,25-34,Premium,9,12.99,34.1,Balanced,Debit,1,Playback,Android,0
SW-6191,25-34,Premium,9,12.99,8.4,Balanced,Credit card,1,Playback,Web,0
SW-6192,35-49,Free,15,0.0,3.6,Podcast-heavy,Debit,1,Account,Android,0
SW-6193,35-49,Premium,3,12.99,3.2,Balanced,Credit card,1,Billing,iOS,1
SW-6194,50 plus,Basic,10,7.99,3.9,Music-heavy,Credit card,1,Billing,Android,0
SW-6195,Under 25,Premium,60,12.99,22.0,Music-heavy,Debit,1,Billing,Android,0
SW-6196,35-49,Free,6,0.0,12.1,Podcast-heavy,Debit,0,No ticket,iOS,0
SW-6197,35-49,Family,30,18.99,6.1,Balanced,PayPal,0,No ticket,iOS,0
SW-6198,Under 25,Basic,12,7.99,0.8,Music-heavy,Debit,1,Playback,Android,1
SW-6199,25-34,Basic,8,7.99,4.0,Balanced,Credit card,0,No ticket,iOS,0
SW-6200,25-34,Free,5,0.0,10.5,Music-heavy,Credit card,0,No ticket,Android,0
SW-6201,25-34,Family,13,18.99,10.6,Music-heavy,PayPal,0,No ticket,Web,0
SW-6202,50 plus,Premium,33,12.99,10.5,Balanced,PayPal,0,No ticket,Android,0
SW-6203,35-49,Premium,9,12.99,2.7,Balanced,Credit card,1,Content,iOS,0
SW-6204,35-49,Premium,11,12.99,9.2,Podcast-heavy,Credit card,0,No ticket,Android,0
SW-6205,50 plus,Premium,24,12.99,3.7,Music-heavy,Debit,0,No ticket,Web,0
SW-6206,25-34,Free,15,0.0,8.0,Low-usage,Debit,2,Billing,iOS,0
SW-6207,35-49,Premium,4,12.99,4.3,Music-heavy,Credit card,2,Content,Android,0
SW-6208,25-34,Basic,13,7.99,18.8,Balanced,Debit,1,Playback,Web,0
SW-6209,50 plus,Family,35,18.99,10.5,Balanced,Credit card,0,No ticket,Partner promo,0
SW-6210,Under 25,Premium,12,12.99,7.1,Balanced,Credit card,0,No ticket,Android,0
SW-6211,50 plus,Basic,2,7.99,24.1,Low-usage,Credit card,0,No ticket,Android,0
SW-6212,Under 25,Basic,16,7.99,5.9,Balanced,Credit card,0,No ticket,iOS,0
SW-6213,25-34,Premium,10,12.99,2.6,Music-heavy,PayPal,1,Playback,Web,0
SW-6214,35-49,Free,3,0.0,18.6,Music-heavy,Credit card,2,Billing,iOS,1
SW-6215,25-34,Basic,4,7.99,9.8,Podcast-heavy,Credit card,0,No ticket,iOS,0
SW-6216,35-49,Basic,24,7.99,6.2,Music-heavy,PayPal,1,Account,iOS,0
SW-6217,25-34,Premium,7,12.99,4.8,Low-usage,Credit card,1,Playback,Partner promo,1
SW-6218,35-49,Premium,6,12.99,12.0,Music-heavy,PayPal,0,No ticket,Android,0
SW-6219,25-34,Basic,12,7.99,15.3,Balanced,PayPal,2,Content,Web,0
SW-6220,Under 25,Free,8,0.0,4.3,Balanced,Credit card,1,Account,Android,0
SW-6221,25-34,Basic,13,7.99,12.6,Balanced,Credit card,1,Billing,iOS,0
SW-6222,25-34,Premium,10,12.99,9.8,Podcast-heavy,PayPal,1,Playback,iOS,0
SW-6223,Under 25,Basic,5,7.99,4.1,Balanced,Debit,4,Playback,Web,0
SW-6224,25-34,Basic,8,7.99,8.0,Music-heavy,Credit card,2,Billing,iOS,0
SW-6225,25-34,Family,16,18.99,5.2,Balanced,PayPal,1,Account,Android,0
SW-6226,Under 25,Family,12,18.99,21.6,Music-heavy,Credit card,1,Billing,Android,0
SW-6227,35-49,Family,11,18.99,4.8,Low-usage,Credit card,2,Billing,iOS,0
SW-6228,50 plus,Premium,47,12.99,26.8,Music-heavy,Debit,1,Billing,Android,0
SW-6229,Under 25,Basic,20,7.99,8.9,Music-heavy,Debit,0,No ticket,Web,0
SW-6230,35-49,Basic,22,7.99,2.0,Podcast-heavy,Credit card,3,Billing,Android,1
SW-6231,35-49,Basic,11,7.99,1.4,Balanced,Credit card,0,No ticket,Android,0
SW-6232,25-34,Basic,14,7.99,6.8,Balanced,Debit,0,No ticket,Android,0
SW-6233,35-49,Family,9,18.99,23.3,Music-heavy,Debit,0,No ticket,iOS,0
SW-6234,25-34,Premium,21,12.99,21.4,Music-heavy,PayPal,0,No ticket,Web,0
SW-6235,25-34,Premium,11,12.99,9.1,Music-heavy,Credit card,0,No ticket,iOS,0
SW-6236,Under 25,Basic,14,7.99,4.4,Podcast-heavy,Debit,1,Playback,iOS,0
SW-6237,35-49,Family,13,18.99,5.7,Podcast-heavy,Credit card,1,Content,iOS,0
SW-6238,35-49,Premium,12,12.99,9.4,Podcast-heavy,PayPal,1,Billing,Web,0
SW-6239,Under 25,Basic,60,7.99,19.1,Balanced,Credit card,1,Billing,Android,0
SW-6240,25-34,Family,8,18.99,12.6,Podcast-heavy,Debit,1,Account,Web,0
SW-6241,50 plus,Basic,7,7.99,17.4,Low-usage,PayPal,1,Playback,Partner promo,0
SW-6242,25-34,Free,20,0.0,13.4,Music-heavy,PayPal,3,Billing,Web,1
SW-6243,25-34,Premium,8,12.99,17.0,Balanced,Debit,1,Playback,Partner promo,0
SW-6244,50 plus,Premium,10,12.99,1.3,Balanced,Debit,0,No ticket,Partner promo,0
SW-6245,35-49,Free,6,0.0,3.9,Music-heavy,PayPal,1,Playback,iOS,1
SW-6246,35-49,Basic,17,7.99,3.3,Podcast-heavy,PayPal,0,No ticket,Partner promo,0
SW-6247,35-49,Family,17,18.99,3.1,Music-heavy,Debit,0,No ticket,Android,0
SW-6248,50 plus,Premium,10,12.99,8.0,Music-heavy,Debit,2,Billing,Web,0
SW-6249,25-34,Premium,20,12.99,2.5,Podcast-heavy,Credit card,1,Playback,Partner promo,0
SW-6250,25-34,Basic,3,7.99,3.8,Podcast-heavy,Credit card,0,No ticket,Web,0
SW-6251,25-34,Free,7,0.0,7.4,Music-heavy,Credit card,0,No ticket,Web,0
SW-6252,50 plus,Basic,11,7.99,2.2,Podcast-heavy,Credit card,0,No ticket,Android,0
SW-6253,35-49,Premium,5,12.99,5.4,Low-usage,Debit,0,No ticket,Partner promo,1
SW-6254,Under 25,Basic,4,7.99,13.3,Music-heavy,Credit card,0,No ticket,Web,0
SW-6255,50 plus,Basic,10,7.99,3.0,Music-heavy,Credit card,0,No ticket,Partner promo,0
SW-6256,25-34,Premium,20,12.99,15.1,Balanced,Credit card,1,Billing,Partner promo,0
SW-6257,Under 25,Basic,29,7.99,4.2,Balanced,Credit card,0,No ticket,Android,0
SW-6258,25-34,Premium,8,12.99,9.9,Low-usage,Credit card,0,No ticket,iOS,0
SW-6259,25-34,Basic,20,7.99,3.3,Music-heavy,PayPal,0,No ticket,Partner promo,1
SW-6260,50 plus,Basic,19,7.99,11.5,Music-heavy,Debit,1,Account,Web,1
SW-6261,Under 25,Free,28,0.0,6.3,Music-heavy,Credit card,0,No ticket,Partner promo,0
SW-6262,35-49,Premium,9,12.99,11.6,Podcast-heavy,Credit card,1,Playback,iOS,0
SW-6263,25-34,Free,3,0.0,5.2,Balanced,Debit,1,Account,Android,0
SW-6264,Under 25,Family,13,18.99,12.5,Podcast-heavy,Debit,0,No ticket,Android,0
SW-6265,50 plus,Premium,6,12.99,15.8,Balanced,Credit card,0,No ticket,Partner promo,0
SW-6266,25-34,Premium,7,12.99,8.8,Balanced,Credit card,0,No ticket,Android,0
SW-6267,25-34,Free,10,0.0,5.5,Low-usage,Credit card,0,No ticket,Partner promo,0
SW-6268,25-34,Premium,9,12.99,6.6,Music-heavy,Credit card,0,No ticket,Android,0
SW-6269,50 plus,Premium,13,12.99,2.9,Music-heavy,Credit card,0,No ticket,Android,0
SW-6270,25-34,Basic,20,7.99,9.4,Music-heavy,PayPal,1,Playback,Android,0
SW-6271,Under 25,Premium,9,12.99,13.2,Music-heavy,PayPal,0,No ticket,Web,0
SW-6272,Under 25,Premium,16,12.99,28.0,Low-usage,Credit card,1,Playback,Android,0
SW-6273,25-34,Premium,12,12.99,22.8,Music-heavy,PayPal,0,No ticket,Web,0
SW-6274,35-49,Premium,23,12.99,3.7,Podcast-heavy,Gift card,1,Content,Android,0
SW-6275,25-34,Family,11,18.99,9.5,Music-heavy,Debit,1,Playback,Web,0
SW-6276,25-34,Family,11,18.99,7.2,Music-heavy,Debit,0,No ticket,Partner promo,0
SW-6277,Under 25,Basic,9,7.99,21.2,Music-heavy,PayPal,0,No ticket,iOS,0
SW-6278,25-34,Premium,11,12.99,4.5,Music-heavy,Credit card,1,Playback,Web,0
SW-6279,50 plus,Premium,7,12.99,16.1,Balanced,Credit card,0,No ticket,Partner promo,0
SW-6280,25-34,Premium,6,12.99,3.6,Low-usage,Gift card,1,Playback,Web,0
SW-6281,50 plus,Family,21,18.99,7.3,Podcast-heavy,Credit card,1,Playback,iOS,0
SW-6282,25-34,Free,6,0.0,3.9,Podcast-heavy,PayPal,0,No ticket,Android,0
SW-6283,Under 25,Basic,10,7.99,1.7,Music-heavy,PayPal,1,Account,iOS,0
SW-6284,50 plus,Basic,24,7.99,3.9,Balanced,Credit card,1,Playback,iOS,0
SW-6285,25-34,Basic,9,7.99,6.5,Music-heavy,Credit card,0,No ticket,Android,0
SW-6286,35-49,Basic,21,7.99,25.0,Low-usage,Credit card,0,No ticket,Partner promo,0
SW-6287,50 plus,Premium,8,12.99,3.4,Podcast-heavy,Credit card,1,Account,Web,1
SW-6288,Under 25,Free,6,0.0,4.9,Music-heavy,Credit card,0,No ticket,Web,0
SW-6289,Under 25,Premium,4,12.99,2.5,Podcast-heavy,Credit card,0,No ticket,iOS,0
SW-6290,35-49,Premium,30,12.99,20.2,Low-usage,Credit card,0,No ticket,iOS,1
SW-6291,25-34,Basic,5,7.99,5.5,Music-heavy,Credit card,1,Account,iOS,0
SW-6292,Under 25,Basic,20,7.99,6.1,Music-heavy,Credit card,0,No ticket,Web,0
SW-6293,Under 25,Premium,6,12.99,6.1,Music-heavy,Debit,0,No ticket,iOS,0
SW-6294,Under 25,Premium,30,12.99,1.7,Podcast-heavy,PayPal,3,Content,Partner promo,0
SW-6295,35-49,Family,56,18.99,2.5,Music-heavy,Debit,0,No ticket,Web,0
SW-6296,Under 25,Family,4,18.99,3.7,Balanced,Credit card,0,No ticket,Web,1
SW-6297,25-34,Family,6,18.99,13.1,Low-usage,Gift card,1,Account,Android,0
SW-6298,35-49,Premium,21,12.99,1.1,Low-usage,Credit card,1,Playback,Web,0
SW-6299,25-34,Family,17,18.99,12.3,Music-heavy,Credit card,0,No ticket,Android,0
SW-6300,Under 25,Premium,21,12.99,10.5,Podcast-heavy,Credit card,0,No ticket,iOS,0
SW-6301,35-49,Family,8,18.99,1.9,Music-heavy,Credit card,0,No ticket,iOS,0
SW-6302,Under 25,Free,48,0.0,6.2,Podcast-heavy,Credit card,1,Account,iOS,0
SW-6303,35-49,Family,13,18.99,20.3,Balanced,Credit card,0,No ticket,iOS,0
SW-6304,50 plus,Premium,5,12.99,3.4,Podcast-heavy,Credit card,0,No ticket,Android,0
SW-6305,25-34,Premium,10,12.99,5.1,Balanced,Credit card,0,No ticket,Partner promo,0
SW-6306,25-34,Free,5,0.0,40.0,Balanced,Credit card,0,No ticket,iOS,0
SW-6307,25-34,Basic,37,7.99,10.4,Music-heavy,Debit,0,No ticket,Android,0
SW-6308,25-34,Basic,8,7.99,6.5,Balanced,Credit card,0,No ticket,Web,1
SW-6309,50 plus,Premium,17,12.99,5.5,Low-usage,Credit card,0,No ticket,Partner promo,0
SW-6310,50 plus,Free,9,0.0,10.8,Podcast-heavy,PayPal,1,Billing,Android,0
SW-6311,25-34,Premium,8,12.99,13.8,Music-heavy,Credit card,1,Billing,Web,0
SW-6312,35-49,Free,3,0.0,1.4,Low-usage,Credit card,1,Content,Web,0
SW-6313,50 plus,Basic,18,7.99,1.3,Podcast-heavy,Credit card,0,No ticket,Web,0
SW-6314,50 plus,Basic,30,7.99,3.6,Balanced,PayPal,0,No ticket,Web,0
SW-6315,25-34,Premium,6,12.99,7.1,Balanced,Debit,0,No ticket,Android,0
SW-6316,25-34,Basic,4,7.99,8.5,Balanced,Credit card,0,No ticket,Partner promo,0
SW-6317,25-34,Premium,21,12.99,2.0,Low-usage,Credit card,0,No ticket,Partner promo,1
SW-6318,50 plus,Premium,4,12.99,6.8,Music-heavy,Credit card,1,Playback,iOS,0
SW-6319,Under 25,Premium,28,12.99,7.6,Balanced,Debit,1,Playback,iOS,0
SW-6320,35-49,Free,6,0.0,4.1,Podcast-heavy,PayPal,1,Billing,iOS,0
SW-6321,25-34,Basic,6,7.99,5.2,Podcast-heavy,Debit,0,No ticket,Android,0
SW-6322,25-34,Basic,14,7.99,4.5,Music-heavy,Credit card,1,Account,iOS,0
SW-6323,25-34,Family,6,18.99,11.6,Music-heavy,Credit card,1,Playback,Web,0
SW-6324,50 plus,Basic,7,7.99,8.0,Low-usage,Credit card,1,Billing,Android,0
SW-6325,Under 25,Premium,15,12.99,3.2,Music-heavy,Debit,0,No ticket,iOS,1
SW-6326,35-49,Basic,2,7.99,17.2,Podcast-heavy,Credit card,0,No ticket,Web,0
SW-6327,Under 25,Premium,38,12.99,2.7,Music-heavy,Credit card,0,No ticket,Web,0
SW-6328,Under 25,Free,12,0.0,2.0,Music-heavy,Debit,0,No ticket,Web,0
SW-6329,25-34,Free,5,0.0,6.6,Music-heavy,Credit card,2,Billing,iOS,0
SW-6330,25-34,Basic,6,7.99,6.5,Podcast-heavy,Debit,0,No ticket,iOS,0
SW-6331,25-34,Basic,24,7.99,8.5,Low-usage,Debit,0,No ticket,Web,0
SW-6332,25-34,Premium,18,12.99,3.1,Low-usage,Credit card,1,Content,Partner promo,1
SW-6333,Under 25,Premium,32,12.99,16.3,Music-heavy,PayPal,2,Billing,Web,1
SW-6334,25-34,Family,7,18.99,31.5,Podcast-heavy,Debit,3,Billing,Partner promo,0
SW-6335,50 plus,Basic,15,7.99,7.9,Music-heavy,Credit card,0,No ticket,iOS,0
SW-6336,50 plus,Premium,16,12.99,10.3,Low-usage,PayPal,0,No ticket,Web,0
SW-6337,25-34,Family,20,18.99,1.5,Music-heavy,Debit,0,No ticket,Android,0
SW-6338,35-49,Premium,26,12.99,5.6,Podcast-heavy,PayPal,0,No ticket,Web,0
SW-6339,50 plus,Basic,7,7.99,4.6,Podcast-heavy,Debit,2,Billing,iOS,1
SW-6340,Under 25,Premium,11,12.99,4.0,Balanced,Credit card,0,No ticket,Web,0
SW-6341,35-49,Premium,8,12.99,4.7,Low-usage,Credit card,0,No ticket,Partner promo,1
SW-6342,50 plus,Premium,12,12.99,5.1,Music-heavy,Debit,1,Account,Partner promo,0
SW-6343,Under 25,Basic,20,7.99,2.5,Music-heavy,Credit card,0,No ticket,Android,0
SW-6344,Under 25,Basic,4,7.99,5.4,Low-usage,PayPal,0,No ticket,Android,0
SW-6345,50 plus,Basic,26,7.99,3.5,Balanced,Credit card,1,Account,iOS,1
SW-6346,25-34,Free,5,0.0,15.0,Music-heavy,Debit,1,Billing,Partner promo,0
SW-6347,Under 25,Premium,10,12.99,10.4,Balanced,Credit card,1,Billing,iOS,1
SW-6348,25-34,Basic,29,7.99,10.4,Podcast-heavy,Credit card,2,Billing,Web,1
SW-6349,25-34,Premium,15,12.99,17.5,Podcast-heavy,Debit,0,No ticket,Web,0
SW-6350,35-49,Free,15,0.0,4.1,Music-heavy,Debit,0,No ticket,Web,0
SW-6351,35-49,Free,5,0.0,9.9,Balanced,Credit card,0,No ticket,iOS,0
SW-6352,50 plus,Premium,6,12.99,18.8,Music-heavy,Credit card,2,Playback,Web,0
SW-6353,25-34,Family,23,18.99,3.9,Balanced,PayPal,0,No ticket,Android,0
SW-6354,25-34,Free,8,0.0,1.6,Music-heavy,PayPal,1,Playback,iOS,0
SW-6355,25-34,Basic,8,7.99,4.6,Balanced,Credit card,1,Playback,Partner promo,0
SW-6356,25-34,Family,24,18.99,17.2,Music-heavy,Credit card,0,No ticket,iOS,0
SW-6357,Under 25,Free,6,0.0,3.7,Music-heavy,Credit card,0,No ticket,Android,0
SW-6358,50 plus,Family,14,18.99,5.5,Music-heavy,PayPal,0,No ticket,iOS,1
SW-6359,50 plus,Premium,12,12.99,4.3,Music-heavy,Credit card,0,No ticket,Partner promo,0
SW-6360,25-34,Basic,12,7.99,6.9,Podcast-heavy,Credit card,0,No ticket,Web,0
SW-6361,35-49,Basic,8,7.99,3.5,Music-heavy,Credit card,0,No ticket,Web,0
SW-6362,25-34,Basic,8,7.99,2.4,Low-usage,Debit,0,No ticket,Android,0
SW-6363,25-34,Basic,6,7.99,5.6,Podcast-heavy,PayPal,0,No ticket,Android,0
SW-6364,35-49,Family,17,18.99,6.4,Podcast-heavy,Credit card,1,Billing,iOS,0
SW-6365,25-34,Premium,8,12.99,19.5,Music-heavy,Credit card,1,Playback,iOS,0
SW-6366,50 plus,Premium,24,12.99,8.4,Podcast-heavy,Debit,0,No ticket,Web,0
SW-6367,35-49,Premium,10,12.99,3.1,Music-heavy,Credit card,2,Billing,Web,1
SW-6368,25-34,Basic,6,7.99,4.5,Balanced,Credit card,1,Playback,Partner promo,0
SW-6369,35-49,Premium,10,12.99,14.2,Music-heavy,PayPal,1,Playback,Web,0
SW-6370,Under 25,Basic,9,7.99,5.7,Balanced,PayPal,1,Billing,Android,0
SW-6371,25-34,Premium,24,12.99,3.3,Music-heavy,Gift card,2,Billing,Android,0
SW-6372,25-34,Basic,9,7.99,8.5,Low-usage,Credit card,0,No ticket,Web,0
SW-6373,25-34,Premium,10,12.99,4.3,Music-heavy,Credit card,0,No ticket,Web,0
SW-6374,35-49,Family,32,18.99,11.7,Music-heavy,PayPal,1,Content,iOS,0
SW-6375,25-34,Basic,17,7.99,10.7,Podcast-heavy,Credit card,0,No ticket,Android,0
SW-6376,35-49,Free,38,0.0,3.2,Low-usage,Credit card,0,No ticket,Web,0
SW-6377,35-49,Premium,29,12.99,33.4,Balanced,Credit card,0,No ticket,Web,0
SW-6378,25-34,Basic,6,7.99,7.3,Music-heavy,Gift card,2,Billing,Web,0
SW-6379,35-49,Premium,24,12.99,0.9,Low-usage,Debit,1,Playback,Partner promo,1
SW-6380,25-34,Family,35,18.99,10.8,Low-usage,Credit card,1,Playback,Web,0
SW-6381,25-34,Premium,35,12.99,1.0,Music-heavy,Credit card,1,Billing,iOS,0
SW-6382,25-34,Basic,24,7.99,18.4,Music-heavy,PayPal,0,No ticket,Web,0
SW-6383,25-34,Premium,24,12.99,8.4,Balanced,PayPal,1,Content,Android,0
SW-6384,Under 25,Free,10,0.0,7.1,Low-usage,Debit,0,No ticket,Web,0
SW-6385,35-49,Basic,7,7.99,7.5,Balanced,Credit card,0,No ticket,Android,0
SW-6386,25-34,Family,9,18.99,12.0,Low-usage,Credit card,1,Playback,Android,0
SW-6387,25-34,Premium,4,12.99,5.1,Music-heavy,Debit,1,Billing,Partner promo,0
SW-6388,50 plus,Free,31,0.0,7.4,Podcast-heavy,PayPal,1,Billing,Web,0
SW-6389,35-49,Basic,10,7.99,8.2,Balanced,Credit card,0,No ticket,Web,0
SW-6390,50 plus,Premium,30,12.99,0.7,Balanced,Credit card,0,No ticket,Android,0
SW-6391,Under 25,Premium,5,12.99,12.0,Balanced,Credit card,0,No ticket,Android,1
SW-6392,35-49,Premium,26,12.99,13.8,Low-usage,Credit card,0,No ticket,Web,0
SW-6393,50 plus,Basic,8,7.99,10.7,Music-heavy,Credit card,2,Billing,Web,1
SW-6394,35-49,Family,5,18.99,10.1,Music-heavy,PayPal,0,No ticket,Android,0
SW-6395,35-49,Premium,37,12.99,26.8,Music-heavy,Credit card,1,Playback,Web,0
SW-6396,25-34,Premium,26,12.99,7.2,Balanced,Credit card,3,Billing,Android,0
SW-6397,Under 25,Premium,14,12.99,7.4,Music-heavy,Credit card,0,No ticket,Partner promo,0
SW-6398,25-34,Free,12,0.0,4.4,Balanced,PayPal,1,Account,Web,0
SW-6399,25-34,Family,16,18.99,1.6,Music-heavy,PayPal,0,No ticket,Android,0
SW-6400,50 plus,Free,14,0.0,10.8,Music-heavy,Credit card,0,No ticket,iOS,1
SW-6401,25-34,Basic,7,7.99,4.8,Podcast-heavy,Credit card,1,Playback,Android,0
SW-6402,50 plus,Premium,9,12.99,1.6,Balanced,Debit,0,No ticket,iOS,0
SW-6403,50 plus,Premium,47,12.99,7.0,Music-heavy,Credit card,0,No ticket,Web,0
SW-6404,25-34,Premium,60,12.99,6.9,Balanced,Credit card,0,No ticket,Android,0
SW-6405,25-34,Premium,36,12.99,6.2,Podcast-heavy,PayPal,0,No ticket,Web,0
SW-6406,50 plus,Basic,17,7.99,8.3,Music-heavy,Credit card,1,Billing,Partner promo,0
SW-6407,50 plus,Family,9,18.99,2.1,Music-heavy,Gift card,1,Billing,iOS,0
SW-6408,25-34,Free,7,0.0,16.5,Balanced,Credit card,0,No ticket,Web,0
SW-6409,25-34,Family,7,18.99,10.6,Podcast-heavy,Credit card,0,No ticket,Web,0
SW-6410,25-34,Basic,8,7.99,20.2,Low-usage,Credit card,0,No ticket,Android,0
SW-6411,35-49,Premium,54,12.99,4.8,Podcast-heavy,Credit card,0,No ticket,iOS,0
SW-6412,25-34,Free,42,0.0,10.5,Music-heavy,Credit card,0,No ticket,Android,0
SW-6413,35-49,Premium,20,12.99,1.7,Music-heavy,Debit,1,Billing,Web,0
SW-6414,Under 25,Family,6,18.99,3.8,Music-heavy,Credit card,0,No ticket,iOS,0
SW-6415,Under 25,Premium,22,12.99,2.5,Podcast-heavy,Credit card,1,Account,Android,0
SW-6416,25-34,Premium,10,12.99,9.2,Podcast-heavy,PayPal,0,No ticket,Web,0
SW-6417,25-34,Premium,3,12.99,3.1,Balanced,PayPal,1,Content,iOS,0
SW-6418,25-34,Premium,15,12.99,5.3,Music-heavy,Debit,0,No ticket,Partner promo,0
SW-6419,25-34,Family,7,18.99,7.5,Music-heavy,PayPal,0,No ticket,Android,0
SW-6420,25-34,Basic,7,7.99,5.4,Music-heavy,Credit card,0,No ticket,Android,0
SW-6421,Under 25,Basic,10,7.99,2.6,Music-heavy,Credit card,0,No ticket,Android,0
SW-6422,25-34,Free,8,0.0,27.9,Podcast-heavy,Credit card,1,Content,iOS,0
SW-6423,50 plus,Basic,12,7.99,8.2,Low-usage,Gift card,0,No ticket,Android,0
SW-6424,25-34,Free,11,0.0,28.1,Balanced,Credit card,0,No ticket,Android,0
SW-6425,25-34,Premium,3,12.99,3.3,Balanced,Credit card,1,Playback,Android,0
SW-6426,35-49,Basic,35,7.99,5.5,Music-heavy,Credit card,0,No ticket,Web,0
SW-6427,50 plus,Free,6,0.0,8.0,Music-heavy,Credit card,0,No ticket,Partner promo,1
SW-6428,25-34,Free,6,0.0,25.5,Music-heavy,Credit card,0,No ticket,Android,0
SW-6429,35-49,Premium,10,12.99,27.9,Music-heavy,Credit card,0,No ticket,Web,0
SW-6430,35-49,Premium,11,12.99,5.3,Podcast-heavy,Credit card,0,No ticket,iOS,1
SW-6431,35-49,Basic,33,7.99,4.2,Music-heavy,Credit card,0,No ticket,iOS,0
SW-6432,Under 25,Family,14,18.99,7.4,Balanced,Credit card,1,Playback,Android,0
SW-6433,35-49,Free,18,0.0,19.5,Low-usage,Debit,1,Account,Partner promo,0
SW-6434,Under 25,Family,15,18.99,8.3,Music-heavy,Debit,0,No ticket,Web,0
SW-6435,35-49,Premium,14,12.99,9.6,Balanced,Credit card,0,No ticket,Partner promo,0
SW-6436,35-49,Basic,15,7.99,19.4,Balanced,Debit,2,Billing,Web,1
SW-6437,Under 25,Premium,3,12.99,17.0,Music-heavy,Credit card,3,Playback,iOS,0
SW-6438,50 plus,Premium,10,12.99,17.6,Low-usage,Credit card,0,No ticket,iOS,0
SW-6439,Under 25,Basic,27,7.99,13.2,Music-heavy,PayPal,2,Billing,Web,0
SW-6440,50 plus,Family,60,18.99,23.6,Balanced,Credit card,1,Billing,iOS,0
SW-6441,25-34,Basic,5,7.99,3.0,Music-heavy,Credit card,0,No ticket,Android,0
SW-6442,Under 25,Premium,16,12.99,40.0,Low-usage,PayPal,0,No ticket,Partner promo,0
SW-6443,Under 25,Free,8,0.0,18.7,Podcast-heavy,Credit card,0,No ticket,Web,0
SW-6444,50 plus,Basic,50,7.99,7.0,Balanced,Credit card,1,Content,Android,0
SW-6445,Under 25,Basic,5,7.99,19.4,Music-heavy,PayPal,0,No ticket,Android,0
SW-6446,Under 25,Family,19,18.99,6.1,Music-heavy,Credit card,2,Playback,Partner promo,0
SW-6447,25-34,Free,4,0.0,11.7,Podcast-heavy,Debit,0,No ticket,Web,0
SW-6448,35-49,Basic,10,7.99,12.8,Music-heavy,Credit card,0,No ticket,Partner promo,0
SW-6449,25-34,Premium,12,12.99,15.9,Balanced,Credit card,0,No ticket,iOS,0
SW-6450,Under 25,Family,25,18.99,5.5,Balanced,Credit card,2,Billing,Web,0
SW-6451,25-34,Family,6,18.99,16.2,Balanced,Credit card,0,No ticket,Partner promo,0
SW-6452,25-34,Premium,19,12.99,5.6,Balanced,PayPal,1,Billing,Web,0
SW-6453,Under 25,Family,12,18.99,14.4,Low-usage,PayPal,0,No ticket,Android,0
SW-6454,25-34,Premium,15,12.99,7.9,Balanced,Credit card,1,Playback,Android,0
SW-6455,35-49,Family,23,18.99,1.9,Low-usage,PayPal,0,No ticket,iOS,0
SW-6456,Under 25,Premium,5,12.99,4.4,Music-heavy,Credit card,0,No ticket,Android,0
SW-6457,25-34,Free,21,0.0,15.8,Podcast-heavy,Credit card,1,Account,iOS,0
SW-6458,25-34,Basic,8,7.99,6.3,Low-usage,Gift card,0,No ticket,Web,0
SW-6459,50 plus,Premium,26,12.99,21.1,Balanced,Credit card,0,No ticket,Android,0
SW-6460,50 plus,Basic,15,7.99,3.0,Balanced,Credit card,0,No ticket,Partner promo,0
SW-6461,35-49,Basic,10,7.99,14.0,Music-heavy,Debit,0,No ticket,iOS,0
SW-6462,25-34,Premium,8,12.99,7.7,Balanced,Credit card,1,Playback,Partner promo,0
SW-6463,Under 25,Family,21,18.99,6.6,Balanced,Credit card,1,Content,iOS,0
SW-6464,25-34,Free,29,0.0,3.1,Music-heavy,Debit,0,No ticket,iOS,0
SW-6465,25-34,Premium,8,12.99,9.5,Music-heavy,PayPal,0,No ticket,Android,0
SW-6466,25-34,Premium,5,12.99,3.6,Music-heavy,Credit card,0,No ticket,Web,0
SW-6467,35-49,Family,20,18.99,4.8,Low-usage,Credit card,1,Playback,Partner promo,0
SW-6468,50 plus,Family,4,18.99,7.1,Balanced,Credit card,1,Playback,Android,0
SW-6469,50 plus,Premium,5,12.99,6.0,Low-usage,Credit card,0,No ticket,Android,0
SW-6470,25-34,Premium,6,12.99,18.2,Podcast-heavy,PayPal,0,No ticket,Android,0
SW-6471,35-49,Basic,9,7.99,1.0,Low-usage,PayPal,0,No ticket,Partner promo,0
SW-6472,25-34,Premium,5,12.99,6.9,Podcast-heavy,Debit,0,No ticket,Android,0
SW-6473,Under 25,Premium,3,12.99,6.0,Music-heavy,Debit,2,Billing,iOS,0
SW-6474,35-49,Family,5,18.99,7.9,Music-heavy,PayPal,0,No ticket,Partner promo,0
SW-6475,Under 25,Premium,19,12.99,5.2,Low-usage,Credit card,0,No ticket,iOS,0
SW-6476,25-34,Basic,5,7.99,18.1,Music-heavy,Credit card,2,Billing,iOS,0
SW-6477,25-34,Premium,9,12.99,6.5,Music-heavy,Credit card,0,No ticket,Web,0
SW-6478,35-49,Basic,47,7.99,8.9,Music-heavy,PayPal,0,No ticket,Partner promo,0
SW-6479,35-49,Free,12,0.0,16.3,Music-heavy,Credit card,1,Playback,Web,0
SW-6480,25-34,Basic,15,7.99,8.3,Low-usage,Credit card,0,No ticket,Web,0
SW-6481,35-49,Free,6,0.0,2.9,Podcast-heavy,Credit card,1,Billing,Web,0
SW-6482,25-34,Premium,55,12.99,5.7,Balanced,Debit,0,No ticket,iOS,0
SW-6483,25-34,Premium,8,12.99,7.2,Low-usage,PayPal,0,No ticket,Partner promo,0
SW-6484,35-49,Basic,10,7.99,2.1,Podcast-heavy,Credit card,1,Billing,Android,0
SW-6485,35-49,Family,30,18.99,4.5,Balanced,Debit,1,Account,iOS,0
SW-6486,50 plus,Basic,11,7.99,7.6,Music-heavy,Credit card,2,Billing,Android,0
SW-6487,25-34,Free,12,0.0,40.0,Low-usage,PayPal,1,Playback,Web,0
SW-6488,35-49,Basic,10,7.99,10.8,Music-heavy,Credit card,0,No ticket,Web,0
SW-6489,35-49,Free,10,0.0,9.1,Balanced,Credit card,1,Content,Android,0
SW-6490,50 plus,Free,16,0.0,30.9,Balanced,Credit card,1,Account,iOS,0
SW-6491,Under 25,Free,18,0.0,12.8,Music-heavy,Credit card,0,No ticket,Web,0
SW-6492,35-49,Premium,8,12.99,14.3,Podcast-heavy,PayPal,1,Content,Partner promo,0
SW-6493,35-49,Basic,7,7.99,5.8,Music-heavy,Gift card,0,No ticket,Web,0
SW-6494,25-34,Basic,8,7.99,2.9,Music-heavy,Credit card,0,No ticket,Web,0
SW-6495,25-34,Family,4,18.99,9.9,Podcast-heavy,Credit card,0,No ticket,iOS,0
SW-6496,25-34,Basic,4,7.99,34.4,Low-usage,Debit,0,No ticket,Web,0
SW-6497,35-49,Premium,15,12.99,26.8,Low-usage,Credit card,2,Playback,Partner promo,1
SW-6498,50 plus,Premium,23,12.99,13.5,Podcast-heavy,Credit card,1,Billing,Android,0
SW-6499,35-49,Basic,22,7.99,4.6,Music-heavy,Credit card,0,No ticket,Web,0
SW-6500,35-49,Premium,2,12.99,2.3,Music-heavy,PayPal,2,Content,Web,0
SW-6501,25-34,Free,10,0.0,4.1,Podcast-heavy,PayPal,2,Billing,Android,0
SW-6502,Under 25,Free,6,0.0,9.5,Low-usage,PayPal,2,Content,iOS,0
SW-6503,25-34,Premium,13,12.99,5.5,Balanced,Credit card,0,No ticket,Web,0
SW-6504,25-34,Premium,9,12.99,17.8,Music-heavy,PayPal,1,Playback,Android,0
SW-6505,25-34,Premium,18,12.99,2.4,Podcast-heavy,Debit,0,No ticket,Web,0
SW-6506,Under 25,Family,12,18.99,7.2,Podcast-heavy,Credit card,0,No ticket,iOS,0
SW-6507,25-34,Basic,3,7.99,4.3,Balanced,PayPal,1,Billing,Android,1
SW-6508,25-34,Premium,6,12.99,17.7,Balanced,Gift card,2,Billing,Partner promo,0
SW-6509,25-34,Premium,12,12.99,12.3,Balanced,PayPal,0,No ticket,iOS,0
SW-6510,25-34,Family,13,18.99,4.1,Music-heavy,PayPal,2,Billing,Android,0
SW-6511,Under 25,Premium,4,12.99,15.8,Low-usage,Debit,1,Playback,Web,0
SW-6512,50 plus,Premium,4,12.99,2.2,Low-usage,Debit,0,No ticket,Partner promo,0
SW-6513,50 plus,Basic,12,7.99,1.9,Podcast-heavy,PayPal,0,No ticket,Web,0
SW-6514,35-49,Premium,4,12.99,3.9,Low-usage,Credit card,0,No ticket,iOS,0
SW-6515,Under 25,Basic,4,7.99,1.6,Podcast-heavy,Credit card,1,Billing,iOS,0
SW-6516,35-49,Basic,9,7.99,7.3,Music-heavy,PayPal,2,Billing,Partner promo,1
SW-6517,35-49,Family,9,18.99,7.5,Music-heavy,PayPal,2,Billing,Partner promo,1
SW-6518,35-49,Free,6,0.0,5.8,Podcast-heavy,Credit card,1,Account,Android,0
SW-6519,Under 25,Family,7,18.99,12.3,Music-heavy,PayPal,0,No ticket,Web,0
SW-6520,35-49,Premium,12,12.99,4.5,Low-usage,Credit card,0,No ticket,Partner promo,1
SW-6521,35-49,Premium,7,12.99,2.8,Music-heavy,PayPal,0,No ticket,Android,0
SW-6522,35-49,Basic,13,7.99,4.2,Balanced,Debit,0,No ticket,Web,0
SW-6523,35-49,Basic,9,7.99,3.0,Music-heavy,Debit,2,Billing,iOS,1
SW-6524,25-34,Basic,13,7.99,4.9,Balanced,PayPal,0,No ticket,Web,0
SW-6525,25-34,Premium,22,12.99,12.9,Podcast-heavy,PayPal,2,Billing,Web,1
SW-6526,Under 25,Basic,22,7.99,2.0,Podcast-heavy,PayPal,0,No ticket,Web,0
SW-6527,35-49,Premium,30,12.99,6.1,Music-heavy,PayPal,0,No ticket,Partner promo,0
SW-6528,Under 25,Free,22,0.0,17.2,Balanced,Credit card,0,No ticket,Web,0
SW-6529,25-34,Free,14,0.0,18.9,Balanced,Credit card,0,No ticket,Web,0
SW-6530,25-34,Free,9,0.0,4.6,Music-heavy,PayPal,1,Playback,Partner promo,0
SW-6531,25-34,Basic,9,7.99,40.0,Balanced,PayPal,0,No ticket,iOS,0
SW-6532,Under 25,Premium,6,12.99,3.4,Balanced,Credit card,1,Account,Android,0
SW-6533,35-49,Premium,12,12.99,6.7,Low-usage,Credit card,0,No ticket,Partner promo,1
SW-6534,35-49,Basic,20,7.99,3.1,Balanced,Credit card,3,Billing,iOS,0
SW-6535,Under 25,Premium,7,12.99,11.3,Podcast-heavy,Credit card,1,Playback,Web,0
SW-6536,Under 25,Premium,12,12.99,40.0,Music-heavy,PayPal,0,No ticket,iOS,0
SW-6537,Under 25,Basic,7,7.99,35.0,Music-heavy,Credit card,0,No ticket,iOS,0
SW-6538,50 plus,Basic,14,7.99,15.7,Low-usage,Credit card,1,Content,iOS,0
SW-6539,25-34,Premium,8,12.99,4.9,Podcast-heavy,PayPal,2,Billing,iOS,1
SW-6540,25-34,Free,7,0.0,7.0,Low-usage,Credit card,0,No ticket,Android,0
SW-6541,Under 25,Free,7,0.0,19.5,Balanced,PayPal,2,Billing,iOS,0
SW-6542,35-49,Basic,17,7.99,14.6,Music-heavy,Credit card,1,Playback,Android,0
SW-6543,50 plus,Premium,11,12.99,8.5,Music-heavy,Debit,2,Playback,Web,0
SW-6544,35-49,Free,9,0.0,9.0,Balanced,Credit card,0,No ticket,Android,0
SW-6545,35-49,Basic,14,7.99,18.6,Podcast-heavy,Credit card,2,Playback,iOS,0
SW-6546,Under 25,Basic,9,7.99,22.7,Music-heavy,Credit card,1,Billing,iOS,0
SW-6547,Under 25,Free,26,0.0,2.4,Balanced,PayPal,0,No ticket,iOS,0
SW-6548,Under 25,Basic,6,7.99,9.6,Balanced,Debit,0,No ticket,Partner promo,0
SW-6549,25-34,Family,11,18.99,12.7,Balanced,Credit card,1,Playback,Partner promo,0
SW-6550,Under 25,Free,4,0.0,5.2,Music-heavy,PayPal,2,Billing,Web,1
SW-6551,25-34,Premium,9,12.99,22.3,Music-heavy,Credit card,0,No ticket,Android,0
SW-6552,25-34,Basic,4,7.99,6.4,Low-usage,PayPal,0,No ticket,Web,0
SW-6553,50 plus,Premium,20,12.99,22.8,Low-usage,Credit card,1,Content,Web,0
SW-6554,35-49,Premium,21,12.99,6.0,Music-heavy,Credit card,0,No ticket,Android,0
SW-6555,35-49,Basic,21,7.99,9.8,Balanced,Credit card,0,No ticket,Web,0
SW-6556,35-49,Premium,12,12.99,9.7,Music-heavy,Debit,0,No ticket,Web,1
SW-6557,Under 25,Premium,6,12.99,30.3,Music-heavy,Credit card,1,Account,Android,0
SW-6558,35-49,Premium,7,12.99,14.5,Music-heavy,Credit card,0,No ticket,Android,0
SW-6559,25-34,Basic,35,7.99,5.5,Music-heavy,Credit card,0,No ticket,Web,0
SW-6560,35-49,Family,33,18.99,6.4,Balanced,PayPal,0,No ticket,Web,0
SW-6561,25-34,Premium,13,12.99,6.4,Podcast-heavy,PayPal,1,Billing,Web,1
SW-6562,50 plus,Family,8,18.99,8.1,Music-heavy,Debit,1,Billing,Web,1
SW-6563,25-34,Premium,31,12.99,3.8,Balanced,Debit,0,No ticket,Web,0
SW-6564,25-34,Premium,7,12.99,7.5,Balanced,Debit,1,Playback,Partner promo,0
SW-6565,50 plus,Premium,14,12.99,23.9,Music-heavy,Credit card,0,No ticket,Web,0
SW-6566,Under 25,Family,31,18.99,23.1,Balanced,PayPal,0,No ticket,Android,0
SW-6567,35-49,Family,7,18.99,2.3,Balanced,Credit card,0,No ticket,Partner promo,0
SW-6568,35-49,Basic,21,7.99,2.0,Balanced,Debit,1,Playback,Android,0
SW-6569,35-49,Premium,17,12.99,5.0,Balanced,Debit,0,No ticket,Web,1
SW-6570,50 plus,Basic,12,7.99,1.9,Music-heavy,Debit,2,Billing,Android,1
SW-6571,50 plus,Premium,6,12.99,2.9,Music-heavy,PayPal,0,No ticket,Partner promo,0
SW-6572,Under 25,Basic,7,7.99,10.6,Balanced,Credit card,0,No ticket,iOS,0
SW-6573,35-49,Basic,15,7.99,7.8,Low-usage,Debit,0,No ticket,iOS,0
SW-6574,35-49,Family,4,18.99,2.0,Music-heavy,Debit,0,No ticket,Web,0
SW-6575,35-49,Free,13,0.0,20.4,Music-heavy,Credit card,0,No ticket,iOS,0
SW-6576,Under 25,Premium,18,12.99,5.7,Balanced,Credit card,0,No ticket,Web,0
SW-6577,35-49,Premium,24,12.99,5.3,Music-heavy,PayPal,1,Account,Android,0
SW-6578,50 plus,Free,5,0.0,18.0,Music-heavy,Credit card,1,Account,Android,1
SW-6579,50 plus,Basic,30,7.99,11.1,Music-heavy,Credit card,3,Billing,iOS,0
SW-6580,25-34,Premium,39,12.99,7.7,Podcast-heavy,Credit card,0,No ticket,Android,0
SW-6581,Under 25,Basic,16,7.99,5.4,Music-heavy,Debit,1,Billing,Web,0
SW-6582,25-34,Premium,6,12.99,12.6,Podcast-heavy,PayPal,3,Billing,Android,1
SW-6583,35-49,Family,10,18.99,5.7,Music-heavy,Credit card,1,Playback,Android,0
SW-6584,35-49,Basic,12,7.99,6.7,Low-usage,Credit card,0,No ticket,Android,0
SW-6585,25-34,Basic,15,7.99,3.1,Low-usage,Credit card,0,No ticket,Web,0
SW-6586,Under 25,Basic,12,7.99,20.0,Low-usage,Credit card,0,No ticket,Android,0
SW-6587,25-34,Premium,15,12.99,27.7,Balanced,PayPal,0,No ticket,iOS,0
SW-6588,25-34,Basic,11,7.99,9.5,Balanced,Credit card,1,Billing,iOS,0
SW-6589,50 plus,Free,14,0.0,5.4,Music-heavy,Credit card,1,Billing,iOS,0
SW-6590,35-49,Premium,9,12.99,16.9,Music-heavy,Debit,1,Playback,Web,0
SW-6591,25-34,Family,9,18.99,12.8,Music-heavy,Credit card,0,No ticket,iOS,0
SW-6592,25-34,Basic,8,7.99,5.6,Music-heavy,Debit,2,Billing,iOS,0
SW-6593,Under 25,Basic,46,7.99,20.1,Podcast-heavy,PayPal,0,No ticket,iOS,0
SW-6594,50 plus,Family,33,18.99,5.7,Low-usage,Credit card,0,No ticket,Android,0
SW-6595,25-34,Premium,18,12.99,2.9,Podcast-heavy,Credit card,0,No ticket,Web,0
SW-6596,25-34,Premium,30,12.99,7.6,Podcast-heavy,Credit card,2,Billing,Web,1
SW-6597,25-34,Premium,21,12.99,19.0,Balanced,Credit card,0,No ticket,iOS,0
SW-6598,35-49,Family,14,18.99,8.7,Music-heavy,Credit card,0,No ticket,Android,0
SW-6599,35-49,Premium,4,12.99,3.1,Low-usage,PayPal,2,Playback,iOS,0
SW-6600,35-49,Family,10,18.99,5.8,Podcast-heavy,PayPal,0,No ticket,Partner promo,1
SW-6601,25-34,Premium,9,12.99,20.8,Music-heavy,Credit card,0,No ticket,Android,0
SW-6602,25-34,Premium,5,12.99,10.0,Low-usage,PayPal,1,Playback,Web,0
SW-6603,Under 25,Basic,4,7.99,7.9,Balanced,Credit card,0,No ticket,iOS,0
SW-6604,35-49,Basic,17,7.99,7.2,Podcast-heavy,Debit,0,No ticket,iOS,0
SW-6605,Under 25,Premium,15,12.99,19.0,Podcast-heavy,Credit card,0,No ticket,iOS,0
SW-6606,35-49,Basic,5,7.99,18.0,Balanced,Credit card,1,Playback,Partner promo,0
SW-6607,50 plus,Premium,7,12.99,2.6,Low-usage,PayPal,1,Billing,Partner promo,1
SW-6608,50 plus,Basic,27,7.99,17.0,Balanced,Credit card,0,No ticket,Android,0
SW-6609,25-34,Premium,6,12.99,12.1,Low-usage,Debit,2,Playback,Partner promo,1
SW-6610,25-34,Free,14,0.0,28.6,Podcast-heavy,Credit card,3,Playback,Web,0
SW-6611,Under 25,Premium,11,12.99,7.6,Balanced,Credit card,0,No ticket,Web,0
SW-6612,35-49,Premium,17,12.99,19.8,Balanced,Debit,1,Billing,iOS,0
SW-6613,35-49,Basic,7,7.99,11.6,Music-heavy,PayPal,0,No ticket,Web,0
SW-6614,25-34,Premium,13,12.99,3.3,Low-usage,Credit card,0,No ticket,Web,0
SW-6615,25-34,Basic,14,7.99,18.1,Balanced,Credit card,1,Playback,Partner promo,0
SW-6616,35-49,Basic,14,7.99,15.3,Podcast-heavy,Debit,0,No ticket,Partner promo,0
SW-6617,50 plus,Basic,13,7.99,4.8,Balanced,Debit,1,Playback,Android,0
SW-6618,25-34,Free,15,0.0,10.1,Podcast-heavy,Debit,0,No ticket,Android,0
SW-6619,25-34,Family,56,18.99,40.0,Music-heavy,Debit,1,Account,Web,0
SW-6620,Under 25,Free,60,0.0,5.4,Balanced,Gift card,0,No ticket,Android,0
SW-6621,Under 25,Premium,8,12.99,14.3,Podcast-heavy,Credit card,1,Playback,Web,0
SW-6622,50 plus,Basic,2,7.99,3.3,Balanced,Debit,0,No ticket,iOS,0
SW-6623,35-49,Premium,18,12.99,5.1,Music-heavy,Debit,0,No ticket,iOS,0
SW-6624,35-49,Premium,14,12.99,15.3,Low-usage,Debit,0,No ticket,Partner promo,1
SW-6625,Under 25,Premium,25,12.99,9.8,Balanced,Credit card,0,No ticket,Web,0
SW-6626,50 plus,Premium,15,12.99,6.8,Low-usage,Debit,1,Playback,Web,0
SW-6627,25-34,Premium,13,12.99,31.2,Low-usage,Debit,0,No ticket,Android,0
SW-6628,25-34,Free,26,0.0,3.8,Balanced,Debit,1,Billing,Android,0
SW-6629,25-34,Premium,29,12.99,7.1,Music-heavy,Credit card,1,Account,iOS,0
SW-6630,Under 25,Basic,5,7.99,11.9,Balanced,Credit card,1,Account,Web,0
SW-6631,35-49,Free,7,0.0,4.0,Music-heavy,PayPal,1,Playback,Partner promo,0
SW-6632,35-49,Basic,11,7.99,12.0,Music-heavy,PayPal,0,No ticket,Web,0
SW-6633,Under 25,Basic,13,7.99,18.9,Music-heavy,PayPal,4,Billing,Android,0
SW-6634,Under 25,Basic,10,7.99,7.3,Balanced,Debit,1,Playback,Web,0
SW-6635,Under 25,Premium,16,12.99,4.6,Music-heavy,Credit card,0,No ticket,Android,0
SW-6636,Under 25,Basic,24,7.99,6.2,Music-heavy,Credit card,1,Content,Android,1
SW-6637,35-49,Basic,40,7.99,0.9,Music-heavy,Credit card,2,Billing,Android,0
SW-6638,50 plus,Free,18,0.0,17.9,Podcast-heavy,PayPal,1,Billing,iOS,0
SW-6639,Under 25,Premium,7,12.99,9.9,Low-usage,Credit card,1,Playback,Web,0
SW-6640,Under 25,Premium,11,12.99,6.9,Podcast-heavy,PayPal,6,Billing,Android,1
SW-6641,35-49,Basic,11,7.99,2.1,Podcast-heavy,PayPal,0,No ticket,iOS,0
SW-6642,35-49,Premium,17,12.99,19.4,Music-heavy,PayPal,3,Billing,Android,0
SW-6643,25-34,Premium,16,12.99,5.6,Music-heavy,PayPal,0,No ticket,Android,0
SW-6644,25-34,Basic,50,7.99,12.6,Music-heavy,Debit,2,Billing,iOS,0
SW-6645,35-49,Premium,9,12.99,7.9,Low-usage,Debit,0,No ticket,Partner promo,0
SW-6646,25-34,Premium,16,12.99,2.2,Podcast-heavy,Credit card,1,Content,iOS,0
SW-6647,Under 25,Premium,60,12.99,22.1,Music-heavy,Credit card,2,Billing,Android,1
SW-6648,35-49,Basic,8,7.99,19.0,Balanced,Credit card,0,No ticket,Android,0
SW-6649,35-49,Free,13,0.0,14.7,Low-usage,Credit card,0,No ticket,iOS,0
SW-6650,35-49,Basic,6,7.99,10.3,Music-heavy,PayPal,2,Playback,Android,0
SW-6651,35-49,Premium,13,12.99,3.1,Music-heavy,Credit card,0,No ticket,Android,0
SW-6652,35-49,Family,7,18.99,16.0,Balanced,Debit,1,Billing,iOS,0
SW-6653,Under 25,Basic,25,7.99,40.0,Music-heavy,Credit card,0,No ticket,iOS,0
SW-6654,25-34,Basic,13,7.99,8.8,Music-heavy,Gift card,0,No ticket,Android,0
SW-6655,Under 25,Premium,6,12.99,8.9,Podcast-heavy,Credit card,1,Account,Web,0
SW-6656,Under 25,Premium,22,12.99,3.3,Low-usage,Credit card,0,No ticket,Web,0
SW-6657,35-49,Family,14,18.99,1.5,Balanced,Credit card,1,Playback,Web,0
SW-6658,50 plus,Premium,23,12.99,6.0,Music-heavy,PayPal,1,Billing,iOS,0
SW-6659,50 plus,Family,5,18.99,26.2,Music-heavy,Credit card,1,Playback,Android,0
SW-6660,35-49,Free,16,0.0,23.4,Music-heavy,PayPal,1,Billing,Android,0
SW-6661,Under 25,Free,21,0.0,7.6,Music-heavy,Debit,2,Billing,Partner promo,1
SW-6662,Under 25,Free,9,0.0,11.3,Podcast-heavy,Credit card,0,No ticket,Web,0
SW-6663,35-49,Premium,5,12.99,3.0,Balanced,Credit card,2,Billing,Android,0
SW-6664,35-49,Free,12,0.0,8.7,Music-heavy,PayPal,0,No ticket,iOS,0
SW-6665,35-49,Premium,28,12.99,5.3,Music-heavy,Credit card,1,Account,Web,0
SW-6666,35-49,Premium,26,12.99,8.4,Music-heavy,PayPal,0,No ticket,Android,0
SW-6667,35-49,Basic,9,7.99,6.4,Music-heavy,Credit card,0,No ticket,Web,0
SW-6668,35-49,Family,5,18.99,6.3,Low-usage,Debit,1,Playback,Web,0
SW-6669,Under 25,Basic,9,7.99,17.8,Music-heavy,Debit,0,No ticket,iOS,0
SW-6670,35-49,Basic,9,7.99,38.5,Music-heavy,Debit,0,No ticket,Android,0
SW-6671,50 plus,Premium,16,12.99,7.0,Music-heavy,Credit card,1,Playback,Android,0
SW-6672,25-34,Free,11,0.0,24.9,Podcast-heavy,PayPal,0,No ticket,Web,0
SW-6673,35-49,Premium,7,12.99,3.0,Low-usage,PayPal,1,Billing,Web,0
SW-6674,25-34,Premium,26,12.99,7.4,Music-heavy,Credit card,1,Playback,Web,0
SW-6675,50 plus,Family,13,18.99,2.8,Podcast-heavy,Debit,0,No ticket,Web,0
SW-6676,Under 25,Family,16,18.99,6.2,Music-heavy,Debit,3,Billing,Android,0
SW-6677,35-49,Basic,4,7.99,14.2,Balanced,PayPal,1,Playback,Partner promo,0
SW-6678,Under 25,Premium,2,12.99,19.6,Balanced,PayPal,1,Playback,Partner promo,0
SW-6679,35-49,Free,4,0.0,4.3,Balanced,Credit card,1,Billing,Android,0
SW-6680,Under 25,Basic,9,7.99,11.5,Podcast-heavy,Credit card,0,No ticket,Partner promo,1
SW-6681,25-34,Free,18,0.0,21.4,Low-usage,Gift card,2,Account,Android,0
SW-6682,25-34,Basic,2,7.99,19.1,Podcast-heavy,Credit card,0,No ticket,Partner promo,0
SW-6683,50 plus,Family,37,18.99,9.8,Podcast-heavy,Gift card,1,Billing,Android,0
SW-6684,Under 25,Basic,14,7.99,5.0,Balanced,Debit,0,No ticket,iOS,0
SW-6685,Under 25,Premium,31,12.99,4.6,Podcast-heavy,Credit card,0,No ticket,iOS,0
SW-6686,35-49,Basic,6,7.99,4.1,Music-heavy,Credit card,0,No ticket,Android,0
SW-6687,25-34,Basic,17,7.99,7.8,Music-heavy,Credit card,1,Account,Android,0
SW-6688,50 plus,Family,13,18.99,4.1,Music-heavy,PayPal,1,Playback,iOS,0
SW-6689,Under 25,Basic,21,7.99,13.8,Podcast-heavy,Credit card,1,Account,Android,0
SW-6690,35-49,Premium,10,12.99,9.6,Balanced,Credit card,0,No ticket,Android,0
SW-6691,25-34,Basic,17,7.99,9.3,Music-heavy,PayPal,0,No ticket,Web,0
SW-6692,Under 25,Free,26,0.0,1.8,Balanced,Credit card,0,No ticket,Web,0
SW-6693,35-49,Premium,8,12.99,8.2,Low-usage,Debit,0,No ticket,Partner promo,0
SW-6694,35-49,Premium,14,12.99,5.5,Music-heavy,Credit card,0,No ticket,Android,0
SW-6695,35-49,Free,3,0.0,40.0,Music-heavy,Credit card,1,Playback,iOS,0
SW-6696,25-34,Free,20,0.0,2.9,Low-usage,Credit card,0,No ticket,Android,0
SW-6697,25-34,Basic,47,7.99,6.8,Balanced,Credit card,0,No ticket,Web,0
SW-6698,25-34,Premium,5,12.99,10.9,Music-heavy,Credit card,2,Account,iOS,0
SW-6699,50 plus,Premium,11,12.99,3.7,Podcast-heavy,Credit card,0,No ticket,Web,0
SW-6700,25-34,Premium,22,12.99,37.4,Balanced,Debit,0,No ticket,Android,0
SW-6701,25-34,Basic,12,7.99,38.0,Podcast-heavy,Debit,0,No ticket,Android,0
SW-6702,25-34,Family,13,18.99,4.0,Balanced,Credit card,2,Billing,iOS,0
SW-6703,35-49,Premium,9,12.99,5.0,Podcast-heavy,Credit card,1,Billing,Partner promo,0
SW-6704,25-34,Premium,9,12.99,40.0,Balanced,Credit card,0,No ticket,Partner promo,0
SW-6705,50 plus,Premium,11,12.99,24.4,Low-usage,Credit card,1,Playback,Partner promo,0
SW-6706,25-34,Premium,12,12.99,6.0,Balanced,Credit card,0,No ticket,Partner promo,0
SW-6707,50 plus,Basic,5,7.99,11.3,Low-usage,PayPal,0,No ticket,Android,0
SW-6708,Under 25,Family,11,18.99,2.6,Podcast-heavy,Credit card,0,No ticket,Android,0
SW-6709,35-49,Family,36,18.99,40.0,Balanced,Credit card,0,No ticket,iOS,0
SW-6710,50 plus,Free,9,0.0,8.5,Music-heavy,Debit,0,No ticket,Web,0
SW-6711,Under 25,Free,5,0.0,12.8,Music-heavy,Debit,0,No ticket,Web,0
SW-6712,50 plus,Family,11,18.99,3.8,Low-usage,Gift card,0,No ticket,Android,0
SW-6713,25-34,Basic,7,7.99,3.2,Music-heavy,Credit card,0,No ticket,Web,0
SW-6714,50 plus,Family,5,18.99,11.5,Music-heavy,Credit card,0,No ticket,iOS,0
SW-6715,35-49,Basic,13,7.99,37.1,Podcast-heavy,Credit card,0,No ticket,Web,0
SW-6716,25-34,Free,7,0.0,5.2,Podcast-heavy,Credit card,2,Billing,iOS,1
SW-6717,Under 25,Free,8,0.0,3.7,Balanced,Credit card,4,Billing,iOS,0
SW-6718,25-34,Basic,13,7.99,10.2,Music-heavy,PayPal,1,Playback,Android,0
SW-6719,Under 25,Basic,4,7.99,29.6,Music-heavy,Debit,0,No ticket,Partner promo,0
SW-6720,Under 25,Premium,4,12.99,4.8,Music-heavy,Credit card,0,No ticket,Partner promo,0
SW-6721,Under 25,Premium,19,12.99,6.6,Podcast-heavy,Credit card,1,Account,Android,0
SW-6722,25-34,Family,3,18.99,15.6,Podcast-heavy,PayPal,1,Content,Partner promo,0
SW-6723,35-49,Basic,6,7.99,17.0,Balanced,Credit card,0,No ticket,iOS,0
SW-6724,Under 25,Premium,3,12.99,6.4,Podcast-heavy,PayPal,0,No ticket,iOS,0
SW-6725,Under 25,Premium,9,12.99,19.2,Music-heavy,Debit,1,Account,Web,0
SW-6726,35-49,Premium,16,12.99,12.2,Balanced,Gift card,0,No ticket,Partner promo,1
SW-6727,Under 25,Premium,13,12.99,8.1,Music-heavy,PayPal,2,Playback,Web,0
SW-6728,Under 25,Free,60,0.0,16.5,Music-heavy,Credit card,0,No ticket,Android,0
SW-6729,Under 25,Free,26,0.0,14.7,Balanced,PayPal,2,Billing,Android,1
SW-6730,50 plus,Free,6,0.0,3.5,Music-heavy,Credit card,0,No ticket,Android,0
SW-6731,35-49,Free,5,0.0,26.2,Podcast-heavy,Credit card,2,Billing,Web,1
SW-6732,25-34,Premium,60,12.99,10.5,Music-heavy,Credit card,1,Content,Android,0
SW-6733,35-49,Basic,25,7.99,24.0,Podcast-heavy,Credit card,1,Account,Android,0
SW-6734,25-34,Family,18,18.99,8.3,Music-heavy,Credit card,0,No ticket,Web,0
SW-6735,35-49,Family,13,18.99,9.8,Low-usage,Credit card,0,No ticket,Android,0
SW-6736,35-49,Family,15,18.99,11.0,Music-heavy,Credit card,1,Billing,Android,0
SW-6737,35-49,Family,4,18.99,12.4,Balanced,Gift card,0,No ticket,Partner promo,0
SW-6738,25-34,Basic,13,7.99,27.2,Low-usage,Debit,2,Content,iOS,0
SW-6739,Under 25,Premium,13,12.99,11.6,Balanced,Credit card,0,No ticket,Web,0
SW-6740,25-34,Basic,6,7.99,7.8,Podcast-heavy,Credit card,3,Billing,iOS,0
SW-6741,50 plus,Premium,8,12.99,17.9,Podcast-heavy,Credit card,0,No ticket,Android,0
SW-6742,35-49,Family,35,18.99,11.3,Podcast-heavy,Debit,1,Account,Partner promo,0
SW-6743,35-49,Family,11,18.99,40.0,Balanced,PayPal,2,Billing,Partner promo,0
SW-6744,50 plus,Basic,51,7.99,10.1,Music-heavy,Credit card,1,Billing,Partner promo,0
SW-6745,Under 25,Premium,4,12.99,21.5,Low-usage,Debit,0,No ticket,Android,0
SW-6746,35-49,Free,8,0.0,16.2,Podcast-heavy,Debit,1,Content,Android,1
SW-6747,35-49,Free,4,0.0,1.6,Balanced,Credit card,0,No ticket,Web,0
SW-6748,50 plus,Premium,5,12.99,4.4,Music-heavy,Credit card,0,No ticket,iOS,0
SW-6749,50 plus,Premium,7,12.99,5.6,Low-usage,Debit,0,No ticket,Partner promo,1
SW-6750,35-49,Family,15,18.99,2.4,Music-heavy,Debit,1,Content,Android,0
SW-6751,25-34,Free,14,0.0,5.8,Balanced,Credit card,0,No ticket,iOS,0
SW-6752,35-49,Family,7,18.99,2.7,Podcast-heavy,Credit card,0,No ticket,Web,0
SW-6753,Under 25,Premium,3,12.99,3.3,Balanced,Debit,1,Content,Web,0
SW-6754,35-49,Premium,34,12.99,9.7,Balanced,Credit card,0,No ticket,iOS,0
SW-6755,50 plus,Premium,10,12.99,37.1,Music-heavy,PayPal,0,No ticket,Partner promo,0
SW-6756,25-34,Family,5,18.99,2.7,Podcast-heavy,Credit card,1,Billing,Web,0
SW-6757,35-49,Basic,15,7.99,3.0,Music-heavy,Credit card,0,No ticket,Web,0
SW-6758,25-34,Family,14,18.99,5.2,Podcast-heavy,Credit card,0,No ticket,Android,1
SW-6759,25-34,Basic,10,7.99,7.1,Balanced,PayPal,0,No ticket,Web,0
SW-6760,25-34,Free,13,0.0,2.3,Music-heavy,PayPal,1,Account,Web,0
SW-6761,35-49,Basic,5,7.99,4.6,Podcast-heavy,PayPal,3,Billing,Web,0
SW-6762,50 plus,Premium,20,12.99,4.2,Balanced,Credit card,0,No ticket,iOS,0
SW-6763,50 plus,Premium,6,12.99,10.3,Music-heavy,PayPal,1,Playback,Android,0
SW-6764,Under 25,Premium,8,12.99,11.2,Low-usage,PayPal,0,No ticket,Partner promo,1
SW-6765,50 plus,Premium,19,12.99,7.1,Podcast-heavy,Credit card,0,No ticket,iOS,0
SW-6766,35-49,Basic,28,7.99,5.9,Music-heavy,Gift card,0,No ticket,Android,0
SW-6767,25-34,Family,36,18.99,4.5,Music-heavy,PayPal,0,No ticket,Web,0
SW-6768,Under 25,Free,25,0.0,8.3,Podcast-heavy,Gift card,0,No ticket,Android,0
SW-6769,25-34,Family,10,18.99,3.7,Music-heavy,PayPal,0,No ticket,Android,0
SW-6770,50 plus,Basic,4,7.99,27.6,Music-heavy,PayPal,2,Billing,Web,0
SW-6771,35-49,Premium,32,12.99,2.4,Music-heavy,PayPal,3,Billing,Android,0
SW-6772,35-49,Basic,31,7.99,4.7,Podcast-heavy,Credit card,0,No ticket,Web,0
SW-6773,25-34,Basic,7,7.99,16.0,Podcast-heavy,PayPal,1,Account,Android,0
SW-6774,35-49,Basic,23,7.99,5.8,Music-heavy,Credit card,1,Billing,Android,0
SW-6775,Under 25,Basic,10,7.99,13.7,Balanced,Debit,0,No ticket,Android,0
SW-6776,25-34,Basic,34,7.99,31.6,Low-usage,PayPal,0,No ticket,Partner promo,0
SW-6777,35-49,Basic,8,7.99,15.6,Low-usage,Debit,0,No ticket,Partner promo,0
SW-6778,Under 25,Premium,48,12.99,3.1,Low-usage,PayPal,2,Billing,Android,1
SW-6779,35-49,Premium,21,12.99,3.2,Balanced,Credit card,1,Playback,Android,0
SW-6780,25-34,Premium,42,12.99,6.9,Music-heavy,Credit card,0,No ticket,Web,0
SW-6781,35-49,Family,9,18.99,11.4,Music-heavy,Credit card,1,Playback,iOS,0
SW-6782,25-34,Premium,16,12.99,21.0,Podcast-heavy,Credit card,2,Billing,Web,0
SW-6783,35-49,Premium,6,12.99,4.3,Balanced,Debit,2,Playback,Web,0
SW-6784,Under 25,Premium,22,12.99,5.4,Balanced,Debit,0,No ticket,iOS,0
SW-6785,Under 25,Basic,23,7.99,6.5,Music-heavy,Credit card,1,Billing,Android,0
SW-6786,50 plus,Premium,60,12.99,6.4,Podcast-heavy,Credit card,0,No ticket,iOS,0
SW-6787,25-34,Free,17,0.0,26.5,Balanced,Credit card,1,Account,Android,0
SW-6788,35-49,Family,20,18.99,7.4,Podcast-heavy,Debit,0,No ticket,iOS,0
SW-6789,50 plus,Premium,9,12.99,9.0,Podcast-heavy,Debit,1,Billing,Android,0
SW-6790,Under 25,Basic,18,7.99,16.6,Music-heavy,Credit card,1,Playback,Android,0
SW-6791,25-34,Premium,9,12.99,28.6,Low-usage,PayPal,2,Billing,iOS,1
SW-6792,35-49,Free,13,0.0,7.8,Podcast-heavy,Credit card,1,Playback,Partner promo,0
SW-6793,50 plus,Basic,14,7.99,21.9,Podcast-heavy,Debit,0,No ticket,Web,0
SW-6794,50 plus,Free,9,0.0,34.5,Music-heavy,Credit card,0,No ticket,Partner promo,0
SW-6795,25-34,Premium,13,12.99,7.3,Podcast-heavy,Gift card,0,No ticket,Web,1
SW-6796,35-49,Premium,9,12.99,5.1,Music-heavy,Credit card,1,Account,iOS,0
SW-6797,Under 25,Premium,9,12.99,40.0,Music-heavy,Debit,0,No ticket,Partner promo,0
SW-6798,50 plus,Free,25,0.0,19.6,Music-heavy,Credit card,0,No ticket,Android,0
SW-6799,50 plus,Premium,14,12.99,8.1,Music-heavy,Credit card,1,Billing,iOS,0
SW-6800,Under 25,Premium,15,12.99,13.5,Podcast-heavy,Credit card,0,No ticket,Android,0
SW-6801,25-34,Basic,4,7.99,3.5,Podcast-heavy,Credit card,2,Account,Web,0
SW-6802,Under 25,Premium,16,12.99,19.4,Low-usage,PayPal,1,Billing,Web,0
SW-6803,25-34,Free,17,0.0,1.9,Music-heavy,Credit card,2,Billing,Web,0
SW-6804,35-49,Basic,9,7.99,18.8,Music-heavy,Debit,0,No ticket,Web,0
SW-6805,25-34,Premium,52,12.99,4.5,Low-usage,Debit,0,No ticket,Partner promo,1
SW-6806,Under 25,Premium,2,12.99,2.1,Music-heavy,Credit card,0,No ticket,Android,0
SW-6807,25-34,Free,21,0.0,1.6,Music-heavy,Credit card,2,Billing,iOS,1
SW-6808,50 plus,Basic,20,7.99,5.5,Music-heavy,PayPal,0,No ticket,Android,0
SW-6809,35-49,Basic,18,7.99,14.1,Balanced,Credit card,1,Playback,Web,0
SW-6810,25-34,Basic,14,7.99,2.6,Balanced,Credit card,1,Playback,Web,0
SW-6811,Under 25,Basic,18,7.99,3.0,Music-heavy,Debit,1,Billing,Android,0
SW-6812,50 plus,Basic,22,7.99,5.4,Balanced,Credit card,1,Billing,iOS,0
SW-6813,35-49,Premium,7,12.99,15.3,Podcast-heavy,Credit card,1,Content,Web,0
SW-6814,25-34,Basic,15,7.99,16.9,Low-usage,Credit card,1,Playback,Android,0
SW-6815,Under 25,Premium,11,12.99,8.9,Music-heavy,Gift card,2,Billing,Partner promo,0
SW-6816,Under 25,Premium,6,12.99,17.6,Balanced,Credit card,0,No ticket,iOS,0
SW-6817,Under 25,Free,20,0.0,13.9,Music-heavy,Gift card,0,No ticket,Web,0
SW-6818,35-49,Free,8,0.0,5.7,Podcast-heavy,Credit card,0,No ticket,iOS,0
SW-6819,50 plus,Family,4,18.99,16.6,Music-heavy,Credit card,0,No ticket,Android,0
SW-6820,25-34,Free,8,0.0,2.9,Balanced,PayPal,0,No ticket,Android,0
SW-6821,50 plus,Free,7,0.0,11.8,Balanced,Credit card,0,No ticket,Partner promo,0
SW-6822,25-34,Free,25,0.0,3.1,Podcast-heavy,Credit card,0,No ticket,Partner promo,0
SW-6823,35-49,Premium,13,12.99,9.0,Balanced,Credit card,0,No ticket,Android,0
SW-6824,35-49,Premium,32,12.99,21.2,Balanced,Gift card,0,No ticket,Android,0
SW-6825,Under 25,Family,8,18.99,9.5,Balanced,Credit card,0,No ticket,iOS,0
SW-6826,25-34,Family,22,18.99,7.9,Music-heavy,PayPal,2,Billing,Android,1
SW-6827,35-49,Basic,60,7.99,9.6,Podcast-heavy,Credit card,2,Account,Android,0
SW-6828,Under 25,Basic,15,7.99,13.6,Music-heavy,Credit card,1,Account,Web,0
SW-6829,25-34,Basic,22,7.99,40.0,Podcast-heavy,Credit card,1,Billing,iOS,0
SW-6830,25-34,Basic,19,7.99,13.5,Balanced,PayPal,0,No ticket,Web,0
SW-6831,50 plus,Free,4,0.0,5.4,Balanced,Debit,0,No ticket,Partner promo,1
SW-6832,25-34,Free,18,0.0,6.8,Balanced,Debit,1,Content,iOS,0
SW-6833,35-49,Free,15,0.0,3.9,Music-heavy,Credit card,0,No ticket,Android,0
SW-6834,25-34,Basic,10,7.99,3.0,Balanced,Credit card,0,No ticket,iOS,0
SW-6835,35-49,Basic,6,7.99,1.1,Music-heavy,Debit,0,No ticket,Android,0
SW-6836,35-49,Family,20,18.99,5.5,Low-usage,Debit,0,No ticket,Web,0
SW-6837,50 plus,Premium,6,12.99,2.6,Music-heavy,Debit,0,No ticket,Android,0
SW-6838,25-34,Family,53,18.99,8.6,Balanced,Credit card,0,No ticket,Web,0
SW-6839,35-49,Basic,13,7.99,5.3,Balanced,Gift card,0,No ticket,iOS,0
SW-6840,35-49,Basic,5,7.99,3.4,Low-usage,Credit card,0,No ticket,Web,0
SW-6841,25-34,Basic,8,7.99,1.5,Podcast-heavy,Credit card,0,No ticket,iOS,0
SW-6842,Under 25,Basic,10,7.99,6.0,Music-heavy,PayPal,3,Billing,Android,1
SW-6843,Under 25,Free,60,0.0,2.0,Podcast-heavy,Debit,1,Account,Android,0
SW-6844,Under 25,Family,6,18.99,14.1,Music-heavy,Credit card,0,No ticket,Web,0
SW-6845,50 plus,Family,11,18.99,9.8,Balanced,PayPal,0,No ticket,iOS,0
SW-6846,25-34,Free,8,0.0,6.7,Low-usage,Credit card,0,No ticket,Android,0
SW-6847,Under 25,Basic,17,7.99,25.5,Music-heavy,Credit card,1,Billing,Android,0
SW-6848,35-49,Basic,8,7.99,8.1,Podcast-heavy,Debit,0,No ticket,Web,0
SW-6849,25-34,Basic,5,7.99,10.9,Low-usage,Credit card,1,Content,iOS,0
SW-6850,25-34,Basic,10,7.99,13.9,Music-heavy,Credit card,0,No ticket,iOS,0
SW-6851,Under 25,Free,10,0.0,5.3,Podcast-heavy,Credit card,1,Playback,Web,0
SW-6852,50 plus,Basic,8,7.99,5.3,Balanced,Credit card,0,No ticket,Android,0
SW-6853,50 plus,Basic,8,7.99,8.3,Low-usage,Credit card,0,No ticket,Android,0
SW-6854,50 plus,Basic,28,7.99,2.7,Podcast-heavy,PayPal,1,Billing,Web,0
SW-6855,25-34,Free,10,0.0,33.4,Music-heavy,Debit,1,Playback,iOS,0
SW-6856,35-49,Basic,5,7.99,9.1,Music-heavy,Credit card,0,No ticket,Android,0
SW-6857,Under 25,Family,9,18.99,6.8,Podcast-heavy,Debit,0,No ticket,iOS,0
SW-6858,Under 25,Basic,12,7.99,40.0,Music-heavy,PayPal,1,Billing,Web,0
SW-6859,Under 25,Family,5,18.99,3.3,Music-heavy,Debit,0,No ticket,Android,0
SW-6860,35-49,Premium,37,12.99,27.3,Low-usage,Credit card,0,No ticket,Partner promo,1
SW-6861,25-34,Family,22,18.99,15.3,Balanced,Credit card,0,No ticket,Android,0
SW-6862,25-34,Premium,33,12.99,19.6,Balanced,PayPal,1,Billing,Partner promo,0
SW-6863,Under 25,Premium,16,12.99,7.0,Music-heavy,Credit card,1,Playback,Partner promo,0
SW-6864,25-34,Family,3,18.99,8.4,Music-heavy,Credit card,2,Billing,iOS,1
SW-6865,35-49,Free,35,0.0,6.1,Balanced,Debit,3,Account,Android,0
SW-6866,25-34,Basic,7,7.99,17.8,Balanced,Credit card,1,Account,Android,0
SW-6867,35-49,Family,7,18.99,10.9,Balanced,Gift card,0,No ticket,Web,0
SW-6868,25-34,Premium,13,12.99,5.1,Low-usage,PayPal,0,No ticket,Web,0
SW-6869,35-49,Family,31,18.99,5.3,Balanced,Debit,0,No ticket,iOS,0
SW-6870,35-49,Premium,25,12.99,7.9,Podcast-heavy,PayPal,0,No ticket,Partner promo,0
SW-6871,Under 25,Family,23,18.99,6.1,Music-heavy,Credit card,1,Account,iOS,0
SW-6872,25-34,Premium,10,12.99,25.4,Podcast-heavy,PayPal,0,No ticket,iOS,0
SW-6873,35-49,Premium,10,12.99,15.3,Balanced,Debit,0,No ticket,Android,0
SW-6874,35-49,Premium,15,12.99,15.2,Music-heavy,Credit card,1,Playback,iOS,0
SW-6875,25-34,Family,11,18.99,9.6,Balanced,PayPal,1,Playback,Web,0
SW-6876,25-34,Premium,22,12.99,4.1,Music-heavy,PayPal,0,No ticket,iOS,0
SW-6877,50 plus,Premium,21,12.99,14.0,Balanced,Gift card,1,Account,Android,0
SW-6878,35-49,Premium,18,12.99,1.5,Music-heavy,Debit,0,No ticket,Android,0
SW-6879,25-34,Basic,2,7.99,9.2,Podcast-heavy,Credit card,1,Billing,Android,0
SW-6880,25-34,Free,13,0.0,4.2,Balanced,Credit card,1,Account,iOS,0
SW-6881,Under 25,Family,11,18.99,3.9,Music-heavy,Credit card,0,No ticket,Partner promo,0
SW-6882,35-49,Premium,13,12.99,5.5,Podcast-heavy,Credit card,0,No ticket,iOS,0
SW-6883,25-34,Basic,7,7.99,7.5,Music-heavy,Credit card,1,Playback,iOS,0
SW-6884,50 plus,Free,5,0.0,7.9,Low-usage,Debit,0,No ticket,Android,0
SW-6885,25-34,Premium,17,12.99,15.1,Balanced,Debit,2,Playback,Android,0
SW-6886,25-34,Premium,9,12.99,7.0,Low-usage,Credit card,0,No ticket,Android,0
SW-6887,35-49,Premium,18,12.99,7.4,Balanced,Credit card,1,Billing,Web,0
SW-6888,50 plus,Premium,8,12.99,2.6,Balanced,Credit card,1,Billing,iOS,0
SW-6889,35-49,Basic,32,7.99,2.9,Music-heavy,Debit,0,No ticket,Web,0
SW-6890,25-34,Basic,24,7.99,10.1,Music-heavy,Gift card,0,No ticket,Web,0
SW-6891,35-49,Premium,15,12.99,13.2,Low-usage,Debit,0,No ticket,Partner promo,1
SW-6892,35-49,Premium,10,12.99,6.5,Podcast-heavy,Credit card,1,Content,Android,0
SW-6893,25-34,Free,22,0.0,16.9,Balanced,Credit card,0,No ticket,Android,0
SW-6894,Under 25,Premium,16,12.99,2.6,Music-heavy,PayPal,2,Billing,Web,1
SW-6895,25-34,Premium,14,12.99,11.0,Music-heavy,Credit card,0,No ticket,Web,0
SW-6896,25-34,Premium,25,12.99,4.0,Podcast-heavy,Gift card,0,No ticket,iOS,0
SW-6897,50 plus,Family,33,18.99,3.8,Music-heavy,Credit card,1,Playback,Android,0
SW-6898,25-34,Free,5,0.0,4.3,Balanced,Credit card,0,No ticket,Android,0
SW-6899,50 plus,Premium,6,12.99,7.5,Podcast-heavy,Credit card,2,Billing,Partner promo,0
SW-6900,25-34,Free,7,0.0,11.4,Balanced,PayPal,1,Playback,Partner promo,0
SW-6901,35-49,Free,4,0.0,10.7,Music-heavy,Credit card,0,No ticket,iOS,0
SW-6902,25-34,Basic,11,7.99,6.3,Low-usage,Credit card,2,Playback,Android,0
SW-6903,Under 25,Free,18,0.0,13.3,Music-heavy,Credit card,0,No ticket,Web,0
SW-6904,25-34,Premium,12,12.99,30.8,Music-heavy,Credit card,1,Playback,Web,0
SW-6905,Under 25,Premium,8,12.99,7.3,Balanced,Gift card,1,Billing,Web,0
SW-6906,35-49,Free,26,0.0,8.6,Music-heavy,Credit card,1,Playback,Web,0
SW-6907,25-34,Free,13,0.0,4.9,Music-heavy,Credit card,0,No ticket,Web,0
SW-6908,35-49,Premium,15,12.99,5.8,Music-heavy,Credit card,1,Billing,Android,0
SW-6909,25-34,Premium,27,12.99,21.7,Podcast-heavy,Credit card,1,Billing,iOS,0
SW-6910,Under 25,Basic,11,7.99,21.9,Low-usage,Debit,2,Playback,Android,0
SW-6911,25-34,Premium,51,12.99,6.8,Podcast-heavy,Credit card,1,Content,Partner promo,0
SW-6912,50 plus,Premium,9,12.99,11.8,Balanced,Debit,0,No ticket,Partner promo,0
SW-6913,35-49,Premium,49,12.99,16.7,Music-heavy,PayPal,2,Playback,Partner promo,0
SW-6914,25-34,Basic,6,7.99,5.6,Music-heavy,Credit card,1,Playback,Android,0
SW-6915,25-34,Premium,17,12.99,2.8,Music-heavy,PayPal,1,Playback,iOS,0
SW-6916,Under 25,Premium,8,12.99,13.9,Low-usage,PayPal,0,No ticket,Android,0
SW-6917,50 plus,Premium,26,12.99,16.4,Music-heavy,Credit card,0,No ticket,Android,0
SW-6918,35-49,Premium,9,12.99,14.6,Low-usage,Credit card,1,Billing,Partner promo,1
SW-6919,25-34,Family,15,18.99,5.9,Music-heavy,PayPal,1,Billing,Partner promo,0
SW-6920,35-49,Basic,8,7.99,27.1,Balanced,Debit,0,No ticket,Android,0
SW-6921,Under 25,Family,23,18.99,10.0,Low-usage,Credit card,0,No ticket,iOS,0
SW-6922,50 plus,Premium,8,12.99,3.2,Music-heavy,Credit card,3,Billing,Partner promo,1
SW-6923,Under 25,Premium,39,12.99,2.2,Balanced,Debit,1,Account,Partner promo,0
SW-6924,35-49,Free,6,0.0,6.3,Music-heavy,Credit card,1,Billing,iOS,0
SW-6925,25-34,Basic,5,7.99,9.6,Music-heavy,Debit,0,No ticket,Android,0
SW-6926,35-49,Premium,23,12.99,6.4,Music-heavy,Debit,1,Account,Android,0
SW-6927,35-49,Premium,8,12.99,39.4,Low-usage,PayPal,0,No ticket,Partner promo,1
SW-6928,35-49,Free,12,0.0,11.1,Music-heavy,Debit,0,No ticket,Android,0
SW-6929,35-49,Premium,10,12.99,3.7,Music-heavy,Debit,1,Content,Web,0
SW-6930,50 plus,Free,5,0.0,1.3,Low-usage,Debit,0,No ticket,iOS,1
SW-6931,Under 25,Family,11,18.99,9.7,Music-heavy,Credit card,3,Content,iOS,0
SW-6932,25-34,Family,29,18.99,17.6,Podcast-heavy,PayPal,1,Playback,Android,0
SW-6933,25-34,Free,24,0.0,35.5,Low-usage,Debit,0,No ticket,Web,0
SW-6934,50 plus,Family,14,18.99,6.8,Music-heavy,PayPal,0,No ticket,Web,0
SW-6935,25-34,Family,26,18.99,31.7,Music-heavy,PayPal,1,Playback,Partner promo,0
SW-6936,35-49,Basic,6,7.99,2.7,Balanced,Debit,2,Billing,iOS,1
SW-6937,35-49,Premium,10,12.99,6.1,Music-heavy,Credit card,0,No ticket,iOS,0
SW-6938,Under 25,Basic,16,7.99,3.6,Music-heavy,PayPal,1,Billing,Android,0
SW-6939,25-34,Premium,11,12.99,15.1,Podcast-heavy,Credit card,0,No ticket,iOS,0
SW-6940,25-34,Basic,10,7.99,2.8,Balanced,Gift card,1,Playback,Android,0
SW-6941,25-34,Basic,5,7.99,11.0,Music-heavy,Credit card,1,Account,iOS,0
SW-6942,25-34,Basic,3,7.99,3.0,Music-heavy,Credit card,0,No ticket,Android,0
SW-6943,Under 25,Free,21,0.0,32.6,Music-heavy,PayPal,0,No ticket,iOS,0
SW-6944,50 plus,Premium,14,12.99,5.9,Music-heavy,PayPal,0,No ticket,Partner promo,0
SW-6945,50 plus,Basic,23,7.99,10.8,Balanced,PayPal,0,No ticket,iOS,0
SW-6946,25-34,Basic,9,7.99,1.9,Music-heavy,Credit card,0,No ticket,iOS,0
SW-6947,25-34,Family,7,18.99,2.4,Balanced,PayPal,0,No ticket,Partner promo,0
SW-6948,Under 25,Premium,12,12.99,4.3,Podcast-heavy,Debit,1,Playback,Android,1
SW-6949,35-49,Premium,22,12.99,15.8,Music-heavy,Credit card,0,No ticket,Android,0
SW-6950,35-49,Family,10,18.99,13.6,Music-heavy,PayPal,1,Content,Web,0
SW-6951,Under 25,Family,21,18.99,19.1,Music-heavy,Debit,0,No ticket,iOS,0
SW-6952,Under 25,Basic,6,7.99,2.4,Music-heavy,Credit card,1,Account,iOS,0
SW-6953,35-49,Premium,11,12.99,12.0,Balanced,Credit card,0,No ticket,Web,0
SW-6954,35-49,Family,11,18.99,5.1,Balanced,Debit,1,Playback,iOS,0
SW-6955,Under 25,Basic,28,7.99,4.2,Music-heavy,PayPal,1,Playback,Partner promo,0
SW-6956,35-49,Basic,14,7.99,5.2,Balanced,Credit card,1,Account,Web,0
SW-6957,25-34,Premium,41,12.99,7.3,Low-usage,PayPal,0,No ticket,Partner promo,1
SW-6958,25-34,Free,5,0.0,13.6,Music-heavy,PayPal,2,Billing,Web,1
SW-6959,35-49,Premium,13,12.99,19.6,Podcast-heavy,Credit card,1,Billing,Android,0
SW-6960,35-49,Premium,14,12.99,12.1,Balanced,Credit card,0,No ticket,iOS,0
SW-6961,25-34,Family,19,18.99,13.3,Music-heavy,Debit,0,No ticket,iOS,0
SW-6962,50 plus,Premium,7,12.99,34.4,Balanced,PayPal,1,Billing,Android,0
SW-6963,25-34,Basic,39,7.99,14.0,Low-usage,Debit,1,Playback,Web,0
SW-6964,35-49,Free,12,0.0,6.7,Music-heavy,PayPal,0,No ticket,iOS,0
SW-6965,25-34,Family,6,18.99,12.7,Balanced,Debit,0,No ticket,Web,0
SW-6966,50 plus,Basic,12,7.99,31.4,Music-heavy,Debit,0,No ticket,Web,0
SW-6967,50 plus,Basic,10,7.99,4.0,Music-heavy,Credit card,0,No ticket,Web,0
SW-6968,Under 25,Family,60,18.99,5.7,Podcast-heavy,Credit card,0,No ticket,iOS,0
SW-6969,50 plus,Premium,25,12.99,25.5,Music-heavy,Debit,0,No ticket,iOS,0
SW-6970,35-49,Basic,12,7.99,6.3,Podcast-heavy,PayPal,0,No ticket,Web,0
SW-6971,35-49,Family,11,18.99,14.7,Music-heavy,Credit card,0,No ticket,Web,0
SW-6972,Under 25,Family,23,18.99,22.4,Balanced,Debit,0,No ticket,Web,0
SW-6973,35-49,Free,24,0.0,2.9,Podcast-heavy,Debit,1,Account,Web,0
SW-6974,50 plus,Family,2,18.99,5.8,Podcast-heavy,Credit card,0,No ticket,Web,0
SW-6975,25-34,Basic,19,7.99,21.0,Music-heavy,Debit,0,No ticket,Web,0
SW-6976,50 plus,Premium,12,12.99,7.2,Music-heavy,Credit card,0,No ticket,Partner promo,0
SW-6977,Under 25,Family,5,18.99,1.6,Music-heavy,Debit,0,No ticket,Android,0
SW-6978,Under 25,Family,22,18.99,5.3,Balanced,Debit,1,Playback,Android,0
SW-6979,25-34,Basic,58,7.99,15.1,Music-heavy,PayPal,0,No ticket,Android,0
SW-6980,35-49,Basic,18,7.99,22.2,Balanced,Credit card,0,No ticket,Android,0
SW-6981,35-49,Free,26,0.0,8.3,Music-heavy,Credit card,0,No ticket,Android,0
SW-6982,Under 25,Premium,42,12.99,11.8,Balanced,Credit card,0,No ticket,Android,0
SW-6983,50 plus,Free,7,0.0,6.0,Podcast-heavy,PayPal,0,No ticket,Android,0
SW-6984,Under 25,Basic,3,7.99,16.5,Podcast-heavy,Credit card,0,No ticket,Partner promo,0
SW-6985,Under 25,Premium,19,12.99,25.0,Low-usage,Credit card,0,No ticket,Partner promo,1
SW-6986,Under 25,Basic,10,7.99,14.8,Podcast-heavy,Gift card,0,No ticket,Web,0
SW-6987,35-49,Free,5,0.0,7.3,Balanced,Credit card,2,Playback,Web,0
SW-6988,50 plus,Premium,11,12.99,11.3,Balanced,Credit card,0,No ticket,Android,0
SW-6989,35-49,Basic,20,7.99,17.1,Podcast-heavy,Debit,1,Playback,iOS,0
SW-6990,35-49,Basic,11,7.99,8.2,Balanced,Debit,1,Content,Partner promo,0
SW-6991,Under 25,Family,7,18.99,15.2,Balanced,Credit card,1,Content,iOS,0
SW-6992,25-34,Premium,10,12.99,10.8,Podcast-heavy,Debit,0,No ticket,iOS,0
SW-6993,25-34,Basic,12,7.99,24.9,Music-heavy,Credit card,1,Playback,iOS,0
SW-6994,25-34,Free,3,0.0,14.0,Podcast-heavy,Credit card,0,No ticket,Android,0
SW-6995,Under 25,Premium,11,12.99,5.4,Music-heavy,Credit card,2,Billing,Android,0
SW-6996,35-49,Basic,5,7.99,24.6,Podcast-heavy,Credit card,0,No ticket,iOS,0
SW-6997,25-34,Premium,19,12.99,11.6,Balanced,Debit,0,No ticket,Android,0
SW-6998,35-49,Basic,4,7.99,7.2,Balanced,Credit card,0,No ticket,Web,0
SW-6999,25-34,Basic,24,7.99,2.7,Balanced,Debit,1,Billing,iOS,0
SW-7000,Under 25,Basic,9,7.99,9.6,Balanced,Credit card,0,No ticket,iOS,0
SW-7001,35-49,Premium,8,12.99,34.7,Music-heavy,Credit card,1,Playback,Partner promo,0
SW-7002,Under 25,Family,15,18.99,0.9,Music-heavy,Credit card,1,Content,Partner promo,0
SW-7003,50 plus,Premium,7,12.99,0.9,Low-usage,Credit card,0,No ticket,Partner promo,1
SW-7004,35-49,Premium,15,12.99,14.8,Podcast-heavy,Credit card,2,Playback,Web,0
SW-7005,Under 25,Free,7,0.0,9.7,Balanced,Debit,1,Playback,Android,0
SW-7006,50 plus,Premium,8,12.99,13.7,Low-usage,PayPal,0,No ticket,Partner promo,0
SW-7007,25-34,Family,16,18.99,5.3,Music-heavy,Debit,0,No ticket,iOS,0
SW-7008,Under 25,Basic,5,7.99,1.4,Podcast-heavy,Debit,0,No ticket,Web,0
SW-7009,35-49,Family,5,18.99,4.1,Podcast-heavy,Credit card,0,No ticket,iOS,0
SW-7010,25-34,Premium,14,12.99,27.9,Music-heavy,Debit,0,No ticket,Android,0
SW-7011,35-49,Family,12,18.99,5.6,Podcast-heavy,Debit,0,No ticket,iOS,0
SW-7012,35-49,Premium,14,12.99,5.6,Music-heavy,Credit card,0,No ticket,Partner promo,0
SW-7013,50 plus,Free,15,0.0,1.0,Music-heavy,PayPal,1,Playback,Android,0
SW-7014,25-34,Premium,12,12.99,1.9,Low-usage,Credit card,2,Playback,Partner promo,1
SW-7015,25-34,Basic,18,7.99,19.4,Podcast-heavy,Credit card,0,No ticket,iOS,1
SW-7016,35-49,Basic,13,7.99,6.5,Balanced,Credit card,0,No ticket,Web,0
SW-7017,Under 25,Premium,3,12.99,17.7,Music-heavy,PayPal,0,No ticket,Android,0
SW-7018,25-34,Premium,4,12.99,4.4,Music-heavy,PayPal,0,No ticket,Android,0
SW-7019,25-34,Family,46,18.99,2.5,Balanced,PayPal,0,No ticket,iOS,0
SW-7020,Under 25,Basic,12,7.99,6.5,Balanced,Debit,0,No ticket,iOS,0
SW-7021,25-34,Premium,23,12.99,5.1,Music-heavy,Debit,1,Playback,iOS,0
SW-7022,50 plus,Family,9,18.99,4.1,Podcast-heavy,Credit card,1,Playback,Android,0
SW-7023,50 plus,Family,12,18.99,4.2,Music-heavy,Credit card,1,Account,Android,0
SW-7024,Under 25,Basic,9,7.99,7.2,Music-heavy,PayPal,0,No ticket,Android,0
SW-7025,Under 25,Premium,60,12.99,5.4,Balanced,Credit card,0,No ticket,Partner promo,0
SW-7026,25-34,Basic,14,7.99,3.8,Low-usage,Credit card,0,No ticket,Android,0
SW-7027,50 plus,Basic,8,7.99,33.9,Balanced,Credit card,0,No ticket,Web,0
SW-7028,Under 25,Basic,4,7.99,11.5,Low-usage,Credit card,0,No ticket,Android,1
SW-7029,35-49,Premium,48,12.99,9.1,Podcast-heavy,Credit card,0,No ticket,Android,0
SW-7030,Under 25,Basic,11,7.99,7.6,Low-usage,Credit card,1,Playback,Web,0
SW-7031,35-49,Premium,20,12.99,13.6,Music-heavy,Credit card,1,Billing,iOS,0
SW-7032,25-34,Family,22,18.99,12.2,Music-heavy,Credit card,0,No ticket,Android,0
SW-7033,35-49,Free,9,0.0,3.5,Balanced,Credit card,0,No ticket,Android,0
SW-7034,25-34,Premium,19,12.99,2.3,Low-usage,PayPal,0,No ticket,Partner promo,1
SW-7035,35-49,Premium,8,12.99,1.3,Music-heavy,Debit,1,Account,Android,0
SW-7036,25-34,Basic,6,7.99,33.5,Balanced,Debit,0,No ticket,Web,0
SW-7037,35-49,Premium,27,12.99,5.6,Music-heavy,Debit,2,Billing,Android,0
SW-7038,50 plus,Basic,11,7.99,12.8,Podcast-heavy,Credit card,1,Account,Android,0
SW-7039,Under 25,Family,17,18.99,9.4,Music-heavy,PayPal,1,Account,iOS,0
SW-7040,50 plus,Basic,16,7.99,16.6,Balanced,PayPal,2,Billing,Web,1
SW-7041,35-49,Basic,19,7.99,7.6,Music-heavy,Credit card,0,No ticket,Web,0
SW-7042,Under 25,Premium,4,12.99,2.8,Podcast-heavy,Credit card,1,Playback,Web,0
SW-7043,25-34,Basic,8,7.99,3.5,Music-heavy,Debit,1,Billing,Android,0
SW-7044,Under 25,Basic,10,7.99,6.0,Balanced,Credit card,1,Billing,Web,0
SW-7045,35-49,Basic,7,7.99,2.3,Balanced,PayPal,1,Playback,Web,0
SW-7046,35-49,Basic,16,7.99,4.0,Music-heavy,Debit,0,No ticket,Web,0
SW-7047,Under 25,Premium,28,12.99,3.1,Low-usage,Credit card,0,No ticket,Partner promo,0
SW-7048,25-34,Premium,31,12.99,6.2,Music-heavy,Credit card,0,No ticket,Web,0
SW-7049,35-49,Premium,9,12.99,5.4,Podcast-heavy,Debit,2,Playback,Web,0
SW-7050,50 plus,Premium,15,12.99,8.8,Podcast-heavy,Credit card,0,No ticket,iOS,0
SW-7051,25-34,Premium,16,12.99,15.8,Low-usage,PayPal,0,No ticket,Partner promo,1
SW-7052,50 plus,Free,19,0.0,6.6,Balanced,Credit card,3,Account,iOS,0
SW-7053,25-34,Premium,6,12.99,2.4,Low-usage,Gift card,0,No ticket,Android,0
SW-7054,25-34,Family,43,18.99,1.6,Music-heavy,Credit card,4,Billing,Web,0
SW-7055,50 plus,Basic,23,7.99,9.1,Podcast-heavy,Debit,0,No ticket,Web,0
SW-7056,25-34,Basic,23,7.99,4.7,Podcast-heavy,Credit card,1,Content,Web,0
SW-7057,25-34,Premium,28,12.99,7.1,Podcast-heavy,Credit card,1,Billing,Partner promo,0
SW-7058,25-34,Premium,17,12.99,10.4,Music-heavy,Debit,0,No ticket,Web,0
SW-7059,50 plus,Premium,6,12.99,25.4,Music-heavy,Credit card,0,No ticket,Partner promo,0
SW-7060,35-49,Free,11,0.0,2.0,Music-heavy,Credit card,0,No ticket,Android,0
SW-7061,25-34,Premium,4,12.99,3.6,Podcast-heavy,Credit card,1,Content,iOS,0
SW-7062,25-34,Free,16,0.0,7.5,Balanced,Credit card,0,No ticket,Android,0
SW-7063,25-34,Basic,11,7.99,3.2,Music-heavy,Credit card,1,Billing,iOS,0
SW-7064,35-49,Premium,12,12.99,2.4,Music-heavy,PayPal,0,No ticket,iOS,0
SW-7065,25-34,Basic,28,7.99,22.8,Music-heavy,Credit card,0,No ticket,Android,0
SW-7066,35-49,Free,9,0.0,3.5,Balanced,Credit card,2,Playback,Android,0
SW-7067,25-34,Family,10,18.99,2.8,Music-heavy,Credit card,0,No ticket,Web,0
SW-7068,25-34,Family,12,18.99,3.2,Podcast-heavy,PayPal,1,Account,Android,0
SW-7069,Under 25,Premium,3,12.99,19.1,Balanced,PayPal,0,No ticket,Android,0
SW-7070,25-34,Basic,10,7.99,4.6,Balanced,Debit,1,Playback,iOS,0
SW-7071,50 plus,Basic,2,7.99,2.6,Balanced,PayPal,0,No ticket,Partner promo,0
SW-7072,25-34,Family,8,18.99,4.1,Music-heavy,PayPal,0,No ticket,Web,0
SW-7073,Under 25,Premium,22,12.99,7.7,Balanced,Credit card,2,Billing,Partner promo,1
SW-7074,25-34,Family,16,18.99,16.3,Balanced,Credit card,1,Playback,Android,0
SW-7075,25-34,Basic,8,7.99,15.3,Balanced,Credit card,0,No ticket,Android,0
SW-7076,Under 25,Basic,12,7.99,4.3,Music-heavy,Credit card,0,No ticket,Android,0
SW-7077,25-34,Family,6,18.99,5.2,Music-heavy,Debit,0,No ticket,Android,0
SW-7078,25-34,Premium,12,12.99,40.0,Balanced,Debit,2,Billing,iOS,1
SW-7079,25-34,Free,60,0.0,17.7,Low-usage,Debit,0,No ticket,Android,0
SW-7080,25-34,Basic,44,7.99,6.5,Balanced,Credit card,1,Content,Web,0
SW-7081,25-34,Premium,12,12.99,1.3,Balanced,PayPal,0,No ticket,iOS,0
SW-7082,50 plus,Free,13,0.0,5.5,Podcast-heavy,Credit card,1,Playback,Partner promo,1
SW-7083,25-34,Basic,6,7.99,2.8,Music-heavy,Credit card,1,Content,Web,0
SW-7084,25-34,Premium,7,12.99,4.0,Low-usage,Gift card,0,No ticket,Partner promo,1
SW-7085,25-34,Premium,15,12.99,3.7,Balanced,Credit card,0,No ticket,Android,0
SW-7086,25-34,Basic,8,7.99,6.6,Balanced,Credit card,2,Billing,iOS,1
SW-7087,35-49,Family,23,18.99,8.5,Low-usage,Debit,0,No ticket,iOS,0
SW-7088,Under 25,Basic,36,7.99,4.5,Music-heavy,PayPal,1,Billing,Android,0
SW-7089,35-49,Premium,15,12.99,2.9,Music-heavy,Credit card,1,Account,Android,0
SW-7090,Under 25,Free,13,0.0,6.9,Low-usage,Debit,0,No ticket,iOS,0
SW-7091,25-34,Premium,4,12.99,5.4,Music-heavy,PayPal,0,No ticket,iOS,0
SW-7092,35-49,Family,20,18.99,1.8,Balanced,Credit card,0,No ticket,Partner promo,0
SW-7093,25-34,Premium,5,12.99,13.0,Balanced,Credit card,1,Account,Partner promo,0
SW-7094,35-49,Premium,9,12.99,4.5,Music-heavy,Debit,0,No ticket,Android,0
SW-7095,Under 25,Premium,23,12.99,6.4,Balanced,Credit card,0,No ticket,Web,0
SW-7096,35-49,Premium,25,12.99,6.7,Music-heavy,Credit card,0,No ticket,iOS,0
SW-7097,Under 25,Family,9,18.99,7.9,Balanced,PayPal,0,No ticket,Partner promo,0
SW-7098,50 plus,Family,9,18.99,9.0,Music-heavy,Debit,0,No ticket,iOS,0
SW-7099,Under 25,Basic,7,7.99,2.8,Balanced,Credit card,2,Playback,Partner promo,0
SW-7100,50 plus,Premium,5,12.99,10.3,Low-usage,Credit card,1,Playback,Partner promo,1
SW-7101,25-34,Basic,8,7.99,6.1,Podcast-heavy,Debit,1,Account,Android,1
SW-7102,35-49,Basic,4,7.99,19.0,Balanced,Credit card,0,No ticket,Web,0
SW-7103,25-34,Free,19,0.0,15.4,Low-usage,Debit,3,Billing,iOS,0
SW-7104,50 plus,Basic,16,7.99,23.0,Balanced,PayPal,1,Account,Android,0
SW-7105,Under 25,Premium,18,12.99,3.8,Low-usage,Credit card,0,No ticket,Android,0
SW-7106,Under 25,Family,6,18.99,22.4,Podcast-heavy,Gift card,0,No ticket,Android,0
SW-7107,25-34,Premium,5,12.99,8.6,Podcast-heavy,PayPal,0,No ticket,Web,0
SW-7108,Under 25,Premium,12,12.99,13.9,Music-heavy,Credit card,0,No ticket,Partner promo,0
SW-7109,Under 25,Premium,13,12.99,13.7,Low-usage,Credit card,1,Playback,iOS,0
SW-7110,50 plus,Premium,11,12.99,11.6,Low-usage,Credit card,2,Billing,Partner promo,1
SW-7111,50 plus,Basic,10,7.99,3.3,Music-heavy,Credit card,2,Billing,iOS,0
SW-7112,25-34,Premium,40,12.99,17.2,Music-heavy,Credit card,0,No ticket,Android,0
SW-7113,50 plus,Premium,16,12.99,10.6,Podcast-heavy,Credit card,1,Account,iOS,0
SW-7114,25-34,Premium,48,12.99,2.5,Low-usage,Credit card,1,Playback,Android,0
SW-7115,25-34,Premium,29,12.99,5.4,Music-heavy,Credit card,2,Billing,iOS,0
SW-7116,35-49,Family,40,18.99,3.0,Low-usage,Credit card,0,No ticket,Android,0
SW-7117,35-49,Basic,6,7.99,2.6,Podcast-heavy,Credit card,1,Billing,Web,0
SW-7118,50 plus,Premium,18,12.99,15.8,Low-usage,Credit card,0,No ticket,Partner promo,1
SW-7119,25-34,Premium,9,12.99,2.4,Podcast-heavy,Credit card,0,No ticket,Web,0
SW-7120,35-49,Premium,4,12.99,2.8,Music-heavy,PayPal,1,Billing,Web,0
SW-7121,Under 25,Family,34,18.99,38.9,Podcast-heavy,Credit card,0,No ticket,Web,0
SW-7122,Under 25,Basic,10,7.99,5.6,Podcast-heavy,PayPal,0,No ticket,Web,0
SW-7123,Under 25,Basic,6,7.99,13.5,Music-heavy,Credit card,0,No ticket,Web,0
SW-7124,50 plus,Family,9,18.99,19.7,Music-heavy,Debit,1,Billing,iOS,0
SW-7125,35-49,Basic,7,7.99,14.9,Music-heavy,Credit card,0,No ticket,Web,0
SW-7126,35-49,Premium,7,12.99,9.0,Music-heavy,PayPal,3,Billing,Web,1
SW-7127,25-34,Basic,10,7.99,7.8,Balanced,Credit card,0,No ticket,Partner promo,0
SW-7128,25-34,Basic,40,7.99,12.3,Podcast-heavy,Gift card,1,Account,iOS,0
SW-7129,Under 25,Premium,8,12.99,6.7,Balanced,Credit card,1,Account,iOS,0
SW-7130,25-34,Free,38,0.0,13.9,Low-usage,Credit card,0,No ticket,Web,0
SW-7131,25-34,Family,22,18.99,6.5,Music-heavy,Credit card,2,Billing,iOS,1
SW-7132,35-49,Premium,16,12.99,7.1,Podcast-heavy,PayPal,0,No ticket,Android,0
SW-7133,25-34,Basic,20,7.99,36.0,Music-heavy,Gift card,0,No ticket,iOS,0
SW-7134,Under 25,Premium,12,12.99,5.4,Podcast-heavy,Credit card,0,No ticket,iOS,0
SW-7135,Under 25,Premium,30,12.99,8.1,Balanced,PayPal,2,Billing,Android,1
SW-7136,Under 25,Basic,18,7.99,11.3,Music-heavy,Debit,0,No ticket,Partner promo,0
SW-7137,25-34,Basic,4,7.99,11.9,Music-heavy,Debit,1,Billing,Android,0
SW-7138,50 plus,Basic,15,7.99,10.1,Music-heavy,Debit,0,No ticket,Web,0
SW-7139,35-49,Premium,21,12.99,2.9,Balanced,Credit card,0,No ticket,Android,0
SW-7140,35-49,Premium,10,12.99,9.1,Balanced,Credit card,0,No ticket,Web,0
SW-7141,25-34,Premium,13,12.99,9.7,Low-usage,PayPal,0,No ticket,Android,0
SW-7142,25-34,Premium,8,12.99,19.9,Low-usage,Credit card,1,Billing,iOS,0
SW-7143,Under 25,Premium,5,12.99,14.5,Music-heavy,PayPal,1,Billing,iOS,0
SW-7144,50 plus,Premium,4,12.99,21.0,Music-heavy,PayPal,0,No ticket,Android,0
SW-7145,35-49,Premium,4,12.99,3.6,Podcast-heavy,PayPal,1,Account,Android,0
SW-7146,Under 25,Basic,19,7.99,3.6,Podcast-heavy,Credit card,1,Account,Android,0
SW-7147,25-34,Family,2,18.99,10.4,Podcast-heavy,Credit card,2,Billing,Web,0
SW-7148,25-34,Premium,8,12.99,19.8,Music-heavy,Credit card,0,No ticket,Android,0
SW-7149,35-49,Premium,7,12.99,6.8,Low-usage,Gift card,0,No ticket,Partner promo,0
SW-7150,50 plus,Premium,10,12.99,4.4,Music-heavy,Credit card,0,No ticket,Web,0
SW-7151,35-49,Basic,3,7.99,2.2,Balanced,Credit card,1,Billing,iOS,0
SW-7152,25-34,Premium,16,12.99,10.7,Low-usage,Credit card,1,Billing,Android,0
SW-7153,Under 25,Basic,5,7.99,7.3,Music-heavy,Credit card,0,No ticket,iOS,1
SW-7154,Under 25,Premium,27,12.99,5.7,Music-heavy,Credit card,2,Content,Android,0
SW-7155,Under 25,Premium,8,12.99,16.5,Music-heavy,Credit card,0,No ticket,iOS,0
SW-7156,Under 25,Premium,11,12.99,7.5,Balanced,Credit card,0,No ticket,Partner promo,0
SW-7157,35-49,Premium,12,12.99,8.0,Low-usage,Gift card,0,No ticket,Partner promo,1
SW-7158,35-49,Premium,14,12.99,16.4,Music-heavy,Debit,1,Content,Web,0
SW-7159,Under 25,Basic,12,7.99,40.0,Music-heavy,Debit,1,Playback,iOS,0
SW-7160,35-49,Family,9,18.99,5.6,Music-heavy,Credit card,0,No ticket,iOS,0
SW-7161,Under 25,Premium,15,12.99,4.0,Podcast-heavy,PayPal,0,No ticket,Web,0
SW-7162,25-34,Premium,17,12.99,3.6,Balanced,PayPal,0,No ticket,iOS,1
SW-7163,25-34,Basic,7,7.99,11.7,Podcast-heavy,Gift card,2,Billing,Android,0
SW-7164,25-34,Premium,16,12.99,3.3,Low-usage,Credit card,0,No ticket,Android,0
SW-7165,25-34,Free,28,0.0,5.9,Music-heavy,PayPal,1,Billing,Partner promo,0
SW-7166,25-34,Premium,20,12.99,6.4,Balanced,Credit card,1,Billing,Web,0
SW-7167,25-34,Free,23,0.0,27.8,Music-heavy,Credit card,0,No ticket,Android,0
SW-7168,50 plus,Premium,14,12.99,20.8,Music-heavy,Credit card,0,No ticket,iOS,0
SW-7169,Under 25,Premium,6,12.99,2.3,Balanced,Debit,2,Billing,Web,1
SW-7170,Under 25,Basic,7,7.99,28.4,Low-usage,Debit,0,No ticket,iOS,0
SW-7171,Under 25,Premium,15,12.99,3.0,Balanced,Credit card,1,Billing,Android,0
SW-7172,35-49,Premium,23,12.99,9.1,Low-usage,PayPal,1,Playback,Partner promo,1
SW-7173,Under 25,Free,60,0.0,4.1,Balanced,Credit card,1,Billing,Partner promo,0
SW-7174,35-49,Premium,24,12.99,5.9,Low-usage,Credit card,0,No ticket,Partner promo,0
SW-7175,25-34,Basic,5,7.99,3.7,Balanced,Credit card,0,No ticket,iOS,0
SW-7176,25-34,Free,7,0.0,30.6,Balanced,Credit card,1,Playback,Web,0
SW-7177,35-49,Basic,59,7.99,7.2,Podcast-heavy,Credit card,1,Content,Web,0
SW-7178,Under 25,Premium,10,12.99,9.6,Podcast-heavy,Credit card,1,Playback,Android,0
SW-7179,Under 25,Basic,12,7.99,3.4,Balanced,Gift card,0,No ticket,iOS,0
SW-7180,25-34,Family,6,18.99,2.6,Balanced,PayPal,2,Billing,iOS,1
SW-7181,35-49,Premium,36,12.99,5.6,Music-heavy,Credit card,2,Billing,iOS,1
SW-7182,Under 25,Free,17,0.0,12.1,Balanced,Debit,0,No ticket,Android,0
SW-7183,Under 25,Premium,7,12.99,7.3,Low-usage,Credit card,0,No ticket,Partner promo,1
SW-7184,50 plus,Free,6,0.0,17.4,Music-heavy,Credit card,0,No ticket,iOS,0
SW-7185,Under 25,Premium,15,12.99,8.8,Balanced,Credit card,0,No ticket,Android,0
SW-7186,35-49,Basic,12,7.99,8.0,Music-heavy,Credit card,1,Playback,Web,0
SW-7187,35-49,Basic,21,7.99,12.3,Music-heavy,Credit card,1,Account,Partner promo,0
SW-7188,25-34,Premium,18,12.99,8.7,Podcast-heavy,Credit card,0,No ticket,Android,0
SW-7189,Under 25,Family,10,18.99,17.0,Low-usage,Credit card,0,No ticket,Web,0
SW-7190,Under 25,Basic,8,7.99,12.5,Music-heavy,PayPal,1,Playback,Android,0
SW-7191,35-49,Premium,11,12.99,16.6,Balanced,Gift card,0,No ticket,Partner promo,0
SW-7192,35-49,Basic,8,7.99,14.2,Podcast-heavy,PayPal,0,No ticket,Android,0
SW-7193,35-49,Premium,11,12.99,23.8,Balanced,Gift card,1,Billing,iOS,0
SW-7194,50 plus,Premium,12,12.99,15.5,Balanced,Credit card,1,Playback,Partner promo,0
SW-7195,35-49,Basic,6,7.99,32.4,Balanced,Debit,2,Billing,Web,1
SW-7196,Under 25,Basic,19,7.99,5.2,Balanced,Credit card,2,Billing,iOS,0
SW-7197,25-34,Free,9,0.0,15.6,Balanced,PayPal,2,Playback,Web,0
SW-7198,50 plus,Basic,7,7.99,2.7,Music-heavy,PayPal,0,No ticket,iOS,0
SW-7199,Under 25,Basic,9,7.99,17.1,Music-heavy,Credit card,1,Billing,Partner promo,0
SW-7200,Under 25,Premium,14,12.99,8.4,Music-heavy,Credit card,0,No ticket,Android,0
SW-7201,35-49,Family,13,18.99,16.9,Balanced,Credit card,2,Account,Android,0
SW-7202,25-34,Free,16,0.0,30.7,Music-heavy,Credit card,0,No ticket,iOS,0
SW-7203,50 plus,Premium,23,12.99,15.2,Music-heavy,Gift card,0,No ticket,Partner promo,0
SW-7204,35-49,Premium,30,12.99,5.8,Balanced,PayPal,0,No ticket,iOS,0
SW-7205,Under 25,Family,15,18.99,3.4,Balanced,Credit card,1,Playback,Web,0
SW-7206,50 plus,Premium,6,12.99,12.3,Balanced,Credit card,0,No ticket,Android,0
SW-7207,25-34,Premium,10,12.99,6.4,Music-heavy,Credit card,2,Billing,iOS,1
SW-7208,25-34,Premium,6,12.99,13.6,Podcast-heavy,Gift card,0,No ticket,Web,0
SW-7209,25-34,Basic,39,7.99,5.3,Music-heavy,PayPal,0,No ticket,Partner promo,0
SW-7210,Under 25,Free,48,0.0,3.8,Music-heavy,Debit,0,No ticket,Android,0
SW-7211,25-34,Basic,19,7.99,6.6,Music-heavy,Debit,1,Playback,Partner promo,0
SW-7212,Under 25,Free,22,0.0,11.9,Music-heavy,Debit,1,Playback,Android,0
SW-7213,25-34,Premium,14,12.99,8.8,Music-heavy,Credit card,1,Playback,Web,0
SW-7214,25-34,Basic,16,7.99,4.2,Podcast-heavy,PayPal,0,No ticket,Web,0
SW-7215,35-49,Premium,4,12.99,33.8,Podcast-heavy,Credit card,0,No ticket,Partner promo,0
SW-7216,35-49,Free,11,0.0,7.2,Music-heavy,Credit card,0,No ticket,Web,0
SW-7217,Under 25,Family,6,18.99,1.3,Balanced,Credit card,1,Playback,Android,0
SW-7218,25-34,Family,15,18.99,16.9,Balanced,Debit,0,No ticket,Web,0
SW-7219,25-34,Basic,12,7.99,7.9,Balanced,Credit card,1,Content,Android,0
SW-7220,Under 25,Basic,47,7.99,7.0,Podcast-heavy,Debit,0,No ticket,Web,0
SW-7221,35-49,Premium,23,12.99,6.9,Low-usage,PayPal,0,No ticket,Web,0
SW-7222,35-49,Free,15,0.0,6.9,Low-usage,PayPal,1,Billing,Android,0
SW-7223,Under 25,Basic,10,7.99,30.4,Podcast-heavy,Debit,0,No ticket,iOS,0
SW-7224,25-34,Basic,39,7.99,11.6,Podcast-heavy,Credit card,1,Playback,iOS,0
SW-7225,Under 25,Family,12,18.99,9.9,Music-heavy,Credit card,0,No ticket,Android,0
SW-7226,35-49,Family,15,18.99,6.5,Balanced,Credit card,1,Account,Android,0
SW-7227,Under 25,Premium,12,12.99,31.9,Podcast-heavy,Credit card,0,No ticket,iOS,0
SW-7228,50 plus,Premium,9,12.99,15.7,Low-usage,PayPal,2,Billing,Android,1
SW-7229,35-49,Family,12,18.99,17.6,Podcast-heavy,PayPal,0,No ticket,Partner promo,0
SW-7230,25-34,Family,3,18.99,10.0,Low-usage,Credit card,1,Playback,Android,0
SW-7231,35-49,Family,4,18.99,17.8,Balanced,PayPal,0,No ticket,Android,0
SW-7232,50 plus,Free,15,0.0,11.0,Low-usage,Debit,0,No ticket,Android,0
SW-7233,25-34,Basic,36,7.99,5.9,Music-heavy,Gift card,0,No ticket,Android,0
SW-7234,Under 25,Premium,15,12.99,10.8,Low-usage,Credit card,1,Account,Partner promo,1
SW-7235,25-34,Premium,7,12.99,40.0,Balanced,Debit,0,No ticket,Partner promo,0
SW-7236,50 plus,Free,4,0.0,9.4,Balanced,Credit card,1,Account,Web,0
SW-7237,35-49,Free,21,0.0,22.1,Music-heavy,Credit card,1,Playback,Partner promo,0
SW-7238,35-49,Family,8,18.99,20.7,Balanced,Credit card,0,No ticket,Web,0
SW-7239,50 plus,Family,19,18.99,12.6,Podcast-heavy,Credit card,1,Content,iOS,0
SW-7240,50 plus,Basic,16,7.99,30.1,Music-heavy,Credit card,0,No ticket,Partner promo,0
SW-7241,50 plus,Family,17,18.99,1.4,Podcast-heavy,Credit card,1,Playback,Web,0
SW-7242,Under 25,Premium,12,12.99,1.8,Low-usage,Debit,0,No ticket,Web,0
SW-7243,25-34,Premium,16,12.99,31.9,Podcast-heavy,Debit,2,Account,Android,0
SW-7244,35-49,Basic,11,7.99,4.8,Balanced,Gift card,1,Billing,Android,0
SW-7245,35-49,Free,8,0.0,8.7,Music-heavy,Credit card,0,No ticket,Web,0
SW-7246,35-49,Basic,6,7.99,32.5,Balanced,PayPal,0,No ticket,iOS,0
SW-7247,Under 25,Basic,2,7.99,9.4,Low-usage,Debit,1,Content,iOS,0
SW-7248,35-49,Premium,11,12.99,30.9,Podcast-heavy,Credit card,1,Billing,Web,0
SW-7249,35-49,Free,35,0.0,5.9,Music-heavy,Debit,2,Billing,iOS,0
SW-7250,Under 25,Family,20,18.99,13.1,Balanced,Debit,0,No ticket,Web,0
SW-7251,25-34,Basic,14,7.99,8.4,Low-usage,Credit card,1,Content,iOS,0
SW-7252,Under 25,Basic,7,7.99,26.4,Music-heavy,PayPal,0,No ticket,Android,0
SW-7253,25-34,Premium,24,12.99,6.5,Podcast-heavy,Debit,0,No ticket,Android,0
SW-7254,Under 25,Premium,11,12.99,3.7,Music-heavy,Gift card,0,No ticket,Android,0
SW-7255,25-34,Premium,36,12.99,5.5,Low-usage,PayPal,0,No ticket,Partner promo,1
SW-7256,25-34,Premium,6,12.99,5.7,Podcast-heavy,Debit,0,No ticket,Android,0
SW-7257,35-49,Premium,7,12.99,4.8,Low-usage,Debit,0,No ticket,Partner promo,1
SW-7258,35-49,Premium,7,12.99,4.6,Podcast-heavy,PayPal,2,Billing,iOS,1
SW-7259,35-49,Premium,4,12.99,19.6,Podcast-heavy,Gift card,1,Billing,iOS,0
SW-7260,Under 25,Free,6,0.0,24.7,Low-usage,PayPal,1,Playback,Partner promo,0
SW-7261,Under 25,Premium,13,12.99,10.9,Music-heavy,PayPal,2,Billing,Android,1
SW-7262,50 plus,Family,7,18.99,4.8,Balanced,Credit card,3,Account,Android,0
SW-7263,Under 25,Free,1,0.0,5.0,Balanced,PayPal,0,No ticket,Android,0
SW-7264,50 plus,Basic,25,7.99,1.5,Music-heavy,Credit card,1,Playback,Web,0
SW-7265,50 plus,Family,4,18.99,10.8,Music-heavy,Debit,0,No ticket,Web,0
SW-7266,25-34,Basic,18,7.99,4.6,Podcast-heavy,Credit card,2,Billing,Android,1
SW-7267,50 plus,Basic,12,7.99,26.0,Music-heavy,Credit card,0,No ticket,iOS,0
SW-7268,Under 25,Family,53,18.99,2.7,Music-heavy,Credit card,1,Account,iOS,0
SW-7269,25-34,Basic,24,7.99,5.0,Low-usage,PayPal,0,No ticket,Web,0
SW-7270,35-49,Free,8,0.0,7.4,Podcast-heavy,PayPal,2,Content,Partner promo,0
SW-7271,25-34,Family,7,18.99,11.6,Balanced,Credit card,0,No ticket,Partner promo,0
SW-7272,50 plus,Family,34,18.99,33.8,Music-heavy,Debit,0,No ticket,iOS,0
SW-7273,Under 25,Premium,4,12.99,2.7,Low-usage,Gift card,1,Account,Android,0
SW-7274,25-34,Premium,14,12.99,6.3,Balanced,Credit card,1,Account,Web,0
SW-7275,35-49,Premium,11,12.99,2.6,Balanced,Debit,0,No ticket,iOS,0
SW-7276,35-49,Premium,9,12.99,15.1,Podcast-heavy,Credit card,0,No ticket,iOS,0
SW-7277,25-34,Basic,15,7.99,4.8,Podcast-heavy,PayPal,1,Playback,Android,0
SW-7278,25-34,Free,14,0.0,7.4,Podcast-heavy,Credit card,0,No ticket,iOS,0
SW-7279,50 plus,Premium,17,12.99,7.0,Balanced,Gift card,1,Playback,iOS,0
SW-7280,Under 25,Family,13,18.99,8.8,Balanced,Credit card,0,No ticket,Web,0
SW-7281,35-49,Family,16,18.99,7.1,Music-heavy,Credit card,1,Playback,Web,0
SW-7282,35-49,Family,13,18.99,3.7,Low-usage,Credit card,2,Playback,Partner promo,0
SW-7283,35-49,Family,8,18.99,8.6,Low-usage,Credit card,2,Billing,Web,0
SW-7284,35-49,Premium,12,12.99,4.2,Podcast-heavy,Debit,0,No ticket,Web,0
SW-7285,Under 25,Basic,7,7.99,15.3,Music-heavy,Credit card,1,Billing,iOS,0
SW-7286,35-49,Premium,7,12.99,8.4,Balanced,Credit card,0,No ticket,iOS,0
SW-7287,50 plus,Premium,9,12.99,3.5,Podcast-heavy,Debit,0,No ticket,iOS,0
SW-7288,25-34,Premium,11,12.99,40.0,Balanced,PayPal,0,No ticket,iOS,0
SW-7289,50 plus,Free,12,0.0,30.2,Balanced,PayPal,0,No ticket,Web,0
SW-7290,25-34,Family,23,18.99,40.0,Music-heavy,Debit,2,Billing,Web,0
SW-7291,Under 25,Basic,8,7.99,6.1,Balanced,Gift card,1,Billing,Web,0
SW-7292,25-34,Basic,14,7.99,4.1,Podcast-heavy,Debit,2,Playback,iOS,0
SW-7293,50 plus,Premium,13,12.99,15.3,Low-usage,Credit card,0,No ticket,Android,0
SW-7294,25-34,Premium,8,12.99,19.4,Music-heavy,Credit card,3,Billing,Web,1
SW-7295,50 plus,Premium,13,12.99,9.4,Low-usage,Credit card,1,Playback,Partner promo,1
SW-7296,50 plus,Premium,24,12.99,1.5,Low-usage,Credit card,0,No ticket,Android,0
SW-7297,25-34,Basic,14,7.99,3.6,Music-heavy,PayPal,0,No ticket,Web,0
SW-7298,Under 25,Basic,14,7.99,11.2,Balanced,PayPal,2,Billing,Android,0
SW-7299,35-49,Basic,7,7.99,4.7,Music-heavy,Credit card,0,No ticket,Android,0
SW-7300,25-34,Premium,48,12.99,2.7,Podcast-heavy,Credit card,1,Playback,Android,0
SW-7301,35-49,Family,8,18.99,6.5,Balanced,Debit,2,Playback,Partner promo,0
SW-7302,25-34,Premium,4,12.99,0.6,Podcast-heavy,Gift card,0,No ticket,iOS,0
SW-7303,25-34,Family,22,18.99,4.9,Low-usage,Credit card,1,Billing,Web,0
SW-7304,35-49,Free,11,0.0,5.7,Music-heavy,Credit card,0,No ticket,iOS,0
SW-7305,25-34,Free,10,0.0,10.3,Podcast-heavy,Gift card,0,No ticket,Web,0
SW-7306,25-34,Premium,8,12.99,12.4,Podcast-heavy,Gift card,0,No ticket,iOS,0
SW-7307,25-34,Basic,44,7.99,10.8,Balanced,Credit card,1,Playback,Partner promo,0
SW-7308,25-34,Premium,15,12.99,16.4,Podcast-heavy,Credit card,2,Billing,iOS,1
SW-7309,25-34,Premium,18,12.99,7.0,Music-heavy,Debit,0,No ticket,iOS,0
SW-7310,35-49,Family,13,18.99,2.5,Low-usage,PayPal,0,No ticket,Web,0
SW-7311,25-34,Basic,14,7.99,8.3,Podcast-heavy,Credit card,0,No ticket,Web,0
SW-7312,25-34,Premium,32,12.99,4.0,Music-heavy,PayPal,0,No ticket,Web,0
SW-7313,35-49,Premium,10,12.99,2.7,Podcast-heavy,Credit card,0,No ticket,Android,0
SW-7314,25-34,Basic,4,7.99,12.7,Music-heavy,Debit,0,No ticket,Partner promo,1
SW-7315,25-34,Premium,22,12.99,2.6,Music-heavy,Debit,0,No ticket,iOS,0
SW-7316,50 plus,Basic,17,7.99,13.8,Music-heavy,Credit card,0,No ticket,Web,0
SW-7317,35-49,Basic,13,7.99,2.8,Music-heavy,Credit card,1,Account,Android,0
SW-7318,35-49,Basic,17,7.99,6.3,Music-heavy,Credit card,1,Playback,Android,0
SW-7319,35-49,Free,9,0.0,5.1,Podcast-heavy,PayPal,0,No ticket,Partner promo,0
SW-7320,Under 25,Premium,12,12.99,19.9,Balanced,Credit card,1,Content,Android,1
SW-7321,35-49,Basic,11,7.99,12.9,Balanced,Debit,2,Billing,iOS,1
SW-7322,25-34,Premium,8,12.99,4.1,Low-usage,Debit,0,No ticket,Partner promo,0
SW-7323,25-34,Basic,28,7.99,7.1,Low-usage,Debit,2,Playback,Web,0
SW-7324,25-34,Basic,4,7.99,23.2,Balanced,PayPal,1,Content,Android,0
SW-7325,Under 25,Basic,60,7.99,26.4,Low-usage,Debit,2,Playback,Android,0
SW-7326,Under 25,Free,22,0.0,2.7,Music-heavy,Debit,2,Account,Android,0
SW-7327,50 plus,Premium,3,12.99,22.9,Balanced,Debit,1,Content,iOS,0
SW-7328,25-34,Premium,10,12.99,21.6,Music-heavy,Debit,0,No ticket,Android,0
SW-7329,25-34,Premium,11,12.99,9.2,Balanced,Credit card,1,Content,Android,1
SW-7330,Under 25,Premium,16,12.99,7.4,Music-heavy,PayPal,1,Billing,Web,0
SW-7331,Under 25,Basic,6,7.99,5.2,Music-heavy,Credit card,1,Billing,Partner promo,1
SW-7332,35-49,Premium,12,12.99,2.9,Podcast-heavy,Debit,1,Content,Android,0
SW-7333,25-34,Premium,11,12.99,10.5,Podcast-heavy,Debit,2,Billing,Android,1
SW-7334,25-34,Basic,7,7.99,7.0,Podcast-heavy,Credit card,0,No ticket,iOS,0
SW-7335,25-34,Premium,6,12.99,11.3,Music-heavy,Credit card,0,No ticket,Partner promo,0
SW-7336,35-49,Basic,23,7.99,11.5,Podcast-heavy,Credit card,1,Playback,iOS,0
SW-7337,Under 25,Basic,4,7.99,40.0,Low-usage,Credit card,0,No ticket,Android,0
SW-7338,Under 25,Premium,17,12.99,20.8,Balanced,PayPal,1,Billing,Partner promo,0
SW-7339,25-34,Basic,21,7.99,12.4,Podcast-heavy,PayPal,0,No ticket,Partner promo,0
SW-7340,25-34,Basic,10,7.99,1.4,Podcast-heavy,Credit card,1,Playback,Android,0
SW-7341,25-34,Basic,12,7.99,10.9,Music-heavy,Credit card,0,No ticket,Web,0
SW-7342,35-49,Basic,27,7.99,28.4,Music-heavy,PayPal,2,Billing,Partner promo,0
SW-7343,35-49,Basic,7,7.99,5.7,Music-heavy,Credit card,0,No ticket,Partner promo,0
SW-7344,35-49,Premium,8,12.99,40.0,Podcast-heavy,Gift card,2,Content,Web,0
SW-7345,25-34,Premium,8,12.99,12.4,Balanced,Credit card,0,No ticket,iOS,0
SW-7346,Under 25,Premium,27,12.99,10.1,Podcast-heavy,Debit,0,No ticket,iOS,0
SW-7347,25-34,Basic,30,7.99,3.6,Music-heavy,Credit card,0,No ticket,Web,0
SW-7348,50 plus,Family,5,18.99,26.6,Podcast-heavy,Credit card,1,Playback,Web,0
SW-7349,35-49,Premium,24,12.99,4.1,Music-heavy,Credit card,0,No ticket,iOS,0
SW-7350,35-49,Basic,21,7.99,5.1,Balanced,Debit,0,No ticket,Partner promo,0
SW-7351,Under 25,Premium,36,12.99,1.8,Music-heavy,Credit card,0,No ticket,Web,0
SW-7352,25-34,Premium,16,12.99,16.4,Podcast-heavy,Debit,0,No ticket,Partner promo,0
SW-7353,Under 25,Premium,12,12.99,12.8,Balanced,Credit card,1,Content,Partner promo,0
SW-7354,35-49,Basic,27,7.99,8.1,Music-heavy,Credit card,3,Billing,Android,1
SW-7355,50 plus,Basic,20,7.99,14.5,Music-heavy,Credit card,0,No ticket,iOS,0
SW-7356,50 plus,Family,58,18.99,13.4,Podcast-heavy,Credit card,0,No ticket,iOS,0
SW-7357,25-34,Premium,23,12.99,6.0,Music-heavy,Credit card,0,No ticket,iOS,0
SW-7358,25-34,Premium,13,12.99,4.3,Podcast-heavy,Credit card,0,No ticket,Partner promo,0
SW-7359,50 plus,Premium,5,12.99,2.0,Balanced,Debit,0,No ticket,iOS,0
SW-7360,35-49,Premium,8,12.99,6.9,Music-heavy,Gift card,0,No ticket,Web,0
SW-7361,Under 25,Basic,4,7.99,2.8,Podcast-heavy,PayPal,0,No ticket,Web,0
SW-7362,25-34,Premium,10,12.99,9.1,Low-usage,Credit card,0,No ticket,iOS,0
SW-7363,25-34,Free,23,0.0,7.0,Podcast-heavy,Credit card,0,No ticket,Partner promo,0
SW-7364,25-34,Premium,12,12.99,5.8,Low-usage,Credit card,0,No ticket,iOS,0
SW-7365,25-34,Premium,25,12.99,18.5,Music-heavy,Credit card,1,Account,Android,0
SW-7366,35-49,Free,15,0.0,3.6,Balanced,Credit card,1,Playback,Web,0
SW-7367,25-34,Premium,9,12.99,1.8,Balanced,Credit card,1,Playback,Android,0
SW-7368,Under 25,Basic,13,7.99,6.7,Balanced,Credit card,1,Playback,iOS,0
SW-7369,25-34,Free,17,0.0,4.4,Music-heavy,Credit card,1,Playback,Partner promo,0
SW-7370,35-49,Basic,13,7.99,8.8,Music-heavy,Credit card,1,Billing,iOS,0
SW-7371,35-49,Basic,13,7.99,3.9,Music-heavy,Credit card,0,No ticket,Android,0
SW-7372,25-34,Basic,7,7.99,11.2,Low-usage,Credit card,0,No ticket,iOS,0
SW-7373,50 plus,Basic,9,7.99,3.7,Podcast-heavy,Debit,1,Playback,Web,0
SW-7374,50 plus,Premium,58,12.99,3.6,Low-usage,Credit card,1,Playback,Web,0
SW-7375,Under 25,Premium,28,12.99,13.1,Music-heavy,Credit card,0,No ticket,Web,0
SW-7376,Under 25,Premium,4,12.99,7.7,Music-heavy,Credit card,0,No ticket,iOS,0
SW-7377,35-49,Free,2,0.0,3.1,Music-heavy,Credit card,1,Content,Android,0
SW-7378,35-49,Family,13,18.99,3.7,Podcast-heavy,PayPal,1,Billing,Web,0
SW-7379,50 plus,Premium,22,12.99,5.9,Balanced,Credit card,0,No ticket,iOS,0
SW-7380,50 plus,Free,8,0.0,3.2,Podcast-heavy,Credit card,0,No ticket,iOS,0
SW-7381,35-49,Premium,25,12.99,6.4,Low-usage,Debit,2,Billing,iOS,0
SW-7382,25-34,Basic,13,7.99,6.5,Music-heavy,Debit,0,No ticket,Web,0
SW-7383,Under 25,Premium,11,12.99,3.8,Balanced,PayPal,2,Account,iOS,0
SW-7384,25-34,Basic,20,7.99,13.5,Balanced,PayPal,0,No ticket,iOS,0
SW-7385,25-34,Basic,8,7.99,3.5,Music-heavy,Credit card,2,Billing,Web,0
SW-7386,35-49,Family,10,18.99,21.7,Music-heavy,Credit card,0,No ticket,Android,0
SW-7387,25-34,Basic,19,7.99,6.7,Music-heavy,Debit,1,Account,Web,0
SW-7388,35-49,Free,12,0.0,4.7,Music-heavy,Gift card,1,Playback,Partner promo,0
SW-7389,25-34,Family,46,18.99,12.3,Low-usage,PayPal,1,Billing,Partner promo,0
SW-7390,35-49,Family,20,18.99,8.2,Low-usage,Credit card,1,Billing,Android,0
SW-7391,Under 25,Premium,19,12.99,14.7,Balanced,Credit card,0,No ticket,iOS,0
SW-7392,25-34,Basic,12,7.99,1.6,Balanced,PayPal,0,No ticket,Android,0
SW-7393,35-49,Free,22,0.0,12.1,Music-heavy,Credit card,0,No ticket,Android,0
SW-7394,35-49,Premium,10,12.99,5.3,Music-heavy,Credit card,0,No ticket,iOS,0
SW-7395,50 plus,Free,15,0.0,8.2,Balanced,Debit,1,Playback,Web,0
SW-7396,25-34,Free,6,0.0,7.5,Podcast-heavy,Credit card,2,Billing,Web,0
SW-7397,25-34,Premium,25,12.99,23.5,Balanced,PayPal,0,No ticket,Web,0
SW-7398,25-34,Basic,15,7.99,1.8,Balanced,PayPal,0,No ticket,Android,0
SW-7399,25-34,Free,48,0.0,29.1,Podcast-heavy,Credit card,0,No ticket,Partner promo,0
SW-7400,50 plus,Basic,60,7.99,14.1,Music-heavy,Debit,0,No ticket,iOS,0
SW-7401,35-49,Free,20,0.0,9.0,Balanced,Debit,1,Account,Web,0
SW-7402,50 plus,Basic,13,7.99,2.5,Podcast-heavy,Credit card,0,No ticket,Web,0
SW-7403,Under 25,Free,6,0.0,2.1,Balanced,Credit card,0,No ticket,iOS,0
SW-7404,50 plus,Basic,23,7.99,5.1,Podcast-heavy,Credit card,0,No ticket,Web,0
SW-7405,Under 25,Premium,14,12.99,13.3,Music-heavy,PayPal,0,No ticket,iOS,0
SW-7406,50 plus,Premium,17,12.99,8.0,Music-heavy,Credit card,0,No ticket,Web,0
SW-7407,25-34,Basic,40,7.99,12.7,Balanced,Credit card,0,No ticket,Android,0
SW-7408,25-34,Premium,7,12.99,2.5,Podcast-heavy,Credit card,0,No ticket,Android,0
SW-7409,25-34,Free,6,0.0,8.3,Podcast-heavy,Credit card,1,Content,Partner promo,0
SW-7410,50 plus,Free,10,0.0,19.2,Podcast-heavy,Credit card,1,Playback,Android,0
SW-7411,Under 25,Basic,21,7.99,25.6,Podcast-heavy,Credit card,2,Account,Web,0
SW-7412,25-34,Premium,18,12.99,2.9,Music-heavy,Credit card,0,No ticket,Android,1
SW-7413,50 plus,Premium,6,12.99,6.0,Music-heavy,Debit,1,Billing,Web,0
SW-7414,25-34,Premium,20,12.99,6.1,Music-heavy,Debit,2,Account,iOS,0
SW-7415,Under 25,Basic,5,7.99,4.8,Podcast-heavy,Debit,0,No ticket,Web,0
SW-7416,25-34,Free,7,0.0,16.5,Podcast-heavy,Credit card,2,Billing,Web,0
SW-7417,25-34,Premium,11,12.99,40.0,Music-heavy,Debit,1,Playback,iOS,0
SW-7418,50 plus,Basic,8,7.99,3.3,Podcast-heavy,Credit card,0,No ticket,Web,0
SW-7419,35-49,Premium,22,12.99,11.2,Podcast-heavy,Credit card,1,Playback,iOS,0
SW-7420,25-34,Premium,15,12.99,10.1,Music-heavy,Credit card,0,No ticket,iOS,0
SW-7421,50 plus,Premium,41,12.99,10.3,Low-usage,Credit card,2,Playback,Android,0
SW-7422,25-34,Family,10,18.99,23.2,Music-heavy,Credit card,1,Account,iOS,0
SW-7423,Under 25,Family,11,18.99,10.8,Balanced,Credit card,0,No ticket,iOS,0
SW-7424,25-34,Premium,28,12.99,1.4,Music-heavy,Credit card,0,No ticket,Android,0
SW-7425,25-34,Premium,11,12.99,2.5,Balanced,Credit card,0,No ticket,Web,0
SW-7426,Under 25,Basic,34,7.99,3.4,Low-usage,Credit card,1,Billing,Android,0
SW-7427,50 plus,Family,18,18.99,4.4,Podcast-heavy,Gift card,0,No ticket,Android,0
SW-7428,35-49,Basic,2,7.99,7.2,Balanced,Debit,2,Billing,Partner promo,1
SW-7429,25-34,Free,27,0.0,6.7,Music-heavy,PayPal,0,No ticket,iOS,0
SW-7430,35-49,Basic,23,7.99,1.9,Music-heavy,Debit,0,No ticket,iOS,0
SW-7431,35-49,Free,23,0.0,2.2,Music-heavy,Credit card,0,No ticket,Android,0
SW-7432,50 plus,Premium,3,12.99,1.5,Music-heavy,Gift card,0,No ticket,Web,0
SW-7433,50 plus,Premium,8,12.99,2.3,Podcast-heavy,PayPal,0,No ticket,Web,0
SW-7434,25-34,Basic,8,7.99,17.7,Music-heavy,Credit card,0,No ticket,iOS,0
SW-7435,35-49,Free,7,0.0,6.4,Podcast-heavy,Credit card,2,Playback,Android,0
SW-7436,35-49,Family,41,18.99,3.7,Balanced,Credit card,0,No ticket,Web,0
SW-7437,25-34,Premium,12,12.99,1.7,Music-heavy,PayPal,1,Content,Android,0
SW-7438,Under 25,Premium,12,12.99,3.6,Music-heavy,Credit card,0,No ticket,Web,0
SW-7439,Under 25,Basic,18,7.99,13.0,Podcast-heavy,Debit,1,Billing,Android,0
SW-7440,25-34,Premium,18,12.99,11.7,Podcast-heavy,Debit,2,Account,iOS,0
SW-7441,25-34,Premium,1,12.99,6.5,Music-heavy,Credit card,0,No ticket,Web,0
SW-7442,Under 25,Basic,8,7.99,6.5,Music-heavy,Debit,2,Billing,Web,1
SW-7443,35-49,Free,4,0.0,1.9,Podcast-heavy,Debit,2,Billing,Web,1
SW-7444,Under 25,Basic,16,7.99,4.3,Music-heavy,Credit card,1,Account,Web,0
SW-7445,35-49,Free,10,0.0,12.5,Balanced,Credit card,0,No ticket,iOS,0
SW-7446,25-34,Family,12,18.99,4.7,Music-heavy,PayPal,1,Billing,Partner promo,0
SW-7447,50 plus,Free,3,0.0,29.3,Music-heavy,Credit card,1,Playback,Android,0
SW-7448,25-34,Basic,10,7.99,21.0,Podcast-heavy,Debit,0,No ticket,Android,0
SW-7449,Under 25,Basic,26,7.99,5.6,Low-usage,Credit card,0,No ticket,Partner promo,0
SW-7450,25-34,Basic,32,7.99,6.5,Balanced,Credit card,1,Billing,iOS,0
SW-7451,50 plus,Premium,20,12.99,40.0,Music-heavy,Gift card,2,Billing,Web,1
SW-7452,50 plus,Free,5,0.0,15.8,Music-heavy,Credit card,0,No ticket,Partner promo,0
SW-7453,25-34,Premium,29,12.99,8.5,Podcast-heavy,Credit card,0,No ticket,Android,0
SW-7454,25-34,Basic,20,7.99,9.3,Music-heavy,Debit,0,No ticket,Partner promo,0
SW-7455,50 plus,Premium,11,12.99,9.0,Balanced,Debit,0,No ticket,Android,0
SW-7456,Under 25,Premium,3,12.99,7.9,Podcast-heavy,Credit card,0,No ticket,Android,0
SW-7457,35-49,Family,23,18.99,3.4,Music-heavy,PayPal,2,Account,Partner promo,0
SW-7458,25-34,Premium,8,12.99,5.8,Music-heavy,Credit card,1,Billing,Android,0
SW-7459,Under 25,Premium,15,12.99,2.5,Balanced,Debit,1,Playback,iOS,0
SW-7460,25-34,Premium,13,12.99,14.3,Low-usage,Credit card,0,No ticket,Partner promo,1
SW-7461,25-34,Premium,35,12.99,7.2,Balanced,Credit card,0,No ticket,Android,0
SW-7462,35-49,Premium,11,12.99,14.9,Music-heavy,PayPal,0,No ticket,Android,0
SW-7463,50 plus,Family,12,18.99,2.9,Balanced,Debit,1,Billing,iOS,0
SW-7464,25-34,Free,36,0.0,25.0,Music-heavy,PayPal,1,Billing,iOS,0
SW-7465,35-49,Basic,8,7.99,22.6,Music-heavy,Credit card,0,No ticket,Android,0
SW-7466,Under 25,Premium,21,12.99,2.3,Low-usage,PayPal,0,No ticket,Partner promo,1
SW-7467,25-34,Basic,10,7.99,5.3,Balanced,Credit card,1,Account,Web,0
SW-7468,Under 25,Basic,6,7.99,5.8,Music-heavy,Credit card,1,Content,Web,0
SW-7469,50 plus,Basic,12,7.99,2.5,Balanced,PayPal,0,No ticket,Partner promo,0
SW-7470,35-49,Premium,19,12.99,6.5,Balanced,Credit card,0,No ticket,iOS,0
SW-7471,35-49,Family,31,18.99,12.5,Music-heavy,Credit card,1,Content,iOS,0
SW-7472,35-49,Premium,34,12.99,5.5,Balanced,Gift card,0,No ticket,Android,0
SW-7473,35-49,Basic,10,7.99,2.0,Podcast-heavy,Gift card,0,No ticket,Web,0
SW-7474,50 plus,Basic,6,7.99,14.8,Balanced,PayPal,2,Billing,Web,1
SW-7475,35-49,Free,10,0.0,4.2,Podcast-heavy,Credit card,0,No ticket,Partner promo,0
SW-7476,50 plus,Premium,5,12.99,4.6,Podcast-heavy,Credit card,0,No ticket,Android,0
SW-7477,25-34,Premium,10,12.99,30.7,Balanced,Credit card,1,Billing,Web,0
SW-7478,Under 25,Basic,9,7.99,11.0,Music-heavy,Credit card,1,Billing,Android,0
SW-7479,25-34,Premium,20,12.99,4.2,Music-heavy,Credit card,2,Playback,Android,0
SW-7480,Under 25,Premium,3,12.99,3.1,Balanced,Credit card,1,Account,Android,0
SW-7481,35-49,Basic,7,7.99,17.3,Balanced,Credit card,0,No ticket,Web,0
SW-7482,25-34,Basic,7,7.99,16.4,Music-heavy,Credit card,0,No ticket,iOS,0
SW-7483,35-49,Family,28,18.99,5.3,Music-heavy,Debit,4,Billing,Android,1
SW-7484,Under 25,Basic,6,7.99,2.9,Balanced,Credit card,0,No ticket,iOS,0
SW-7485,Under 25,Premium,14,12.99,10.9,Music-heavy,PayPal,1,Playback,Web,0
SW-7486,25-34,Basic,11,7.99,12.9,Podcast-heavy,Credit card,0,No ticket,Web,0
SW-7487,50 plus,Premium,25,12.99,5.9,Music-heavy,Credit card,1,Playback,Android,0
SW-7488,25-34,Premium,18,12.99,3.3,Podcast-heavy,Debit,1,Account,iOS,0
SW-7489,25-34,Premium,13,12.99,8.2,Music-heavy,Credit card,1,Billing,Web,0
SW-7490,35-49,Family,8,18.99,11.6,Balanced,Credit card,1,Playback,Android,0
SW-7491,35-49,Family,3,18.99,5.4,Balanced,Debit,0,No ticket,iOS,0
SW-7492,25-34,Premium,14,12.99,9.9,Podcast-heavy,Credit card,0,No ticket,iOS,0
SW-7493,25-34,Basic,17,7.99,10.7,Music-heavy,PayPal,0,No ticket,Android,0
SW-7494,Under 25,Basic,4,7.99,20.0,Music-heavy,Debit,3,Billing,iOS,0
SW-7495,50 plus,Premium,5,12.99,5.7,Music-heavy,Credit card,1,Account,Android,0
SW-7496,Under 25,Premium,14,12.99,3.2,Podcast-heavy,Credit card,1,Content,Web,0
SW-7497,25-34,Basic,15,7.99,7.6,Balanced,PayPal,0,No ticket,Web,0
SW-7498,Under 25,Free,6,0.0,30.9,Music-heavy,Debit,1,Playback,iOS,0
SW-7499,25-34,Premium,8,12.99,2.0,Balanced,PayPal,1,Playback,Partner promo,0
SW-7500,35-49,Basic,3,7.99,1.3,Balanced,Debit,1,Billing,Web,0
SW-7501,Under 25,Premium,31,12.99,7.3,Podcast-heavy,Credit card,1,Playback,Android,0
SW-7502,Under 25,Premium,5,12.99,5.9,Music-heavy,Credit card,0,No ticket,Web,0
SW-7503,25-34,Premium,18,12.99,6.8,Balanced,Debit,0,No ticket,iOS,0
SW-7504,Under 25,Free,12,0.0,6.6,Balanced,Credit card,1,Account,Web,0
SW-7505,Under 25,Basic,30,7.99,17.9,Low-usage,Debit,0,No ticket,Partner promo,0
SW-7506,35-49,Basic,7,7.99,7.7,Music-heavy,PayPal,0,No ticket,iOS,0
SW-7507,35-49,Basic,13,7.99,15.4,Low-usage,Debit,0,No ticket,Web,0
SW-7508,50 plus,Premium,4,12.99,1.1,Music-heavy,Credit card,0,No ticket,Android,0
SW-7509,50 plus,Premium,3,12.99,5.2,Podcast-heavy,Debit,0,No ticket,Web,0
SW-7510,35-49,Basic,18,7.99,4.2,Podcast-heavy,Credit card,0,No ticket,Web,0
SW-7511,Under 25,Free,3,0.0,1.3,Podcast-heavy,Debit,1,Account,Web,0
SW-7512,35-49,Basic,10,7.99,8.7,Balanced,Debit,0,No ticket,Partner promo,0
SW-7513,50 plus,Family,24,18.99,7.4,Music-heavy,Credit card,1,Playback,Web,0
SW-7514,35-49,Basic,20,7.99,5.5,Balanced,Credit card,0,No ticket,Partner promo,0
SW-7515,25-34,Family,8,18.99,7.2,Podcast-heavy,PayPal,1,Playback,Web,0
SW-7516,25-34,Premium,4,12.99,8.7,Low-usage,Credit card,0,No ticket,Web,0
SW-7517,50 plus,Premium,17,12.99,18.0,Music-heavy,Credit card,0,No ticket,Partner promo,0
SW-7518,35-49,Premium,31,12.99,13.4,Balanced,PayPal,2,Account,Android,0
SW-7519,50 plus,Basic,8,7.99,10.4,Podcast-heavy,PayPal,0,No ticket,iOS,0
SW-7520,Under 25,Premium,7,12.99,40.0,Podcast-heavy,Debit,1,Playback,iOS,0
SW-7521,25-34,Basic,8,7.99,4.5,Balanced,Credit card,0,No ticket,Web,0
SW-7522,Under 25,Premium,18,12.99,2.7,Music-heavy,Gift card,0,No ticket,Android,0
SW-7523,35-49,Free,28,0.0,20.5,Music-heavy,PayPal,0,No ticket,Android,0
SW-7524,Under 25,Premium,5,12.99,35.6,Balanced,Credit card,0,No ticket,Web,0
SW-7525,Under 25,Free,4,0.0,4.8,Podcast-heavy,Debit,1,Billing,Partner promo,0
SW-7526,50 plus,Premium,60,12.99,24.1,Low-usage,Credit card,1,Playback,Partner promo,1
SW-7527,Under 25,Basic,11,7.99,5.2,Podcast-heavy,Credit card,2,Billing,Web,0
SW-7528,35-49,Premium,14,12.99,12.8,Podcast-heavy,Credit card,1,Account,iOS,0
SW-7529,25-34,Premium,7,12.99,13.4,Balanced,Credit card,1,Playback,Android,0
SW-7530,50 plus,Basic,17,7.99,4.8,Music-heavy,Debit,0,No ticket,iOS,0
SW-7531,25-34,Premium,23,12.99,35.1,Podcast-heavy,Credit card,0,No ticket,iOS,0
SW-7532,50 plus,Family,15,18.99,38.4,Balanced,PayPal,0,No ticket,Partner promo,0
SW-7533,50 plus,Free,41,0.0,3.5,Balanced,Credit card,1,Billing,Android,0
SW-7534,Under 25,Family,10,18.99,9.4,Low-usage,Credit card,2,Billing,Android,1
SW-7535,Under 25,Premium,10,12.99,16.6,Podcast-heavy,Credit card,2,Billing,Web,0
SW-7536,25-34,Premium,14,12.99,1.8,Music-heavy,Credit card,0,No ticket,Android,0
SW-7537,35-49,Basic,17,7.99,8.2,Music-heavy,Credit card,0,No ticket,iOS,0
SW-7538,50 plus,Premium,14,12.99,2.1,Music-heavy,Credit card,0,No ticket,Partner promo,0
SW-7539,25-34,Family,5,18.99,13.6,Music-heavy,Debit,0,No ticket,Web,0
SW-7540,35-49,Basic,15,7.99,8.6,Balanced,Debit,1,Account,Web,0
SW-7541,Under 25,Premium,9,12.99,5.9,Balanced,Debit,1,Billing,Web,0
SW-7542,35-49,Free,8,0.0,2.3,Podcast-heavy,Debit,0,No ticket,iOS,0
SW-7543,50 plus,Basic,12,7.99,5.0,Music-heavy,PayPal,0,No ticket,Web,0
SW-7544,25-34,Premium,6,12.99,12.1,Music-heavy,Credit card,1,Billing,Android,0
SW-7545,25-34,Premium,5,12.99,7.7,Balanced,Gift card,1,Playback,Partner promo,0
SW-7546,Under 25,Premium,2,12.99,20.8,Balanced,Credit card,0,No ticket,Android,0
SW-7547,25-34,Free,41,0.0,19.7,Music-heavy,Debit,2,Billing,Web,1
SW-7548,25-34,Basic,18,7.99,19.1,Balanced,Debit,1,Billing,iOS,0
SW-7549,Under 25,Basic,11,7.99,5.2,Music-heavy,Debit,0,No ticket,Partner promo,0
SW-7550,25-34,Premium,8,12.99,10.1,Music-heavy,Gift card,0,No ticket,Web,0
SW-7551,25-34,Family,2,18.99,3.7,Music-heavy,Credit card,0,No ticket,iOS,0
SW-7552,25-34,Premium,7,12.99,2.9,Podcast-heavy,Credit card,0,No ticket,iOS,0
SW-7553,35-49,Free,20,0.0,20.6,Music-heavy,Credit card,0,No ticket,Partner promo,0
SW-7554,Under 25,Family,23,18.99,3.1,Music-heavy,Credit card,0,No ticket,Web,0
SW-7555,35-49,Premium,19,12.99,2.8,Music-heavy,Debit,1,Playback,Web,0
SW-7556,35-49,Premium,13,12.99,8.7,Music-heavy,Credit card,0,No ticket,Android,0
SW-7557,25-34,Free,30,0.0,6.4,Balanced,PayPal,0,No ticket,iOS,0
SW-7558,Under 25,Premium,10,12.99,6.9,Music-heavy,Debit,1,Content,Android,0
SW-7559,35-49,Premium,26,12.99,40.0,Low-usage,Credit card,0,No ticket,Partner promo,1
SW-7560,50 plus,Basic,9,7.99,3.6,Music-heavy,Credit card,0,No ticket,iOS,0
SW-7561,25-34,Free,6,0.0,11.9,Music-heavy,Credit card,0,No ticket,iOS,0
SW-7562,25-34,Basic,6,7.99,8.6,Music-heavy,PayPal,0,No ticket,iOS,0
SW-7563,Under 25,Free,6,0.0,17.9,Music-heavy,Debit,0,No ticket,Android,0
SW-7564,35-49,Basic,19,7.99,4.3,Music-heavy,Credit card,0,No ticket,Partner promo,0
SW-7565,Under 25,Free,7,0.0,6.7,Music-heavy,Credit card,0,No ticket,Android,0
SW-7566,25-34,Premium,6,12.99,8.8,Balanced,Credit card,0,No ticket,Android,0
SW-7567,35-49,Free,20,0.0,2.5,Balanced,Credit card,0,No ticket,iOS,0
SW-7568,35-49,Premium,15,12.99,1.9,Balanced,PayPal,0,No ticket,Web,0
SW-7569,25-34,Free,24,0.0,7.9,Music-heavy,Debit,0,No ticket,Android,1
SW-7570,25-34,Family,17,18.99,23.3,Podcast-heavy,Credit card,0,No ticket,Web,0
SW-7571,35-49,Family,7,18.99,6.0,Music-heavy,PayPal,1,Playback,Web,0
SW-7572,Under 25,Basic,13,7.99,6.7,Balanced,Credit card,0,No ticket,Android,0
SW-7573,Under 25,Premium,13,12.99,20.1,Low-usage,Credit card,0,No ticket,Android,0
SW-7574,50 plus,Free,6,0.0,7.1,Balanced,Debit,1,Account,iOS,0
SW-7575,Under 25,Family,6,18.99,14.9,Music-heavy,Credit card,0,No ticket,Android,0
SW-7576,35-49,Premium,7,12.99,40.0,Music-heavy,Credit card,0,No ticket,Partner promo,0
SW-7577,50 plus,Free,50,0.0,5.0,Music-heavy,Debit,1,Playback,iOS,0
SW-7578,25-34,Basic,9,7.99,6.9,Music-heavy,Credit card,0,No ticket,Android,0
SW-7579,25-34,Free,28,0.0,11.0,Music-heavy,Credit card,1,Account,Web,0
SW-7580,35-49,Basic,9,7.99,26.4,Music-heavy,Debit,0,No ticket,Partner promo,0
SW-7581,50 plus,Premium,22,12.99,7.3,Music-heavy,Credit card,0,No ticket,Web,0
SW-7582,50 plus,Basic,23,7.99,14.3,Podcast-heavy,Credit card,1,Playback,Partner promo,0
SW-7583,35-49,Basic,23,7.99,10.6,Podcast-heavy,Credit card,1,Playback,Partner promo,0
SW-7584,Under 25,Free,16,0.0,7.6,Balanced,Credit card,1,Account,Android,0
SW-7585,35-49,Basic,31,7.99,5.7,Music-heavy,Credit card,1,Content,Android,0
SW-7586,25-34,Free,16,0.0,4.9,Music-heavy,PayPal,0,No ticket,iOS,0
SW-7587,25-34,Premium,40,12.99,40.0,Balanced,PayPal,2,Billing,Partner promo,0
SW-7588,Under 25,Free,4,0.0,2.3,Podcast-heavy,Credit card,2,Playback,Android,0
SW-7589,Under 25,Premium,15,12.99,2.5,Music-heavy,PayPal,1,Billing,iOS,0
SW-7590,35-49,Basic,15,7.99,9.7,Balanced,Credit card,0,No ticket,Web,0
SW-7591,25-34,Basic,6,7.99,9.4,Music-heavy,Credit card,0,No ticket,iOS,0
SW-7592,25-34,Premium,18,12.99,11.3,Music-heavy,Debit,1,Playback,Android,0
SW-7593,25-34,Basic,4,7.99,4.0,Podcast-heavy,Debit,1,Account,Android,0
SW-7594,50 plus,Basic,8,7.99,3.5,Music-heavy,Credit card,0,No ticket,Android,0
SW-7595,35-49,Premium,3,12.99,6.4,Podcast-heavy,Credit card,0,No ticket,Web,0
SW-7596,25-34,Premium,36,12.99,16.5,Low-usage,Credit card,0,No ticket,Partner promo,0
SW-7597,Under 25,Basic,10,7.99,3.5,Music-heavy,Credit card,0,No ticket,Android,0
SW-7598,25-34,Premium,55,12.99,9.0,Low-usage,Credit card,3,Billing,Android,1
SW-7599,50 plus,Premium,21,12.99,5.3,Music-heavy,Debit,2,Billing,iOS,0
SW-7600,35-49,Free,16,0.0,2.4,Balanced,Credit card,0,No ticket,Android,0
SW-7601,25-34,Premium,8,12.99,2.9,Low-usage,Credit card,0,No ticket,Partner promo,1
SW-7602,35-49,Free,6,0.0,16.6,Podcast-heavy,Credit card,3,Billing,iOS,0
SW-7603,25-34,Basic,17,7.99,4.9,Music-heavy,PayPal,0,No ticket,Android,1
SW-7604,35-49,Premium,11,12.99,21.6,Balanced,Credit card,1,Playback,Android,0
SW-7605,25-34,Family,5,18.99,7.8,Balanced,Credit card,0,No ticket,Web,0
SW-7606,Under 25,Family,4,18.99,2.7,Music-heavy,Credit card,0,No ticket,Android,0
SW-7607,Under 25,Free,6,0.0,11.7,Music-heavy,PayPal,0,No ticket,Web,0
SW-7608,25-34,Basic,43,7.99,4.2,Low-usage,Credit card,0,No ticket,Android,0
SW-7609,50 plus,Premium,56,12.99,5.9,Low-usage,Credit card,0,No ticket,Web,0
SW-7610,25-34,Free,14,0.0,19.8,Podcast-heavy,Credit card,1,Billing,Android,0
SW-7611,50 plus,Premium,13,12.99,2.9,Podcast-heavy,Credit card,2,Billing,Partner promo,1
SW-7612,35-49,Premium,9,12.99,5.6,Balanced,Credit card,0,No ticket,Web,0
SW-7613,25-34,Family,6,18.99,3.4,Music-heavy,Credit card,1,Billing,Partner promo,0
SW-7614,Under 25,Free,31,0.0,3.1,Balanced,Credit card,0,No ticket,Web,0
SW-7615,Under 25,Basic,45,7.99,5.5,Podcast-heavy,Debit,1,Content,Web,0
SW-7616,35-49,Premium,6,12.99,4.0,Balanced,Credit card,1,Playback,Android,0
SW-7617,Under 25,Premium,11,12.99,6.4,Music-heavy,Debit,0,No ticket,Android,0
SW-7618,25-34,Family,9,18.99,13.3,Podcast-heavy,Credit card,0,No ticket,Web,0
SW-7619,25-34,Free,9,0.0,4.4,Podcast-heavy,Gift card,1,Billing,Partner promo,0
SW-7620,35-49,Premium,28,12.99,2.5,Balanced,Gift card,2,Billing,Android,1
SW-7621,Under 25,Premium,5,12.99,13.4,Balanced,PayPal,1,Account,Web,0
SW-7622,25-34,Free,17,0.0,4.4,Low-usage,Gift card,0,No ticket,Android,0
SW-7623,25-34,Premium,20,12.99,34.5,Low-usage,Credit card,1,Playback,iOS,0
SW-7624,25-34,Premium,11,12.99,5.8,Podcast-heavy,PayPal,0,No ticket,Web,0
SW-7625,35-49,Basic,22,7.99,7.2,Music-heavy,Credit card,1,Billing,Android,0
SW-7626,Under 25,Basic,13,7.99,1.3,Balanced,Debit,0,No ticket,Android,0
SW-7627,35-49,Premium,28,12.99,3.2,Balanced,Credit card,2,Billing,Android,1
SW-7628,35-49,Basic,4,7.99,1.3,Music-heavy,Credit card,1,Content,Partner promo,0
SW-7629,25-34,Family,9,18.99,10.1,Podcast-heavy,Gift card,1,Billing,Android,0
SW-7630,35-49,Basic,11,7.99,7.5,Music-heavy,Credit card,0,No ticket,Web,0
SW-7631,25-34,Basic,2,7.99,13.2,Music-heavy,PayPal,1,Playback,Android,0
SW-7632,Under 25,Family,6,18.99,15.3,Balanced,Debit,1,Content,iOS,0
SW-7633,35-49,Family,7,18.99,17.3,Balanced,Credit card,1,Account,iOS,1
SW-7634,25-34,Free,23,0.0,6.7,Balanced,Credit card,1,Billing,Partner promo,0
SW-7635,35-49,Premium,7,12.99,8.6,Balanced,Credit card,0,No ticket,Android,0
SW-7636,25-34,Free,7,0.0,12.7,Music-heavy,PayPal,0,No ticket,iOS,0
SW-7637,50 plus,Free,21,0.0,4.2,Music-heavy,Gift card,0,No ticket,Android,0
SW-7638,35-49,Basic,4,7.99,3.8,Balanced,Debit,1,Billing,iOS,0
SW-7639,Under 25,Basic,3,7.99,27.4,Podcast-heavy,PayPal,0,No ticket,Web,1
SW-7640,25-34,Premium,9,12.99,1.9,Music-heavy,Credit card,1,Billing,Partner promo,0
SW-7641,35-49,Premium,4,12.99,11.9,Balanced,Credit card,3,Billing,Android,1
SW-7642,35-49,Family,4,18.99,10.5,Low-usage,Credit card,0,No ticket,Android,0
SW-7643,25-34,Premium,18,12.99,3.3,Balanced,Debit,1,Billing,iOS,0
SW-7644,50 plus,Basic,22,7.99,4.7,Balanced,Credit card,1,Content,Web,1
SW-7645,25-34,Premium,21,12.99,6.0,Music-heavy,Debit,0,No ticket,Partner promo,0
SW-7646,25-34,Family,26,18.99,9.5,Music-heavy,Debit,1,Account,iOS,0
SW-7647,50 plus,Premium,29,12.99,10.6,Balanced,Credit card,1,Account,Web,0
SW-7648,50 plus,Premium,3,12.99,7.8,Balanced,Credit card,0,No ticket,Partner promo,0
SW-7649,35-49,Family,16,18.99,9.3,Music-heavy,Credit card,0,No ticket,Android,0
SW-7650,50 plus,Free,8,0.0,13.6,Podcast-heavy,PayPal,0,No ticket,Android,0
SW-7651,Under 25,Premium,7,12.99,13.1,Balanced,Credit card,0,No ticket,Web,0
SW-7652,50 plus,Premium,18,12.99,27.3,Low-usage,Credit card,0,No ticket,Partner promo,1
SW-7653,25-34,Family,4,18.99,18.4,Balanced,PayPal,0,No ticket,iOS,0
SW-7654,Under 25,Basic,4,7.99,8.1,Music-heavy,Credit card,0,No ticket,Android,0
SW-7655,25-34,Premium,19,12.99,13.4,Music-heavy,Credit card,3,Billing,Android,1
SW-7656,25-34,Premium,17,12.99,11.2,Balanced,Debit,0,No ticket,Android,0
SW-7657,25-34,Basic,13,7.99,9.1,Music-heavy,Debit,1,Account,iOS,0
SW-7658,25-34,Premium,6,12.99,4.0,Music-heavy,Debit,0,No ticket,Android,0
SW-7659,Under 25,Basic,20,7.99,9.1,Balanced,Credit card,0,No ticket,Android,0
SW-7660,25-34,Basic,19,7.99,1.5,Balanced,Credit card,2,Billing,Android,0
SW-7661,35-49,Basic,13,7.99,18.9,Podcast-heavy,Debit,0,No ticket,Partner promo,0
SW-7662,25-34,Premium,5,12.99,10.6,Music-heavy,Credit card,0,No ticket,Android,0
SW-7663,25-34,Basic,9,7.99,7.0,Music-heavy,PayPal,1,Account,Web,0
SW-7664,35-49,Premium,22,12.99,5.7,Podcast-heavy,Credit card,0,No ticket,Partner promo,0
SW-7665,50 plus,Basic,30,7.99,13.5,Music-heavy,Credit card,0,No ticket,Web,0
SW-7666,35-49,Premium,10,12.99,34.8,Low-usage,Credit card,0,No ticket,Partner promo,0
SW-7667,25-34,Free,10,0.0,10.8,Podcast-heavy,PayPal,0,No ticket,Android,0
SW-7668,35-49,Basic,11,7.99,36.6,Podcast-heavy,Debit,0,No ticket,Android,0
SW-7669,Under 25,Premium,15,12.99,15.0,Music-heavy,Credit card,0,No ticket,iOS,0
SW-7670,Under 25,Premium,8,12.99,4.2,Music-heavy,Debit,0,No ticket,Web,0
SW-7671,25-34,Basic,2,7.99,11.8,Low-usage,Credit card,0,No ticket,Web,0
SW-7672,35-49,Free,28,0.0,10.9,Low-usage,Credit card,0,No ticket,Android,0
SW-7673,25-34,Premium,42,12.99,4.2,Podcast-heavy,Credit card,1,Billing,iOS,0
SW-7674,Under 25,Basic,8,7.99,5.8,Balanced,Credit card,1,Content,iOS,0
SW-7675,Under 25,Family,6,18.99,5.7,Balanced,Credit card,1,Playback,Partner promo,0
SW-7676,50 plus,Premium,11,12.99,8.7,Music-heavy,Credit card,0,No ticket,Web,0
SW-7677,35-49,Basic,11,7.99,6.4,Music-heavy,Credit card,2,Playback,Android,0
SW-7678,25-34,Basic,24,7.99,9.9,Music-heavy,Credit card,1,Content,iOS,0
SW-7679,25-34,Premium,12,12.99,11.3,Podcast-heavy,Credit card,1,Billing,Web,0
SW-7680,25-34,Free,7,0.0,22.1,Podcast-heavy,PayPal,0,No ticket,Android,0
SW-7681,35-49,Free,5,0.0,12.4,Low-usage,Debit,0,No ticket,Android,0
SW-7682,25-34,Basic,22,7.99,4.6,Balanced,Gift card,0,No ticket,Web,0
SW-7683,50 plus,Premium,18,12.99,40.0,Balanced,Credit card,0,No ticket,iOS,0
SW-7684,25-34,Premium,25,12.99,4.6,Low-usage,Credit card,1,Billing,Android,0
SW-7685,35-49,Free,6,0.0,5.9,Balanced,Debit,0,No ticket,Web,0
SW-7686,Under 25,Premium,43,12.99,12.9,Music-heavy,Debit,0,No ticket,iOS,0
SW-7687,25-34,Basic,4,7.99,40.0,Music-heavy,Credit card,1,Playback,Android,0
SW-7688,25-34,Premium,20,12.99,11.0,Podcast-heavy,Debit,1,Playback,Android,0
SW-7689,25-34,Basic,3,7.99,4.8,Balanced,Debit,0,No ticket,Android,0
SW-7690,Under 25,Premium,7,12.99,2.2,Podcast-heavy,PayPal,1,Billing,iOS,0
SW-7691,35-49,Family,36,18.99,2.0,Balanced,Debit,1,Account,iOS,0
SW-7692,Under 25,Free,21,0.0,8.1,Low-usage,Gift card,0,No ticket,Android,0
SW-7693,35-49,Basic,8,7.99,12.4,Podcast-heavy,PayPal,0,No ticket,Web,1
SW-7694,35-49,Basic,8,7.99,2.6,Podcast-heavy,Credit card,2,Billing,Android,0
SW-7695,35-49,Basic,13,7.99,9.6,Balanced,Credit card,0,No ticket,Android,0
SW-7696,35-49,Basic,17,7.99,2.8,Music-heavy,Credit card,1,Billing,Android,1
SW-7697,35-49,Premium,29,12.99,3.8,Music-heavy,Credit card,0,No ticket,Web,0
SW-7698,25-34,Premium,9,12.99,13.3,Low-usage,Credit card,0,No ticket,Partner promo,1
SW-7699,35-49,Basic,4,7.99,4.4,Balanced,Credit card,1,Playback,iOS,0
SW-7700,25-34,Premium,13,12.99,22.8,Podcast-heavy,Credit card,1,Playback,Android,0
SW-7701,35-49,Premium,9,12.99,5.0,Low-usage,Debit,0,No ticket,Android,0
SW-7702,35-49,Premium,5,12.99,19.4,Music-heavy,Credit card,1,Account,Web,0
SW-7703,25-34,Basic,15,7.99,40.0,Balanced,Credit card,1,Billing,Web,0
SW-7704,25-34,Basic,10,7.99,4.4,Balanced,Credit card,1,Playback,Android,0
SW-7705,25-34,Premium,15,12.99,40.0,Music-heavy,PayPal,0,No ticket,Partner promo,0
SW-7706,35-49,Basic,6,7.99,8.1,Music-heavy,PayPal,0,No ticket,Android,0
SW-7707,50 plus,Premium,17,12.99,4.8,Low-usage,Credit card,0,No ticket,Android,0
SW-7708,25-34,Premium,5,12.99,6.3,Music-heavy,PayPal,1,Playback,Partner promo,0
SW-7709,35-49,Free,7,0.0,5.8,Music-heavy,Credit card,1,Content,iOS,0
SW-7710,50 plus,Free,10,0.0,24.6,Podcast-heavy,PayPal,0,No ticket,iOS,0
SW-7711,Under 25,Family,41,18.99,23.0,Music-heavy,Credit card,0,No ticket,Web,0
SW-7712,25-34,Premium,21,12.99,22.7,Low-usage,Credit card,0,No ticket,Partner promo,1
SW-7713,35-49,Family,26,18.99,2.8,Music-heavy,Credit card,0,No ticket,Android,0
SW-7714,35-49,Free,32,0.0,9.3,Balanced,Credit card,0,No ticket,iOS,0
SW-7715,50 plus,Premium,60,12.99,2.3,Music-heavy,PayPal,0,No ticket,Web,0
SW-7716,25-34,Premium,12,12.99,18.0,Balanced,Debit,0,No ticket,iOS,0
SW-7717,Under 25,Family,32,18.99,5.4,Podcast-heavy,Credit card,1,Playback,Web,0
SW-7718,25-34,Free,24,0.0,12.0,Podcast-heavy,Credit card,1,Content,iOS,1
SW-7719,25-34,Basic,24,7.99,5.4,Low-usage,Credit card,0,No ticket,Partner promo,0
SW-7720,25-34,Basic,42,7.99,2.0,Music-heavy,Credit card,1,Account,Web,0
SW-7721,35-49,Family,9,18.99,16.2,Podcast-heavy,PayPal,1,Account,iOS,0
SW-7722,Under 25,Family,8,18.99,17.3,Low-usage,Credit card,0,No ticket,Web,0
SW-7723,35-49,Premium,15,12.99,8.9,Low-usage,Credit card,2,Billing,Partner promo,1
SW-7724,25-34,Family,11,18.99,1.5,Balanced,PayPal,0,No ticket,iOS,0
SW-7725,35-49,Free,15,0.0,14.6,Music-heavy,Credit card,0,No ticket,Web,0
SW-7726,Under 25,Free,36,0.0,4.4,Music-heavy,Credit card,0,No ticket,Android,0
SW-7727,25-34,Free,9,0.0,12.1,Music-heavy,Credit card,2,Billing,Android,1
SW-7728,Under 25,Basic,10,7.99,5.4,Low-usage,Debit,0,No ticket,Partner promo,0
SW-7729,50 plus,Premium,14,12.99,5.9,Low-usage,Debit,0,No ticket,Web,0
SW-7730,35-49,Family,10,18.99,11.9,Music-heavy,Credit card,2,Billing,iOS,1
SW-7731,25-34,Basic,3,7.99,4.1,Music-heavy,Debit,0,No ticket,Partner promo,0
SW-7732,25-34,Premium,8,12.99,7.0,Music-heavy,PayPal,0,No ticket,Android,0
SW-7733,50 plus,Family,19,18.99,12.0,Music-heavy,Debit,0,No ticket,Android,0
SW-7734,25-34,Basic,33,7.99,40.0,Music-heavy,PayPal,0,No ticket,Android,0
SW-7735,Under 25,Free,5,0.0,7.5,Balanced,Credit card,0,No ticket,Android,0
SW-7736,35-49,Basic,5,7.99,15.7,Balanced,Credit card,0,No ticket,Android,0
SW-7737,50 plus,Basic,12,7.99,3.1,Balanced,Debit,1,Billing,Web,0
SW-7738,Under 25,Premium,3,12.99,31.0,Balanced,Credit card,1,Billing,Android,0
SW-7739,25-34,Basic,9,7.99,4.2,Balanced,Credit card,0,No ticket,Android,0
SW-7740,50 plus,Free,4,0.0,7.2,Balanced,Credit card,0,No ticket,Web,0
SW-7741,Under 25,Family,31,18.99,12.0,Podcast-heavy,PayPal,0,No ticket,Web,0
SW-7742,Under 25,Premium,7,12.99,4.3,Music-heavy,Credit card,0,No ticket,iOS,0
SW-7743,35-49,Premium,38,12.99,19.0,Music-heavy,Credit card,2,Billing,Android,0
SW-7744,50 plus,Family,26,18.99,4.7,Balanced,Credit card,1,Content,Android,0
SW-7745,25-34,Basic,8,7.99,15.5,Low-usage,PayPal,0,No ticket,Android,0
SW-7746,50 plus,Basic,6,7.99,18.8,Podcast-heavy,Credit card,0,No ticket,Android,0
SW-7747,35-49,Premium,10,12.99,12.7,Low-usage,Credit card,0,No ticket,iOS,0
SW-7748,Under 25,Premium,11,12.99,14.1,Low-usage,PayPal,0,No ticket,Partner promo,0
SW-7749,50 plus,Premium,15,12.99,40.0,Balanced,PayPal,0,No ticket,Web,0
SW-7750,25-34,Basic,7,7.99,11.2,Balanced,Credit card,0,No ticket,Android,0
SW-7751,25-34,Free,20,0.0,8.7,Balanced,Credit card,0,No ticket,Web,0
SW-7752,25-34,Premium,14,12.99,10.5,Low-usage,Debit,0,No ticket,Web,1
SW-7753,25-34,Basic,9,7.99,22.1,Podcast-heavy,PayPal,0,No ticket,Web,0
SW-7754,Under 25,Premium,7,12.99,40.0,Music-heavy,Credit card,0,No ticket,iOS,0
SW-7755,Under 25,Premium,11,12.99,7.0,Music-heavy,Credit card,3,Billing,Android,0
SW-7756,25-34,Family,7,18.99,3.9,Podcast-heavy,Credit card,2,Playback,iOS,0
SW-7757,35-49,Premium,13,12.99,20.3,Low-usage,Debit,1,Content,Web,0
SW-7758,35-49,Basic,13,7.99,2.7,Music-heavy,Debit,1,Billing,Partner promo,0
SW-7759,50 plus,Premium,14,12.99,9.8,Balanced,Credit card,1,Playback,Web,0
SW-7760,25-34,Premium,41,12.99,10.2,Balanced,Credit card,2,Playback,Partner promo,0
SW-7761,25-34,Premium,11,12.99,7.3,Music-heavy,PayPal,3,Billing,Partner promo,0
SW-7762,Under 25,Premium,24,12.99,7.7,Music-heavy,PayPal,0,No ticket,iOS,0
SW-7763,Under 25,Premium,14,12.99,2.1,Music-heavy,PayPal,0,No ticket,Web,0
SW-7764,25-34,Basic,10,7.99,4.0,Music-heavy,PayPal,0,No ticket,Android,0
SW-7765,35-49,Premium,11,12.99,16.9,Low-usage,Credit card,2,Billing,Partner promo,1
SW-7766,50 plus,Basic,12,7.99,1.6,Music-heavy,Credit card,1,Billing,iOS,0
SW-7767,50 plus,Basic,15,7.99,7.5,Music-heavy,Debit,1,Billing,Web,0
SW-7768,25-34,Premium,6,12.99,6.2,Balanced,Credit card,0,No ticket,Android,0
SW-7769,50 plus,Basic,4,7.99,1.6,Balanced,Credit card,0,No ticket,iOS,0
SW-7770,25-34,Free,19,0.0,31.0,Balanced,Credit card,0,No ticket,Web,0
SW-7771,Under 25,Free,23,0.0,3.5,Podcast-heavy,PayPal,1,Billing,Partner promo,0
SW-7772,50 plus,Premium,20,12.99,12.4,Low-usage,Credit card,0,No ticket,Partner promo,0
SW-7773,35-49,Basic,13,7.99,5.5,Low-usage,Credit card,1,Billing,iOS,1
SW-7774,Under 25,Premium,21,12.99,4.1,Low-usage,Debit,1,Content,Web,0
SW-7775,25-34,Basic,20,7.99,6.6,Podcast-heavy,PayPal,0,No ticket,Android,0
SW-7776,25-34,Premium,21,12.99,6.0,Balanced,PayPal,1,Playback,iOS,0
SW-7777,35-49,Basic,7,7.99,6.9,Balanced,Debit,0,No ticket,Web,0
SW-7778,25-34,Premium,6,12.99,4.3,Music-heavy,Credit card,0,No ticket,Partner promo,0
SW-7779,50 plus,Premium,9,12.99,3.6,Low-usage,Credit card,0,No ticket,Partner promo,1
SW-7780,Under 25,Family,12,18.99,17.9,Balanced,PayPal,1,Content,iOS,0
SW-7781,25-34,Family,10,18.99,8.0,Music-heavy,Credit card,0,No ticket,Android,0
SW-7782,25-34,Premium,3,12.99,7.6,Music-heavy,Debit,1,Playback,Web,0
SW-7783,25-34,Family,40,18.99,3.9,Podcast-heavy,Credit card,2,Playback,iOS,0
SW-7784,25-34,Basic,10,7.99,28.2,Balanced,Credit card,0,No ticket,Web,0
SW-7785,35-49,Premium,14,12.99,7.5,Low-usage,Debit,1,Account,Web,0
SW-7786,50 plus,Premium,29,12.99,1.8,Podcast-heavy,PayPal,0,No ticket,Android,0
SW-7787,50 plus,Premium,2,12.99,10.0,Balanced,Gift card,3,Account,Android,0
SW-7788,35-49,Family,8,18.99,4.3,Music-heavy,PayPal,0,No ticket,iOS,0
SW-7789,50 plus,Premium,9,12.99,16.6,Balanced,Debit,2,Billing,iOS,0
SW-7790,25-34,Family,9,18.99,18.4,Podcast-heavy,Debit,1,Playback,Web,0
SW-7791,35-49,Basic,11,7.99,16.7,Balanced,PayPal,0,No ticket,Android,0
SW-7792,25-34,Premium,33,12.99,5.5,Podcast-heavy,Credit card,1,Billing,iOS,0
SW-7793,25-34,Premium,19,12.99,7.3,Podcast-heavy,Gift card,1,Content,Web,0
SW-7794,25-34,Premium,23,12.99,9.8,Podcast-heavy,Credit card,0,No ticket,Web,0
SW-7795,25-34,Basic,12,7.99,16.3,Balanced,Gift card,2,Playback,Web,0
SW-7796,25-34,Premium,5,12.99,3.5,Low-usage,PayPal,0,No ticket,Partner promo,1
SW-7797,50 plus,Family,3,18.99,8.6,Music-heavy,Credit card,0,No ticket,Web,0
SW-7798,25-34,Basic,4,7.99,35.7,Podcast-heavy,Credit card,0,No ticket,Android,0
SW-7799,Under 25,Premium,15,12.99,5.2,Balanced,Credit card,1,Playback,Partner promo,0
SW-7800,25-34,Basic,12,7.99,7.8,Low-usage,Credit card,1,Billing,Web,0
SW-7801,Under 25,Family,10,18.99,40.0,Podcast-heavy,Credit card,3,Billing,iOS,0
SW-7802,Under 25,Premium,9,12.99,6.6,Music-heavy,Debit,0,No ticket,iOS,0
SW-7803,Under 25,Basic,49,7.99,2.3,Music-heavy,Credit card,1,Billing,Partner promo,0
SW-7804,25-34,Basic,7,7.99,7.6,Podcast-heavy,Credit card,2,Billing,Web,0
SW-7805,25-34,Premium,23,12.99,30.5,Podcast-heavy,Gift card,0,No ticket,Android,0
SW-7806,35-49,Free,12,0.0,18.6,Music-heavy,Credit card,0,No ticket,iOS,0
SW-7807,35-49,Premium,11,12.99,3.7,Music-heavy,PayPal,2,Billing,iOS,0
SW-7808,25-34,Family,27,18.99,11.2,Balanced,Credit card,1,Account,Web,0
SW-7809,25-34,Family,33,18.99,7.0,Low-usage,PayPal,0,No ticket,Web,0
SW-7810,25-34,Free,10,0.0,15.3,Low-usage,Credit card,0,No ticket,Web,0
SW-7811,35-49,Family,21,18.99,4.9,Balanced,Debit,1,Account,Web,0
SW-7812,Under 25,Premium,15,12.99,11.9,Balanced,Debit,1,Billing,Web,0
SW-7813,Under 25,Basic,12,7.99,36.9,Music-heavy,PayPal,1,Playback,Android,0
SW-7814,35-49,Free,14,0.0,1.0,Balanced,Credit card,0,No ticket,Android,0
SW-7815,25-34,Basic,7,7.99,12.9,Music-heavy,Credit card,0,No ticket,iOS,0
SW-7816,Under 25,Premium,10,12.99,23.0,Balanced,PayPal,1,Account,Web,0
SW-7817,25-34,Free,8,0.0,2.3,Low-usage,Credit card,1,Content,Web,0
SW-7818,50 plus,Basic,23,7.99,4.5,Balanced,Credit card,1,Playback,Android,0
SW-7819,50 plus,Premium,11,12.99,5.8,Podcast-heavy,Credit card,2,Account,Web,0
SW-7820,35-49,Premium,5,12.99,4.5,Balanced,Credit card,1,Playback,Partner promo,0
SW-7821,25-34,Premium,7,12.99,4.2,Low-usage,Credit card,1,Billing,Android,0
SW-7822,25-34,Premium,1,12.99,5.9,Music-heavy,Credit card,0,No ticket,Web,0
SW-7823,50 plus,Free,8,0.0,15.8,Balanced,Credit card,0,No ticket,Partner promo,0
SW-7824,50 plus,Family,12,18.99,26.3,Music-heavy,Credit card,1,Billing,Android,0
SW-7825,Under 25,Basic,11,7.99,22.7,Balanced,Credit card,0,No ticket,Android,0
SW-7826,35-49,Premium,48,12.99,17.7,Music-heavy,PayPal,0,No ticket,Android,0
SW-7827,Under 25,Premium,18,12.99,34.6,Music-heavy,PayPal,2,Content,iOS,0
SW-7828,Under 25,Basic,17,7.99,40.0,Balanced,Credit card,1,Billing,Android,0
SW-7829,35-49,Family,4,18.99,9.1,Music-heavy,PayPal,0,No ticket,Android,0
SW-7830,25-34,Premium,9,12.99,25.1,Music-heavy,PayPal,1,Account,Android,0
SW-7831,50 plus,Free,9,0.0,11.2,Podcast-heavy,Debit,1,Playback,Android,0
SW-7832,Under 25,Family,7,18.99,6.7,Balanced,Gift card,0,No ticket,Web,0
SW-7833,25-34,Premium,7,12.99,7.7,Music-heavy,Credit card,0,No ticket,Web,0
SW-7834,50 plus,Premium,3,12.99,18.0,Balanced,PayPal,2,Playback,Partner promo,0
SW-7835,50 plus,Premium,5,12.99,25.8,Balanced,Debit,1,Account,Web,0
SW-7836,Under 25,Premium,22,12.99,12.7,Podcast-heavy,Credit card,0,No ticket,iOS,0
SW-7837,25-34,Free,11,0.0,5.8,Balanced,Debit,0,No ticket,iOS,0
SW-7838,35-49,Basic,8,7.99,5.4,Music-heavy,Credit card,1,Account,Web,0
SW-7839,Under 25,Basic,12,7.99,1.8,Music-heavy,Credit card,0,No ticket,Web,0
SW-7840,50 plus,Free,27,0.0,10.7,Music-heavy,Credit card,2,Billing,Web,0
SW-7841,50 plus,Premium,12,12.99,10.1,Music-heavy,Debit,0,No ticket,iOS,0
SW-7842,Under 25,Basic,18,7.99,3.5,Podcast-heavy,Debit,1,Playback,Android,0
SW-7843,Under 25,Basic,7,7.99,11.7,Music-heavy,Credit card,0,No ticket,iOS,1
SW-7844,Under 25,Free,8,0.0,11.5,Balanced,Credit card,0,No ticket,Android,0
SW-7845,50 plus,Premium,15,12.99,2.4,Podcast-heavy,Credit card,0,No ticket,iOS,0
SW-7846,Under 25,Premium,45,12.99,6.2,Low-usage,Credit card,0,No ticket,Android,0
SW-7847,25-34,Basic,33,7.99,24.7,Music-heavy,PayPal,1,Content,Android,0
SW-7848,25-34,Premium,18,12.99,4.8,Music-heavy,PayPal,2,Billing,Web,1
SW-7849,35-49,Basic,13,7.99,8.1,Podcast-heavy,Debit,0,No ticket,iOS,0
SW-7850,Under 25,Premium,32,12.99,9.1,Music-heavy,Gift card,0,No ticket,Android,0
SW-7851,25-34,Free,21,0.0,7.8,Balanced,PayPal,0,No ticket,Android,0
SW-7852,50 plus,Premium,2,12.99,13.9,Podcast-heavy,Credit card,0,No ticket,Partner promo,0
SW-7853,50 plus,Premium,6,12.99,16.9,Podcast-heavy,Credit card,0,No ticket,Web,0
SW-7854,35-49,Family,15,18.99,22.0,Music-heavy,Credit card,0,No ticket,Partner promo,0
SW-7855,Under 25,Basic,3,7.99,6.2,Music-heavy,Credit card,0,No ticket,Web,0
SW-7856,25-34,Premium,6,12.99,12.2,Podcast-heavy,PayPal,1,Playback,Web,0
SW-7857,35-49,Premium,7,12.99,15.7,Music-heavy,Credit card,0,No ticket,iOS,0
SW-7858,25-34,Family,10,18.99,7.3,Music-heavy,PayPal,0,No ticket,Web,0
SW-7859,50 plus,Basic,10,7.99,4.5,Podcast-heavy,Debit,0,No ticket,Android,0
SW-7860,35-49,Basic,10,7.99,9.0,Music-heavy,Debit,1,Account,Partner promo,0
SW-7861,Under 25,Family,21,18.99,4.9,Balanced,Credit card,0,No ticket,Partner promo,0
SW-7862,50 plus,Free,10,0.0,4.6,Music-heavy,Credit card,1,Account,Android,0
SW-7863,50 plus,Free,9,0.0,9.5,Music-heavy,Debit,0,No ticket,iOS,0
SW-7864,Under 25,Free,5,0.0,6.9,Music-heavy,PayPal,0,No ticket,Partner promo,0
SW-7865,25-34,Premium,25,12.99,9.2,Music-heavy,PayPal,1,Account,iOS,0
SW-7866,25-34,Free,7,0.0,2.3,Music-heavy,Debit,0,No ticket,Partner promo,0
SW-7867,25-34,Family,6,18.99,7.0,Music-heavy,Credit card,1,Billing,Partner promo,0
SW-7868,Under 25,Basic,14,7.99,1.3,Music-heavy,Credit card,0,No ticket,Web,0
SW-7869,35-49,Free,7,0.0,3.5,Music-heavy,PayPal,1,Billing,Web,0
SW-7870,50 plus,Basic,8,7.99,7.5,Balanced,Credit card,0,No ticket,iOS,0
SW-7871,25-34,Basic,14,7.99,21.1,Balanced,Debit,1,Billing,Android,0
SW-7872,Under 25,Premium,10,12.99,12.3,Music-heavy,Credit card,0,No ticket,Android,0
SW-7873,35-49,Premium,60,12.99,8.6,Music-heavy,Credit card,0,No ticket,Android,0
SW-7874,25-34,Premium,11,12.99,5.9,Balanced,Credit card,0,No ticket,Web,0
SW-7875,50 plus,Free,18,0.0,6.5,Balanced,PayPal,4,Billing,Web,1
SW-7876,25-34,Premium,3,12.99,22.7,Low-usage,PayPal,2,Billing,Partner promo,1
SW-7877,Under 25,Premium,7,12.99,3.3,Music-heavy,PayPal,0,No ticket,iOS,0
SW-7878,Under 25,Premium,6,12.99,4.5,Podcast-heavy,Credit card,1,Billing,Android,0
SW-7879,35-49,Premium,6,12.99,18.8,Balanced,Credit card,1,Account,Partner promo,0
SW-7880,25-34,Basic,16,7.99,6.1,Balanced,Gift card,1,Billing,Android,0
SW-7881,35-49,Family,25,18.99,37.7,Music-heavy,Credit card,1,Billing,iOS,0
SW-7882,Under 25,Basic,15,7.99,13.9,Balanced,Credit card,0,No ticket,iOS,1
SW-7883,25-34,Free,10,0.0,20.2,Music-heavy,Credit card,0,No ticket,Android,0
SW-7884,25-34,Premium,8,12.99,2.2,Music-heavy,Credit card,0,No ticket,iOS,0
SW-7885,50 plus,Family,26,18.99,18.7,Podcast-heavy,Credit card,0,No ticket,Android,0
SW-7886,50 plus,Premium,51,12.99,4.1,Music-heavy,PayPal,0,No ticket,Web,0
SW-7887,Under 25,Basic,13,7.99,14.2,Balanced,Gift card,0,No ticket,Android,0
SW-7888,25-34,Basic,23,7.99,6.0,Balanced,Credit card,1,Account,Partner promo,0
SW-7889,Under 25,Basic,15,7.99,9.6,Balanced,Credit card,0,No ticket,Partner promo,0
SW-7890,25-34,Family,20,18.99,3.3,Music-heavy,Debit,1,Playback,iOS,0
SW-7891,25-34,Free,5,0.0,2.0,Music-heavy,Credit card,0,No ticket,iOS,0
SW-7892,50 plus,Premium,9,12.99,9.0,Music-heavy,Gift card,0,No ticket,Web,1
SW-7893,50 plus,Basic,16,7.99,6.3,Podcast-heavy,Credit card,0,No ticket,iOS,0
SW-7894,25-34,Premium,28,12.99,3.9,Balanced,Credit card,3,Billing,iOS,1
SW-7895,25-34,Family,7,18.99,2.1,Podcast-heavy,Debit,1,Playback,Android,0
SW-7896,50 plus,Basic,3,7.99,0.9,Podcast-heavy,PayPal,1,Playback,Web,0
SW-7897,35-49,Basic,8,7.99,12.2,Podcast-heavy,Credit card,0,No ticket,iOS,0
SW-7898,Under 25,Premium,24,12.99,6.5,Music-heavy,Credit card,0,No ticket,iOS,0
SW-7899,25-34,Premium,4,12.99,4.9,Balanced,Credit card,0,No ticket,Web,0
SW-7900,25-34,Premium,5,12.99,9.5,Podcast-heavy,Credit card,0,No ticket,Web,0
SW-7901,25-34,Premium,13,12.99,18.0,Balanced,Credit card,0,No ticket,iOS,0
SW-7902,Under 25,Basic,11,7.99,9.9,Balanced,PayPal,0,No ticket,Android,0
SW-7903,Under 25,Premium,18,12.99,5.6,Music-heavy,Credit card,3,Billing,Android,0
SW-7904,35-49,Basic,5,7.99,40.0,Podcast-heavy,Credit card,0,No ticket,iOS,0
SW-7905,25-34,Family,10,18.99,4.8,Balanced,Debit,0,No ticket,Web,1
SW-7906,Under 25,Basic,28,7.99,2.6,Music-heavy,Credit card,0,No ticket,Web,0
SW-7907,25-34,Premium,5,12.99,8.7,Balanced,PayPal,0,No ticket,Web,0
SW-7908,35-49,Basic,34,7.99,6.5,Music-heavy,Debit,0,No ticket,Web,0
SW-7909,50 plus,Basic,6,7.99,17.1,Podcast-heavy,Credit card,0,No ticket,Android,0
SW-7910,25-34,Basic,22,7.99,5.3,Low-usage,PayPal,1,Account,Web,0
SW-7911,25-34,Premium,9,12.99,7.0,Podcast-heavy,Credit card,0,No ticket,Web,0
SW-7912,50 plus,Premium,5,12.99,4.0,Podcast-heavy,Debit,0,No ticket,Web,0
SW-7913,Under 25,Family,8,18.99,15.3,Music-heavy,PayPal,0,No ticket,iOS,0
SW-7914,Under 25,Basic,18,7.99,9.0,Music-heavy,PayPal,0,No ticket,iOS,0
SW-7915,25-34,Premium,12,12.99,6.4,Podcast-heavy,Credit card,0,No ticket,Web,0
SW-7916,Under 25,Premium,26,12.99,7.1,Podcast-heavy,Credit card,2,Content,Web,0
SW-7917,25-34,Basic,33,7.99,7.9,Music-heavy,Credit card,1,Billing,Partner promo,0
SW-7918,50 plus,Basic,5,7.99,2.5,Low-usage,PayPal,1,Content,Partner promo,0
SW-7919,35-49,Premium,5,12.99,20.3,Music-heavy,PayPal,2,Billing,Android,0
SW-7920,25-34,Basic,5,7.99,19.3,Podcast-heavy,Credit card,1,Playback,Web,0
SW-7921,50 plus,Basic,6,7.99,8.3,Podcast-heavy,Credit card,0,No ticket,iOS,0
SW-7922,Under 25,Premium,26,12.99,7.6,Podcast-heavy,PayPal,0,No ticket,Android,0
SW-7923,Under 25,Basic,18,7.99,3.6,Podcast-heavy,Credit card,0,No ticket,Web,0
SW-7924,35-49,Premium,8,12.99,31.9,Music-heavy,Credit card,0,No ticket,iOS,0
SW-7925,35-49,Family,12,18.99,26.3,Low-usage,Credit card,3,Billing,Android,1
SW-7926,Under 25,Premium,32,12.99,11.0,Podcast-heavy,Credit card,0,No ticket,iOS,0
SW-7927,25-34,Premium,46,12.99,15.4,Podcast-heavy,Gift card,2,Billing,iOS,0
SW-7928,35-49,Free,14,0.0,21.4,Balanced,Gift card,1,Playback,iOS,0
SW-7929,35-49,Family,2,18.99,18.2,Music-heavy,Credit card,1,Account,Android,0
SW-7930,35-49,Premium,15,12.99,4.0,Low-usage,Gift card,2,Billing,Partner promo,1
SW-7931,25-34,Premium,23,12.99,6.2,Podcast-heavy,Credit card,1,Playback,Android,0
SW-7932,Under 25,Family,14,18.99,11.6,Balanced,PayPal,0,No ticket,iOS,0
SW-7933,25-34,Premium,20,12.99,9.4,Balanced,Credit card,0,No ticket,Android,0
SW-7934,Under 25,Premium,15,12.99,14.6,Balanced,PayPal,0,No ticket,Partner promo,0
SW-7935,50 plus,Basic,5,7.99,13.4,Podcast-heavy,Credit card,1,Content,Android,0
SW-7936,25-34,Free,6,0.0,9.7,Balanced,Credit card,1,Content,iOS,0
SW-7937,25-34,Premium,10,12.99,1.0,Music-heavy,PayPal,0,No ticket,Android,0
SW-7938,35-49,Free,25,0.0,20.4,Balanced,Credit card,1,Billing,Android,0
SW-7939,25-34,Premium,7,12.99,15.7,Music-heavy,Gift card,0,No ticket,Android,0
SW-7940,25-34,Free,17,0.0,40.0,Music-heavy,Credit card,2,Playback,Android,0
SW-7941,35-49,Family,15,18.99,5.5,Music-heavy,Credit card,1,Content,Android,0
SW-7942,50 plus,Basic,36,7.99,1.8,Music-heavy,PayPal,1,Playback,Android,0
SW-7943,35-49,Premium,12,12.99,6.9,Music-heavy,Debit,0,No ticket,Web,0
SW-7944,Under 25,Premium,4,12.99,11.5,Balanced,Credit card,1,Billing,iOS,0
SW-7945,35-49,Basic,19,7.99,5.6,Music-heavy,Credit card,1,Billing,Web,0
SW-7946,35-49,Basic,54,7.99,24.0,Balanced,Debit,2,Billing,iOS,1
SW-7947,Under 25,Basic,20,7.99,4.7,Music-heavy,Credit card,1,Billing,Android,0
SW-7948,25-34,Basic,7,7.99,7.4,Music-heavy,Credit card,0,No ticket,iOS,0
SW-7949,50 plus,Basic,6,7.99,6.6,Podcast-heavy,Debit,1,Billing,Web,0
SW-7950,Under 25,Basic,6,7.99,40.0,Podcast-heavy,Debit,0,No ticket,iOS,0
SW-7951,35-49,Premium,49,12.99,3.9,Music-heavy,Gift card,1,Billing,Web,0
SW-7952,25-34,Basic,10,7.99,12.8,Low-usage,Debit,2,Billing,Android,1
SW-7953,25-34,Family,8,18.99,3.1,Music-heavy,Credit card,1,Billing,Android,0
SW-7954,Under 25,Premium,11,12.99,10.5,Balanced,Credit card,0,No ticket,Android,0
SW-7955,35-49,Basic,10,7.99,3.7,Music-heavy,Credit card,0,No ticket,Web,0
SW-7956,25-34,Premium,36,12.99,19.3,Balanced,Credit card,0,No ticket,Web,0
SW-7957,25-34,Family,6,18.99,16.5,Podcast-heavy,Credit card,0,No ticket,Partner promo,0
SW-7958,35-49,Free,27,0.0,9.9,Low-usage,PayPal,0,No ticket,Web,0
SW-7959,35-49,Premium,13,12.99,2.6,Music-heavy,PayPal,1,Account,Android,0
SW-7960,50 plus,Premium,28,12.99,7.7,Music-heavy,Debit,2,Billing,Android,1
SW-7961,25-34,Basic,36,7.99,6.3,Podcast-heavy,Debit,0,No ticket,iOS,0
SW-7962,25-34,Premium,13,12.99,15.5,Podcast-heavy,Credit card,0,No ticket,iOS,0
SW-7963,50 plus,Basic,10,7.99,3.9,Music-heavy,Debit,1,Playback,Web,0
SW-7964,35-49,Basic,13,7.99,20.2,Music-heavy,PayPal,1,Account,Partner promo,0
SW-7965,25-34,Premium,11,12.99,17.3,Balanced,Debit,0,No ticket,iOS,0
SW-7966,Under 25,Premium,4,12.99,2.7,Music-heavy,Credit card,2,Account,Web,0
SW-7967,50 plus,Family,36,18.99,6.7,Podcast-heavy,Debit,0,No ticket,iOS,0
SW-7968,25-34,Premium,14,12.99,7.7,Podcast-heavy,Debit,1,Content,Web,0
SW-7969,35-49,Premium,5,12.99,17.9,Balanced,Credit card,0,No ticket,Android,0
SW-7970,25-34,Premium,3,12.99,4.6,Music-heavy,Credit card,1,Account,iOS,0
SW-7971,Under 25,Free,2,0.0,9.4,Podcast-heavy,PayPal,0,No ticket,Web,0
SW-7972,35-49,Premium,21,12.99,19.3,Music-heavy,Debit,0,No ticket,Web,0
SW-7973,Under 25,Premium,8,12.99,9.8,Music-heavy,PayPal,0,No ticket,Web,0
SW-7974,25-34,Free,9,0.0,1.8,Podcast-heavy,Credit card,0,No ticket,Web,0
SW-7975,25-34,Premium,17,12.99,5.4,Low-usage,Credit card,1,Playback,iOS,0
SW-7976,25-34,Free,8,0.0,16.5,Music-heavy,Credit card,2,Content,Android,0
SW-7977,35-49,Premium,18,12.99,14.9,Music-heavy,Credit card,1,Account,Web,0
SW-7978,35-49,Premium,13,12.99,1.3,Balanced,Credit card,2,Billing,Web,0
SW-7979,35-49,Family,11,18.99,9.4,Music-heavy,PayPal,0,No ticket,iOS,0
SW-7980,Under 25,Basic,4,7.99,17.1,Balanced,Debit,1,Playback,iOS,0
SW-7981,Under 25,Premium,7,12.99,12.3,Low-usage,Gift card,0,No ticket,Android,0
SW-7982,25-34,Basic,18,7.99,13.5,Low-usage,Credit card,0,No ticket,Partner promo,0
SW-7983,50 plus,Premium,7,12.99,40.0,Music-heavy,Credit card,1,Content,iOS,0
SW-7984,35-49,Premium,28,12.99,7.7,Podcast-heavy,Credit card,3,Playback,Web,0
SW-7985,50 plus,Premium,60,12.99,10.2,Low-usage,Credit card,0,No ticket,Web,0
SW-7986,25-34,Premium,19,12.99,3.8,Music-heavy,Credit card,0,No ticket,Web,0
SW-7987,25-34,Family,34,18.99,4.8,Podcast-heavy,Debit,1,Billing,Android,1
SW-7988,25-34,Free,20,0.0,6.1,Music-heavy,Credit card,0,No ticket,Android,0
SW-7989,Under 25,Basic,8,7.99,15.8,Music-heavy,Credit card,0,No ticket,Web,0
SW-7990,Under 25,Premium,14,12.99,4.4,Low-usage,Credit card,0,No ticket,Android,0
SW-7991,50 plus,Premium,49,12.99,21.5,Balanced,Credit card,1,Account,Android,0
SW-7992,25-34,Basic,8,7.99,3.3,Podcast-heavy,PayPal,0,No ticket,Partner promo,0
SW-7993,25-34,Premium,6,12.99,13.3,Balanced,PayPal,0,No ticket,Web,0
SW-7994,Under 25,Basic,5,7.99,12.4,Podcast-heavy,Credit card,2,Billing,Web,1
SW-7995,50 plus,Basic,10,7.99,9.8,Balanced,PayPal,0,No ticket,Web,0
SW-7996,35-49,Premium,6,12.99,17.6,Low-usage,Debit,0,No ticket,Partner promo,0
SW-7997,35-49,Basic,39,7.99,4.4,Music-heavy,Credit card,0,No ticket,iOS,0
SW-7998,50 plus,Free,14,0.0,5.5,Music-heavy,Credit card,1,Playback,Android,0
SW-7999,25-34,Free,24,0.0,3.7,Podcast-heavy,Debit,1,Account,Web,0
SW-8000,35-49,Family,10,18.99,8.1,Music-heavy,Credit card,0,No ticket,Android,0
SW-8001,Under 25,Family,5,18.99,7.3,Music-heavy,Credit card,1,Billing,Android,0
SW-8002,Under 25,Premium,5,12.99,15.9,Low-usage,Credit card,1,Account,Web,0
SW-8003,35-49,Basic,6,7.99,10.9,Low-usage,Credit card,2,Billing,Web,1
SW-8004,35-49,Family,15,18.99,13.9,Balanced,Debit,0,No ticket,Android,0
SW-8005,25-34,Premium,17,12.99,6.8,Low-usage,PayPal,1,Account,Android,0
SW-8006,25-34,Premium,18,12.99,11.1,Low-usage,Debit,1,Account,Partner promo,1
SW-8007,25-34,Premium,4,12.99,34.1,Balanced,Gift card,0,No ticket,Android,0
SW-8008,Under 25,Basic,12,7.99,2.7,Podcast-heavy,PayPal,1,Playback,Android,0
SW-8009,25-34,Premium,6,12.99,1.8,Low-usage,Credit card,1,Account,Android,0
SW-8010,Under 25,Basic,16,7.99,13.3,Podcast-heavy,Credit card,0,No ticket,Web,0
SW-8011,25-34,Basic,17,7.99,4.1,Music-heavy,Credit card,0,No ticket,Android,0
SW-8012,35-49,Premium,5,12.99,2.6,Music-heavy,Debit,0,No ticket,Partner promo,0
SW-8013,25-34,Family,24,18.99,12.3,Podcast-heavy,Debit,0,No ticket,iOS,0
SW-8014,Under 25,Premium,60,12.99,3.6,Low-usage,Debit,1,Playback,iOS,0
SW-8015,25-34,Basic,22,7.99,27.4,Balanced,Credit card,0,No ticket,iOS,0
SW-8016,50 plus,Free,11,0.0,9.1,Balanced,Debit,1,Playback,Partner promo,0
SW-8017,25-34,Free,10,0.0,6.8,Balanced,Credit card,1,Playback,Web,0
SW-8018,Under 25,Basic,10,7.99,4.1,Music-heavy,Credit card,0,No ticket,Android,0
SW-8019,25-34,Basic,7,7.99,9.5,Balanced,Credit card,0,No ticket,Android,0
SW-8020,35-49,Premium,14,12.99,2.2,Music-heavy,Debit,0,No ticket,Android,0
SW-8021,25-34,Free,5,0.0,1.1,Podcast-heavy,Credit card,0,No ticket,iOS,0
SW-8022,35-49,Family,3,18.99,2.3,Balanced,Credit card,3,Billing,Partner promo,1
SW-8023,50 plus,Basic,14,7.99,19.9,Balanced,Credit card,0,No ticket,Web,1
SW-8024,35-49,Premium,12,12.99,3.8,Balanced,Credit card,1,Account,Web,0
SW-8025,35-49,Premium,8,12.99,2.5,Music-heavy,Debit,1,Billing,iOS,0
SW-8026,25-34,Free,5,0.0,7.5,Balanced,Credit card,1,Billing,Web,0
SW-8027,Under 25,Premium,15,12.99,40.0,Music-heavy,PayPal,1,Content,iOS,0
SW-8028,50 plus,Premium,6,12.99,19.2,Podcast-heavy,Credit card,0,No ticket,Web,0
SW-8029,25-34,Premium,11,12.99,4.2,Podcast-heavy,Credit card,1,Playback,Android,0
SW-8030,Under 25,Premium,41,12.99,4.2,Podcast-heavy,PayPal,1,Playback,iOS,0
SW-8031,35-49,Premium,19,12.99,4.2,Low-usage,PayPal,3,Billing,Partner promo,0
SW-8032,25-34,Premium,5,12.99,3.9,Music-heavy,PayPal,0,No ticket,Web,0
SW-8033,35-49,Family,5,18.99,12.4,Balanced,Credit card,0,No ticket,Web,0
SW-8034,35-49,Free,13,0.0,6.1,Podcast-heavy,Credit card,0,No ticket,Web,0
SW-8035,25-34,Basic,5,7.99,3.3,Podcast-heavy,Debit,0,No ticket,Web,0
SW-8036,35-49,Family,3,18.99,2.7,Podcast-heavy,Credit card,0,No ticket,Web,0
SW-8037,25-34,Basic,17,7.99,40.0,Low-usage,PayPal,0,No ticket,Web,0
SW-8038,25-34,Premium,15,12.99,14.4,Low-usage,Credit card,0,No ticket,iOS,0
SW-8039,25-34,Premium,16,12.99,4.0,Music-heavy,Credit card,1,Playback,Web,0
SW-8040,35-49,Premium,14,12.99,21.1,Music-heavy,Credit card,1,Billing,iOS,0
SW-8041,35-49,Basic,11,7.99,3.2,Podcast-heavy,PayPal,0,No ticket,Web,0
SW-8042,25-34,Basic,8,7.99,7.2,Music-heavy,Credit card,0,No ticket,Partner promo,0
SW-8043,35-49,Free,17,0.0,6.6,Music-heavy,PayPal,1,Account,Web,0
SW-8044,Under 25,Premium,35,12.99,9.3,Music-heavy,Credit card,0,No ticket,iOS,0
SW-8045,50 plus,Premium,8,12.99,3.8,Music-heavy,PayPal,0,No ticket,iOS,0
SW-8046,25-34,Premium,6,12.99,8.9,Balanced,Credit card,1,Playback,Android,0
SW-8047,35-49,Premium,5,12.99,2.0,Podcast-heavy,PayPal,0,No ticket,iOS,0
SW-8048,Under 25,Basic,7,7.99,5.9,Music-heavy,Credit card,1,Billing,iOS,0
SW-8049,Under 25,Free,14,0.0,23.3,Low-usage,PayPal,0,No ticket,Android,0
SW-8050,25-34,Premium,3,12.99,18.2,Balanced,Credit card,0,No ticket,Android,0
SW-8051,50 plus,Premium,16,12.99,4.6,Balanced,Credit card,0,No ticket,Web,0
SW-8052,25-34,Basic,19,7.99,2.4,Podcast-heavy,Credit card,0,No ticket,iOS,0
SW-8053,50 plus,Free,3,0.0,1.4,Music-heavy,Debit,0,No ticket,Partner promo,0
SW-8054,25-34,Free,6,0.0,13.1,Music-heavy,Credit card,1,Billing,iOS,0
SW-8055,25-34,Basic,13,7.99,10.0,Music-heavy,Credit card,1,Playback,iOS,0
SW-8056,Under 25,Premium,11,12.99,10.9,Music-heavy,Credit card,1,Playback,Web,0
SW-8057,35-49,Family,17,18.99,30.9,Balanced,Credit card,2,Account,Android,0
SW-8058,25-34,Family,11,18.99,9.0,Low-usage,Debit,1,Billing,Web,0
SW-8059,50 plus,Family,29,18.99,9.6,Balanced,Credit card,0,No ticket,Web,0
SW-8060,50 plus,Family,10,18.99,2.6,Balanced,Credit card,1,Account,iOS,0
SW-8061,50 plus,Premium,6,12.99,29.3,Podcast-heavy,Credit card,1,Content,iOS,0
SW-8062,25-34,Basic,6,7.99,7.0,Balanced,Credit card,2,Billing,Partner promo,1
SW-8063,35-49,Premium,20,12.99,4.2,Low-usage,Credit card,0,No ticket,Web,0
SW-8064,35-49,Basic,12,7.99,9.4,Balanced,Credit card,0,No ticket,iOS,0
SW-8065,Under 25,Basic,19,7.99,39.6,Music-heavy,Credit card,1,Account,Web,0
SW-8066,35-49,Basic,18,7.99,40.0,Music-heavy,Credit card,0,No ticket,Android,0
SW-8067,Under 25,Premium,3,12.99,3.7,Podcast-heavy,PayPal,0,No ticket,iOS,0
SW-8068,25-34,Basic,5,7.99,20.5,Music-heavy,Credit card,0,No ticket,Android,0
SW-8069,Under 25,Basic,6,7.99,10.5,Low-usage,PayPal,0,No ticket,iOS,1
SW-8070,Under 25,Basic,7,7.99,17.6,Balanced,Credit card,1,Account,iOS,0
SW-8071,25-34,Family,9,18.99,10.0,Balanced,Debit,0,No ticket,iOS,0
SW-8072,25-34,Premium,24,12.99,13.1,Music-heavy,Credit card,0,No ticket,iOS,0
SW-8073,35-49,Family,28,18.99,23.0,Podcast-heavy,Credit card,0,No ticket,iOS,0
SW-8074,Under 25,Basic,10,7.99,2.0,Podcast-heavy,Debit,0,No ticket,iOS,0
SW-8075,25-34,Basic,10,7.99,10.7,Balanced,PayPal,0,No ticket,Android,0
SW-8076,Under 25,Premium,7,12.99,3.1,Podcast-heavy,Credit card,1,Content,iOS,0
SW-8077,35-49,Basic,13,7.99,5.5,Low-usage,Credit card,0,No ticket,Partner promo,0
SW-8078,35-49,Premium,14,12.99,8.0,Balanced,Credit card,1,Billing,Web,0
SW-8079,25-34,Premium,21,12.99,3.6,Balanced,PayPal,1,Billing,Web,0
SW-8080,35-49,Premium,21,12.99,5.0,Low-usage,PayPal,1,Playback,iOS,0
SW-8081,25-34,Family,2,18.99,2.6,Low-usage,Credit card,0,No ticket,Web,0
SW-8082,35-49,Basic,11,7.99,5.0,Music-heavy,PayPal,2,Billing,iOS,0
SW-8083,25-34,Basic,32,7.99,12.0,Balanced,Credit card,0,No ticket,Web,0
SW-8084,25-34,Premium,9,12.99,16.0,Music-heavy,Debit,1,Playback,Android,0
SW-8085,35-49,Free,27,0.0,4.3,Podcast-heavy,Credit card,0,No ticket,iOS,0
SW-8086,Under 25,Basic,10,7.99,23.1,Music-heavy,Credit card,1,Playback,iOS,0
SW-8087,35-49,Basic,14,7.99,12.7,Balanced,Credit card,0,No ticket,Android,0
SW-8088,35-49,Basic,5,7.99,25.2,Podcast-heavy,Gift card,0,No ticket,Web,0
SW-8089,25-34,Free,6,0.0,1.9,Balanced,PayPal,0,No ticket,Android,0
SW-8090,Under 25,Free,20,0.0,10.3,Balanced,PayPal,0,No ticket,iOS,0
SW-8091,Under 25,Premium,22,12.99,13.0,Balanced,Credit card,1,Playback,Web,0
SW-8092,50 plus,Premium,12,12.99,2.0,Music-heavy,Credit card,2,Playback,Android,1
SW-8093,35-49,Premium,5,12.99,40.0,Balanced,Debit,1,Playback,iOS,0
SW-8094,Under 25,Premium,12,12.99,4.8,Podcast-heavy,PayPal,0,No ticket,Android,0
SW-8095,25-34,Free,29,0.0,12.4,Podcast-heavy,PayPal,0,No ticket,Partner promo,0
SW-8096,35-49,Basic,41,7.99,16.8,Low-usage,Credit card,0,No ticket,Partner promo,0
SW-8097,35-49,Free,10,0.0,8.7,Music-heavy,Debit,0,No ticket,Partner promo,0
SW-8098,Under 25,Premium,4,12.99,24.2,Podcast-heavy,Debit,1,Billing,iOS,0
SW-8099,25-34,Premium,22,12.99,39.5,Balanced,Credit card,1,Playback,Android,0
SW-8100,50 plus,Basic,10,7.99,3.3,Music-heavy,Credit card,0,No ticket,Web,0
SW-8101,Under 25,Basic,23,7.99,8.8,Music-heavy,Credit card,3,Playback,Android,0
SW-8102,Under 25,Family,15,18.99,16.6,Balanced,Debit,1,Billing,iOS,0
SW-8103,50 plus,Premium,6,12.99,2.2,Music-heavy,PayPal,0,No ticket,iOS,0
SW-8104,35-49,Premium,12,12.99,18.7,Podcast-heavy,PayPal,1,Billing,Partner promo,0
SW-8105,25-34,Basic,30,7.99,31.3,Balanced,Debit,2,Billing,Android,1
SW-8106,Under 25,Premium,11,12.99,22.3,Low-usage,Credit card,0,No ticket,Partner promo,1
SW-8107,Under 25,Premium,6,12.99,11.4,Balanced,Debit,0,No ticket,iOS,0
SW-8108,25-34,Premium,4,12.99,27.4,Balanced,PayPal,1,Playback,Web,0
SW-8109,50 plus,Premium,7,12.99,10.6,Podcast-heavy,Debit,0,No ticket,Partner promo,0
SW-8110,25-34,Premium,9,12.99,2.8,Balanced,Credit card,0,No ticket,iOS,0
SW-8111,35-49,Premium,21,12.99,5.3,Balanced,PayPal,0,No ticket,Partner promo,0
SW-8112,50 plus,Premium,5,12.99,6.5,Music-heavy,PayPal,1,Playback,Android,0
SW-8113,25-34,Basic,36,7.99,7.6,Low-usage,PayPal,0,No ticket,Android,0
SW-8114,Under 25,Basic,5,7.99,7.4,Balanced,PayPal,1,Billing,Android,0
SW-8115,25-34,Family,60,18.99,6.1,Music-heavy,Credit card,2,Playback,Android,0
SW-8116,50 plus,Basic,40,7.99,9.5,Balanced,PayPal,0,No ticket,Web,0
SW-8117,35-49,Premium,13,12.99,26.7,Balanced,Debit,0,No ticket,Partner promo,0
SW-8118,Under 25,Premium,4,12.99,9.5,Podcast-heavy,Credit card,0,No ticket,Web,0
SW-8119,35-49,Family,12,18.99,13.2,Balanced,Debit,1,Playback,Web,0
SW-8120,35-49,Basic,9,7.99,1.4,Balanced,Credit card,0,No ticket,iOS,0
SW-8121,50 plus,Basic,5,7.99,8.8,Balanced,Credit card,1,Content,Android,0
SW-8122,Under 25,Premium,15,12.99,19.1,Music-heavy,Gift card,0,No ticket,Android,0
SW-8123,25-34,Premium,7,12.99,21.7,Podcast-heavy,Credit card,1,Account,iOS,0
SW-8124,50 plus,Premium,7,12.99,20.0,Podcast-heavy,PayPal,0,No ticket,Android,0
SW-8125,25-34,Basic,10,7.99,10.2,Balanced,Credit card,1,Playback,Android,0
SW-8126,25-34,Premium,8,12.99,11.1,Low-usage,Credit card,0,No ticket,Partner promo,0
SW-8127,Under 25,Premium,51,12.99,4.7,Music-heavy,Credit card,1,Playback,iOS,0
SW-8128,25-34,Family,8,18.99,15.7,Music-heavy,Debit,2,Billing,Android,1
SW-8129,25-34,Family,16,18.99,4.7,Podcast-heavy,Credit card,0,No ticket,Android,0
SW-8130,50 plus,Free,13,0.0,13.8,Balanced,Gift card,1,Account,Partner promo,0
SW-8131,25-34,Basic,15,7.99,8.3,Balanced,Debit,0,No ticket,Web,0
SW-8132,25-34,Premium,16,12.99,8.1,Low-usage,PayPal,0,No ticket,Partner promo,0
SW-8133,35-49,Family,22,18.99,17.8,Music-heavy,Credit card,1,Playback,Web,0
SW-8134,Under 25,Premium,14,12.99,12.5,Music-heavy,Credit card,0,No ticket,iOS,0
SW-8135,25-34,Basic,14,7.99,10.0,Music-heavy,PayPal,1,Billing,iOS,0
SW-8136,35-49,Free,13,0.0,5.4,Balanced,Credit card,1,Account,iOS,0
SW-8137,50 plus,Premium,11,12.99,28.8,Music-heavy,Credit card,2,Playback,Android,0
SW-8138,35-49,Free,6,0.0,10.4,Podcast-heavy,Credit card,0,No ticket,iOS,0
SW-8139,35-49,Premium,11,12.99,14.5,Low-usage,PayPal,0,No ticket,Partner promo,0
SW-8140,Under 25,Premium,14,12.99,8.5,Low-usage,Credit card,1,Playback,iOS,1
SW-8141,50 plus,Basic,16,7.99,4.6,Low-usage,Credit card,0,No ticket,Web,0
SW-8142,Under 25,Basic,14,7.99,10.6,Low-usage,Debit,1,Playback,Android,0
SW-8143,35-49,Family,10,18.99,5.0,Balanced,PayPal,0,No ticket,iOS,0
SW-8144,25-34,Basic,12,7.99,11.4,Balanced,Credit card,1,Billing,Android,0
SW-8145,50 plus,Basic,8,7.99,0.6,Balanced,Credit card,0,No ticket,iOS,0
SW-8146,35-49,Family,15,18.99,5.8,Balanced,Credit card,1,Content,Android,0
SW-8147,35-49,Premium,10,12.99,7.9,Low-usage,Credit card,0,No ticket,iOS,0
SW-8148,Under 25,Premium,14,12.99,3.7,Podcast-heavy,Credit card,1,Playback,Web,0
SW-8149,25-34,Basic,24,7.99,10.7,Podcast-heavy,Credit card,0,No ticket,Android,0
SW-8150,35-49,Free,7,0.0,5.7,Podcast-heavy,Credit card,0,No ticket,Web,0
SW-8151,35-49,Free,18,0.0,8.0,Balanced,Credit card,1,Account,iOS,0
SW-8152,Under 25,Basic,12,7.99,5.1,Balanced,Credit card,0,No ticket,Android,0
SW-8153,50 plus,Premium,49,12.99,17.4,Low-usage,PayPal,0,No ticket,Partner promo,1
SW-8154,50 plus,Basic,10,7.99,12.4,Podcast-heavy,Credit card,1,Billing,Android,0
SW-8155,25-34,Premium,20,12.99,10.2,Music-heavy,Credit card,0,No ticket,Web,0
SW-8156,35-49,Basic,12,7.99,8.4,Low-usage,Credit card,0,No ticket,Web,0
SW-8157,25-34,Basic,5,7.99,40.0,Music-heavy,Credit card,1,Playback,Web,0
SW-8158,25-34,Family,8,18.99,7.1,Music-heavy,Debit,0,No ticket,Web,0
SW-8159,25-34,Basic,22,7.99,4.6,Balanced,PayPal,1,Playback,iOS,0
SW-8160,35-49,Basic,9,7.99,3.1,Music-heavy,Credit card,0,No ticket,iOS,0
SW-8161,35-49,Basic,3,7.99,16.5,Podcast-heavy,PayPal,0,No ticket,Android,0
SW-8162,25-34,Free,12,0.0,29.5,Music-heavy,PayPal,0,No ticket,Android,0
SW-8163,35-49,Premium,6,12.99,4.1,Music-heavy,Credit card,1,Account,Android,0
SW-8164,35-49,Basic,13,7.99,6.4,Podcast-heavy,Credit card,2,Billing,iOS,0
SW-8165,35-49,Premium,36,12.99,6.0,Music-heavy,Debit,1,Content,Web,0
SW-8166,Under 25,Premium,21,12.99,7.2,Podcast-heavy,Gift card,1,Playback,iOS,0
SW-8167,50 plus,Premium,35,12.99,1.9,Low-usage,Credit card,0,No ticket,Partner promo,0
SW-8168,25-34,Free,8,0.0,15.3,Balanced,Credit card,0,No ticket,Android,0
SW-8169,25-34,Premium,11,12.99,20.7,Music-heavy,PayPal,0,No ticket,Android,0
SW-8170,25-34,Free,6,0.0,1.7,Music-heavy,Credit card,1,Playback,iOS,0
SW-8171,25-34,Premium,7,12.99,32.6,Music-heavy,Debit,2,Account,Web,0
SW-8172,50 plus,Premium,6,12.99,29.2,Podcast-heavy,Credit card,0,No ticket,Partner promo,0
SW-8173,25-34,Basic,5,7.99,0.7,Podcast-heavy,Credit card,0,No ticket,Web,0
SW-8174,35-49,Premium,31,12.99,1.4,Podcast-heavy,Credit card,1,Playback,Partner promo,0
SW-8175,Under 25,Family,3,18.99,7.2,Low-usage,Debit,0,No ticket,Android,0
SW-8176,25-34,Premium,31,12.99,22.9,Low-usage,Credit card,0,No ticket,iOS,0
SW-8177,50 plus,Basic,29,7.99,10.1,Balanced,PayPal,1,Content,Web,0
SW-8178,35-49,Premium,17,12.99,8.1,Music-heavy,Credit card,1,Playback,Partner promo,0
SW-8179,Under 25,Family,6,18.99,12.7,Balanced,Credit card,2,Billing,Android,0
SW-8180,25-34,Basic,4,7.99,4.2,Music-heavy,Credit card,0,No ticket,Web,0
SW-8181,25-34,Premium,8,12.99,22.2,Balanced,PayPal,2,Billing,iOS,1
SW-8182,25-34,Free,19,0.0,7.4,Podcast-heavy,PayPal,1,Playback,Android,0
SW-8183,35-49,Free,12,0.0,2.2,Balanced,Credit card,0,No ticket,Web,0
SW-8184,35-49,Premium,6,12.99,4.2,Low-usage,Credit card,1,Content,Partner promo,1
SW-8185,25-34,Premium,27,12.99,10.7,Podcast-heavy,PayPal,0,No ticket,Web,0
SW-8186,50 plus,Premium,39,12.99,6.3,Podcast-heavy,Credit card,1,Billing,Web,0
SW-8187,35-49,Family,10,18.99,5.8,Podcast-heavy,Credit card,1,Content,Web,0
SW-8188,25-34,Free,13,0.0,9.4,Music-heavy,Credit card,1,Billing,Web,0
SW-8189,25-34,Basic,4,7.99,10.7,Low-usage,Gift card,0,No ticket,Web,0
SW-8190,35-49,Premium,9,12.99,3.0,Low-usage,PayPal,0,No ticket,Partner promo,1
SW-8191,25-34,Basic,17,7.99,21.3,Music-heavy,Credit card,0,No ticket,Partner promo,0
SW-8192,25-34,Premium,15,12.99,7.2,Balanced,Debit,0,No ticket,iOS,0
SW-8193,25-34,Premium,8,12.99,11.2,Music-heavy,PayPal,1,Playback,iOS,0
SW-8194,Under 25,Free,10,0.0,8.6,Music-heavy,Credit card,1,Billing,iOS,0
SW-8195,35-49,Basic,9,7.99,5.8,Podcast-heavy,Credit card,0,No ticket,Web,0
SW-8196,25-34,Premium,10,12.99,16.6,Balanced,Credit card,0,No ticket,Partner promo,0
SW-8197,Under 25,Family,16,18.99,8.5,Podcast-heavy,Credit card,0,No ticket,iOS,0
SW-8198,35-49,Premium,3,12.99,8.5,Balanced,PayPal,1,Billing,iOS,0
SW-8199,50 plus,Premium,11,12.99,1.1,Music-heavy,Credit card,0,No ticket,Partner promo,0
SW-8200,50 plus,Premium,15,12.99,15.4,Podcast-heavy,Credit card,2,Playback,Android,0
SW-8201,25-34,Basic,8,7.99,7.0,Music-heavy,Credit card,5,Billing,iOS,0
SW-8202,Under 25,Free,9,0.0,14.6,Low-usage,PayPal,0,No ticket,Partner promo,0
SW-8203,25-34,Basic,9,7.99,29.8,Music-heavy,PayPal,0,No ticket,Android,0
SW-8204,Under 25,Free,9,0.0,15.5,Music-heavy,Debit,1,Billing,Partner promo,0
SW-8205,50 plus,Basic,12,7.99,8.4,Low-usage,PayPal,1,Billing,Web,0
SW-8206,Under 25,Basic,13,7.99,6.4,Low-usage,Credit card,0,No ticket,Partner promo,0
SW-8207,25-34,Basic,3,7.99,40.0,Balanced,PayPal,1,Account,iOS,0
SW-8208,25-34,Free,19,0.0,11.8,Music-heavy,Debit,1,Playback,Android,0
SW-8209,25-34,Premium,10,12.99,9.5,Podcast-heavy,Credit card,2,Playback,Web,0
SW-8210,35-49,Premium,46,12.99,6.9,Podcast-heavy,Credit card,0,No ticket,Web,0
SW-8211,25-34,Free,5,0.0,3.9,Balanced,Credit card,2,Account,Web,1
SW-8212,Under 25,Family,7,18.99,1.7,Music-heavy,PayPal,0,No ticket,iOS,0
SW-8213,25-34,Free,10,0.0,27.0,Music-heavy,PayPal,3,Content,Web,0
SW-8214,25-34,Family,16,18.99,4.3,Podcast-heavy,Debit,0,No ticket,Web,0
SW-8215,Under 25,Free,3,0.0,6.9,Music-heavy,Credit card,0,No ticket,Partner promo,0
SW-8216,35-49,Family,7,18.99,7.3,Balanced,Gift card,1,Content,Android,0
SW-8217,35-49,Free,18,0.0,25.2,Balanced,Credit card,0,No ticket,iOS,0
SW-8218,35-49,Premium,6,12.99,4.3,Balanced,Debit,0,No ticket,Android,0
SW-8219,50 plus,Basic,31,7.99,9.8,Podcast-heavy,PayPal,0,No ticket,Android,0
SW-8220,50 plus,Premium,9,12.99,12.1,Balanced,Credit card,1,Playback,Web,0
SW-8221,50 plus,Basic,6,7.99,2.6,Music-heavy,Debit,1,Content,Android,0
SW-8222,25-34,Free,18,0.0,2.5,Music-heavy,Credit card,1,Account,Android,0
SW-8223,Under 25,Premium,37,12.99,4.5,Podcast-heavy,Credit card,0,No ticket,Web,0
SW-8224,25-34,Free,16,0.0,9.7,Music-heavy,Debit,1,Account,iOS,0
SW-8225,50 plus,Family,29,18.99,8.8,Music-heavy,Credit card,0,No ticket,iOS,0
SW-8226,50 plus,Free,39,0.0,7.3,Podcast-heavy,Credit card,0,No ticket,Android,0
SW-8227,50 plus,Premium,6,12.99,13.5,Low-usage,Credit card,0,No ticket,Web,0
SW-8228,Under 25,Premium,23,12.99,4.0,Low-usage,Credit card,0,No ticket,Android,0
SW-8229,50 plus,Basic,4,7.99,7.0,Podcast-heavy,Credit card,1,Playback,iOS,0
SW-8230,25-34,Basic,16,7.99,7.3,Music-heavy,PayPal,0,No ticket,Android,0
SW-8231,Under 25,Premium,11,12.99,4.1,Music-heavy,Credit card,0,No ticket,Partner promo,0
SW-8232,25-34,Premium,29,12.99,40.0,Music-heavy,PayPal,2,Billing,Android,0
SW-8233,Under 25,Family,27,18.99,1.4,Music-heavy,Debit,0,No ticket,Android,0
SW-8234,25-34,Basic,18,7.99,21.6,Music-heavy,Credit card,1,Account,Web,0
SW-8235,25-34,Premium,15,12.99,15.2,Balanced,PayPal,1,Billing,Android,0
SW-8236,25-34,Basic,17,7.99,15.3,Podcast-heavy,Credit card,0,No ticket,Android,0
SW-8237,35-49,Basic,13,7.99,8.6,Music-heavy,Credit card,0,No ticket,Android,0
SW-8238,50 plus,Premium,11,12.99,23.2,Balanced,Credit card,0,No ticket,Android,0
SW-8239,35-49,Basic,33,7.99,5.6,Balanced,Credit card,3,Billing,iOS,1
SW-8240,25-34,Basic,36,7.99,11.0,Podcast-heavy,Gift card,0,No ticket,Android,0
SW-8241,35-49,Basic,11,7.99,8.5,Music-heavy,Credit card,1,Billing,Web,0
SW-8242,50 plus,Premium,14,12.99,6.6,Low-usage,PayPal,1,Billing,iOS,0
SW-8243,Under 25,Family,13,18.99,8.8,Balanced,Debit,1,Content,iOS,0
SW-8244,25-34,Premium,4,12.99,3.7,Music-heavy,Credit card,2,Billing,iOS,0
SW-8245,25-34,Premium,9,12.99,4.7,Balanced,PayPal,0,No ticket,Android,1
SW-8246,Under 25,Premium,37,12.99,28.3,Podcast-heavy,Gift card,0,No ticket,Android,0
SW-8247,35-49,Premium,7,12.99,40.0,Balanced,PayPal,1,Billing,Android,0
SW-8248,50 plus,Free,53,0.0,12.1,Podcast-heavy,Credit card,1,Billing,Partner promo,0
SW-8249,Under 25,Free,27,0.0,15.6,Podcast-heavy,Credit card,1,Playback,Android,0
SW-8250,35-49,Free,16,0.0,9.8,Balanced,Credit card,1,Content,Partner promo,0
SW-8251,50 plus,Basic,18,7.99,11.5,Balanced,Debit,1,Playback,Android,0
SW-8252,50 plus,Premium,6,12.99,12.4,Music-heavy,Credit card,0,No ticket,iOS,0
SW-8253,25-34,Basic,10,7.99,18.3,Music-heavy,Debit,1,Content,iOS,0
SW-8254,50 plus,Basic,33,7.99,27.4,Music-heavy,PayPal,1,Content,Android,0
SW-8255,25-34,Premium,8,12.99,3.9,Low-usage,Credit card,0,No ticket,Partner promo,0
SW-8256,25-34,Premium,25,12.99,40.0,Music-heavy,Credit card,1,Billing,Android,0
SW-8257,Under 25,Premium,5,12.99,8.9,Balanced,Gift card,0,No ticket,Android,0
SW-8258,Under 25,Basic,5,7.99,8.9,Music-heavy,Credit card,0,No ticket,Android,0
SW-8259,35-49,Free,45,0.0,5.7,Balanced,Credit card,0,No ticket,Web,0
SW-8260,25-34,Free,12,0.0,5.8,Balanced,Credit card,0,No ticket,iOS,0
SW-8261,25-34,Free,8,0.0,13.1,Music-heavy,Credit card,1,Content,Android,0
SW-8262,Under 25,Basic,31,7.99,13.3,Balanced,Credit card,0,No ticket,Web,0
SW-8263,35-49,Premium,29,12.99,12.6,Low-usage,Credit card,1,Content,Partner promo,1
SW-8264,Under 25,Free,23,0.0,5.6,Music-heavy,Credit card,0,No ticket,Android,0
SW-8265,35-49,Free,8,0.0,0.9,Low-usage,Debit,1,Billing,iOS,0
SW-8266,Under 25,Basic,10,7.99,1.9,Balanced,Credit card,0,No ticket,iOS,0
SW-8267,Under 25,Premium,15,12.99,8.1,Podcast-heavy,Credit card,0,No ticket,Android,0
SW-8268,25-34,Premium,20,12.99,10.5,Music-heavy,PayPal,1,Playback,Web,0
SW-8269,25-34,Premium,8,12.99,5.7,Balanced,Debit,0,No ticket,iOS,0
SW-8270,25-34,Basic,14,7.99,4.6,Podcast-heavy,Credit card,0,No ticket,iOS,0
SW-8271,25-34,Basic,14,7.99,10.1,Balanced,PayPal,0,No ticket,Android,0
SW-8272,50 plus,Free,30,0.0,7.3,Balanced,Credit card,1,Billing,Android,0
SW-8273,35-49,Basic,20,7.99,5.5,Podcast-heavy,Credit card,0,No ticket,iOS,0
SW-8274,Under 25,Family,4,18.99,2.2,Music-heavy,PayPal,0,No ticket,Android,0
SW-8275,25-34,Family,10,18.99,4.1,Music-heavy,Credit card,2,Billing,Partner promo,1
SW-8276,50 plus,Premium,6,12.99,16.9,Music-heavy,PayPal,1,Playback,iOS,0
SW-8277,25-34,Family,18,18.99,3.7,Balanced,PayPal,0,No ticket,Web,0
SW-8278,Under 25,Premium,23,12.99,13.6,Music-heavy,Credit card,1,Billing,Android,0
SW-8279,35-49,Free,13,0.0,24.3,Podcast-heavy,Credit card,2,Billing,iOS,1
SW-8280,35-49,Family,10,18.99,4.2,Music-heavy,Credit card,0,No ticket,iOS,0
SW-8281,35-49,Free,13,0.0,5.6,Balanced,Credit card,1,Billing,Web,0
SW-8282,Under 25,Premium,14,12.99,17.6,Podcast-heavy,PayPal,2,Billing,iOS,1
SW-8283,Under 25,Basic,8,7.99,21.4,Low-usage,Credit card,0,No ticket,iOS,0
SW-8284,35-49,Basic,5,7.99,4.8,Balanced,Credit card,2,Billing,Android,1
SW-8285,Under 25,Premium,3,12.99,2.2,Balanced,Debit,2,Playback,Web,0
SW-8286,25-34,Basic,29,7.99,21.8,Music-heavy,Credit card,0,No ticket,Android,0
SW-8287,25-34,Premium,17,12.99,12.8,Low-usage,Credit card,0,No ticket,Partner promo,0
SW-8288,25-34,Basic,15,7.99,11.0,Music-heavy,Credit card,0,No ticket,Web,1
SW-8289,50 plus,Basic,29,7.99,16.6,Podcast-heavy,PayPal,1,Billing,Android,0
SW-8290,50 plus,Family,5,18.99,3.1,Balanced,Credit card,0,No ticket,Web,0
SW-8291,35-49,Premium,4,12.99,10.9,Music-heavy,Credit card,2,Billing,Android,1
SW-8292,Under 25,Basic,16,7.99,6.4,Music-heavy,Credit card,0,No ticket,iOS,0
SW-8293,Under 25,Basic,15,7.99,13.0,Balanced,Debit,1,Account,iOS,0
SW-8294,25-34,Premium,4,12.99,15.2,Music-heavy,Credit card,1,Content,iOS,0
SW-8295,Under 25,Basic,15,7.99,17.5,Podcast-heavy,Credit card,0,No ticket,Web,0
SW-8296,50 plus,Basic,9,7.99,12.9,Music-heavy,Credit card,2,Billing,Web,1
SW-8297,Under 25,Basic,7,7.99,9.8,Balanced,Debit,2,Account,Android,0
SW-8298,25-34,Family,10,18.99,10.0,Podcast-heavy,Credit card,1,Playback,Android,0
SW-8299,25-34,Premium,2,12.99,10.7,Low-usage,PayPal,0,No ticket,Partner promo,1
SW-8300,35-49,Free,8,0.0,4.9,Music-heavy,Credit card,0,No ticket,Android,0
SW-8301,Under 25,Premium,7,12.99,5.9,Music-heavy,Debit,0,No ticket,Android,0
SW-8302,25-34,Basic,18,7.99,11.0,Balanced,Debit,1,Billing,Android,0
SW-8303,25-34,Premium,11,12.99,13.5,Balanced,PayPal,1,Content,Web,0
SW-8304,50 plus,Basic,19,7.99,4.8,Podcast-heavy,Credit card,1,Playback,Partner promo,0
SW-8305,Under 25,Basic,2,7.99,3.4,Balanced,Credit card,0,No ticket,Web,0
SW-8306,50 plus,Free,7,0.0,2.1,Music-heavy,PayPal,1,Playback,iOS,0
SW-8307,35-49,Free,18,0.0,2.9,Balanced,PayPal,1,Content,Android,0
SW-8308,25-34,Premium,10,12.99,5.2,Balanced,Gift card,1,Billing,iOS,0
SW-8309,35-49,Family,22,18.99,5.6,Podcast-heavy,Credit card,0,No ticket,Web,0
SW-8310,Under 25,Basic,3,7.99,6.4,Low-usage,Debit,2,Billing,iOS,0
SW-8311,50 plus,Free,20,0.0,3.1,Music-heavy,Credit card,0,No ticket,Partner promo,0
SW-8312,25-34,Free,8,0.0,1.9,Balanced,Debit,2,Billing,Partner promo,1
SW-8313,25-34,Premium,7,12.99,8.9,Low-usage,Gift card,0,No ticket,Android,0
SW-8314,25-34,Premium,24,12.99,8.9,Music-heavy,Credit card,1,Content,Partner promo,0
SW-8315,Under 25,Basic,27,7.99,13.2,Music-heavy,Debit,0,No ticket,Web,0
SW-8316,50 plus,Premium,25,12.99,15.4,Balanced,Credit card,0,No ticket,Web,0
SW-8317,Under 25,Premium,50,12.99,10.9,Low-usage,Credit card,0,No ticket,Partner promo,1
SW-8318,35-49,Family,29,18.99,8.8,Balanced,Credit card,0,No ticket,Web,0
SW-8319,25-34,Free,7,0.0,16.1,Music-heavy,Credit card,2,Billing,iOS,1
SW-8320,50 plus,Basic,13,7.99,25.0,Balanced,Credit card,1,Playback,Web,1
SW-8321,25-34,Free,9,0.0,4.7,Music-heavy,Credit card,1,Billing,iOS,0
SW-8322,25-34,Family,50,18.99,14.8,Music-heavy,Credit card,0,No ticket,Web,0
SW-8323,25-34,Premium,26,12.99,4.9,Low-usage,Credit card,1,Account,Web,0
SW-8324,35-49,Premium,11,12.99,9.5,Balanced,PayPal,0,No ticket,Android,0
SW-8325,Under 25,Free,22,0.0,18.8,Music-heavy,Credit card,0,No ticket,Web,0
SW-8326,Under 25,Basic,5,7.99,6.4,Music-heavy,Credit card,1,Playback,Web,0
SW-8327,Under 25,Basic,14,7.99,3.7,Balanced,Credit card,1,Account,Web,0
SW-8328,35-49,Premium,6,12.99,5.5,Balanced,PayPal,0,No ticket,Android,0
SW-8329,Under 25,Basic,4,7.99,3.7,Balanced,Credit card,0,No ticket,Android,0
SW-8330,35-49,Free,21,0.0,3.4,Balanced,Gift card,1,Account,Android,0
SW-8331,Under 25,Premium,23,12.99,21.0,Music-heavy,Credit card,0,No ticket,Web,0
SW-8332,50 plus,Basic,17,7.99,12.2,Balanced,Credit card,0,No ticket,iOS,0
SW-8333,50 plus,Basic,11,7.99,4.5,Balanced,Credit card,1,Account,Web,0
SW-8334,25-34,Free,5,0.0,3.6,Podcast-heavy,Credit card,1,Billing,iOS,0
SW-8335,25-34,Premium,5,12.99,3.8,Podcast-heavy,Credit card,1,Account,Android,1
SW-8336,25-34,Premium,6,12.99,4.5,Podcast-heavy,Credit card,0,No ticket,Android,0
SW-8337,Under 25,Family,10,18.99,20.1,Balanced,Debit,2,Billing,Web,1
SW-8338,25-34,Premium,25,12.99,7.3,Balanced,Credit card,0,No ticket,Android,0
SW-8339,35-49,Family,25,18.99,40.0,Balanced,Debit,0,No ticket,Web,0
SW-8340,25-34,Family,4,18.99,7.7,Podcast-heavy,PayPal,1,Playback,iOS,0
SW-8341,50 plus,Premium,7,12.99,5.0,Balanced,Debit,0,No ticket,Web,0
SW-8342,25-34,Family,7,18.99,16.8,Balanced,Credit card,1,Billing,Partner promo,0
SW-8343,35-49,Basic,2,7.99,2.1,Music-heavy,Credit card,0,No ticket,Web,0
SW-8344,25-34,Basic,18,7.99,9.3,Podcast-heavy,Credit card,2,Billing,iOS,0
SW-8345,25-34,Free,10,0.0,3.0,Balanced,Debit,0,No ticket,Web,0
SW-8346,25-34,Premium,11,12.99,1.4,Low-usage,Debit,0,No ticket,iOS,0
SW-8347,25-34,Premium,31,12.99,7.3,Music-heavy,Credit card,0,No ticket,iOS,0
SW-8348,25-34,Premium,13,12.99,15.6,Music-heavy,Credit card,1,Playback,Web,0
SW-8349,35-49,Free,9,0.0,9.5,Music-heavy,Credit card,0,No ticket,Android,0
SW-8350,50 plus,Basic,18,7.99,8.6,Music-heavy,PayPal,0,No ticket,Android,0
SW-8351,25-34,Basic,25,7.99,1.0,Music-heavy,Credit card,0,No ticket,Web,0
SW-8352,Under 25,Premium,15,12.99,7.1,Podcast-heavy,Gift card,0,No ticket,Android,0
SW-8353,25-34,Basic,19,7.99,7.1,Low-usage,Gift card,0,No ticket,iOS,0
SW-8354,25-34,Family,11,18.99,13.2,Balanced,PayPal,1,Content,Android,0
SW-8355,Under 25,Basic,11,7.99,3.4,Music-heavy,Credit card,0,No ticket,Android,0
SW-8356,35-49,Basic,13,7.99,15.5,Balanced,Credit card,0,No ticket,Web,0
SW-8357,50 plus,Family,7,18.99,5.3,Balanced,Credit card,1,Account,Android,0
SW-8358,50 plus,Basic,8,7.99,6.3,Music-heavy,Gift card,0,No ticket,Web,0
SW-8359,Under 25,Free,31,0.0,12.2,Music-heavy,Credit card,0,No ticket,Web,0
SW-8360,50 plus,Premium,49,12.99,3.1,Balanced,Debit,1,Playback,Android,0
SW-8361,35-49,Free,37,0.0,15.5,Balanced,Gift card,1,Playback,Web,0
SW-8362,25-34,Family,5,18.99,2.7,Podcast-heavy,PayPal,0,No ticket,Web,0
SW-8363,25-34,Premium,4,12.99,13.5,Low-usage,Debit,0,No ticket,Partner promo,1
SW-8364,50 plus,Basic,5,7.99,6.6,Balanced,Credit card,1,Playback,Android,0
SW-8365,25-34,Premium,13,12.99,7.1,Music-heavy,Credit card,2,Content,Web,0
SW-8366,25-34,Free,2,0.0,0.7,Balanced,Credit card,0,No ticket,iOS,0
SW-8367,25-34,Premium,8,12.99,5.0,Balanced,Gift card,1,Playback,Web,1
SW-8368,35-49,Family,32,18.99,6.8,Music-heavy,PayPal,2,Account,iOS,0
SW-8369,Under 25,Family,24,18.99,27.6,Music-heavy,Credit card,1,Billing,Android,0
SW-8370,50 plus,Basic,8,7.99,7.8,Music-heavy,Credit card,0,No ticket,iOS,0
SW-8371,35-49,Basic,9,7.99,4.7,Music-heavy,Debit,1,Content,Android,0
SW-8372,35-49,Free,18,0.0,15.6,Music-heavy,Credit card,0,No ticket,Android,0
SW-8373,Under 25,Premium,23,12.99,5.3,Balanced,Credit card,0,No ticket,iOS,0
SW-8374,35-49,Premium,8,12.99,18.3,Podcast-heavy,Credit card,0,No ticket,iOS,0
SW-8375,Under 25,Basic,10,7.99,9.9,Podcast-heavy,Gift card,0,No ticket,Android,0
SW-8376,Under 25,Family,8,18.99,3.9,Balanced,Gift card,1,Billing,iOS,0
SW-8377,25-34,Basic,5,7.99,16.9,Balanced,Debit,1,Playback,Android,0
SW-8378,25-34,Free,10,0.0,12.9,Low-usage,Debit,0,No ticket,Partner promo,0
SW-8379,35-49,Free,10,0.0,16.4,Music-heavy,Credit card,0,No ticket,Android,0
SW-8380,Under 25,Basic,5,7.99,6.9,Podcast-heavy,Debit,1,Account,Partner promo,0
SW-8381,25-34,Free,19,0.0,12.9,Music-heavy,Credit card,0,No ticket,Android,0
SW-8382,Under 25,Premium,17,12.99,37.2,Music-heavy,Credit card,0,No ticket,Web,0
SW-8383,50 plus,Basic,20,7.99,9.2,Balanced,Credit card,0,No ticket,iOS,0
SW-8384,35-49,Basic,7,7.99,5.8,Podcast-heavy,Credit card,1,Playback,Web,0
SW-8385,35-49,Premium,3,12.99,27.5,Balanced,PayPal,3,Billing,iOS,0
SW-8386,25-34,Basic,17,7.99,13.6,Podcast-heavy,Gift card,0,No ticket,iOS,0
SW-8387,Under 25,Premium,8,12.99,5.6,Music-heavy,Debit,2,Playback,Web,0
SW-8388,50 plus,Basic,6,7.99,32.1,Balanced,Debit,0,No ticket,iOS,0
SW-8389,25-34,Premium,5,12.99,3.1,Music-heavy,Credit card,0,No ticket,iOS,0
SW-8390,25-34,Family,10,18.99,12.2,Music-heavy,Credit card,0,No ticket,Web,0
SW-8391,35-49,Free,36,0.0,20.0,Music-heavy,Debit,0,No ticket,Web,0
SW-8392,Under 25,Premium,8,12.99,18.9,Low-usage,Credit card,0,No ticket,Android,0
SW-8393,35-49,Family,6,18.99,3.9,Podcast-heavy,Credit card,1,Content,iOS,0
SW-8394,25-34,Premium,19,12.99,3.0,Podcast-heavy,Debit,0,No ticket,Android,0
SW-8395,25-34,Basic,14,7.99,9.6,Balanced,Credit card,0,No ticket,Partner promo,0
SW-8396,Under 25,Basic,3,7.99,14.1,Balanced,Credit card,0,No ticket,Android,0
SW-8397,Under 25,Premium,19,12.99,3.4,Balanced,Credit card,0,No ticket,iOS,0
SW-8398,50 plus,Family,53,18.99,10.2,Podcast-heavy,Credit card,2,Content,Android,0
SW-8399,35-49,Premium,2,12.99,2.5,Low-usage,Debit,1,Billing,Partner promo,0
SW-8400,25-34,Free,5,0.0,18.7,Balanced,Debit,1,Account,Android,0
SW-8401,Under 25,Basic,2,7.99,5.1,Podcast-heavy,Credit card,0,No ticket,iOS,0
SW-8402,35-49,Basic,11,7.99,7.0,Podcast-heavy,Gift card,0,No ticket,Android,0
SW-8403,35-49,Basic,24,7.99,16.0,Low-usage,PayPal,0,No ticket,Android,0
SW-8404,25-34,Basic,13,7.99,14.8,Balanced,Credit card,0,No ticket,iOS,0
SW-8405,25-34,Basic,32,7.99,11.7,Balanced,Debit,1,Billing,Android,0
SW-8406,Under 25,Free,21,0.0,18.2,Balanced,Credit card,0,No ticket,Web,0
SW-8407,35-49,Family,40,18.99,11.1,Podcast-heavy,PayPal,1,Playback,Android,0
SW-8408,50 plus,Free,27,0.0,25.5,Music-heavy,PayPal,0,No ticket,iOS,0
SW-8409,Under 25,Basic,9,7.99,2.0,Music-heavy,Credit card,0,No ticket,iOS,0
SW-8410,35-49,Basic,13,7.99,7.6,Podcast-heavy,Debit,2,Billing,iOS,1
SW-8411,25-34,Family,7,18.99,7.4,Music-heavy,PayPal,0,No ticket,iOS,0
SW-8412,25-34,Premium,10,12.99,6.7,Podcast-heavy,Credit card,0,No ticket,iOS,0
SW-8413,25-34,Premium,13,12.99,11.9,Balanced,Credit card,0,No ticket,Android,0
SW-8414,35-49,Free,11,0.0,9.5,Music-heavy,Credit card,0,No ticket,iOS,0
SW-8415,25-34,Premium,31,12.99,15.5,Music-heavy,Credit card,1,Billing,Web,0
SW-8416,25-34,Basic,10,7.99,3.1,Balanced,Credit card,1,Playback,Web,0
SW-8417,25-34,Basic,6,7.99,40.0,Balanced,Credit card,1,Billing,iOS,0
SW-8418,Under 25,Premium,7,12.99,5.9,Music-heavy,Credit card,1,Billing,Android,0
SW-8419,Under 25,Premium,19,12.99,10.1,Balanced,Credit card,1,Billing,Web,0
SW-8420,35-49,Premium,4,12.99,6.8,Balanced,Debit,0,No ticket,iOS,0
SW-8421,Under 25,Family,10,18.99,8.5,Music-heavy,Gift card,0,No ticket,Android,0
SW-8422,35-49,Family,30,18.99,5.2,Music-heavy,PayPal,0,No ticket,Web,0
SW-8423,25-34,Basic,15,7.99,9.4,Music-heavy,Credit card,0,No ticket,Web,0
SW-8424,25-34,Basic,11,7.99,12.7,Balanced,PayPal,2,Account,Partner promo,0
SW-8425,25-34,Free,12,0.0,1.2,Podcast-heavy,PayPal,1,Playback,Web,0
SW-8426,25-34,Family,6,18.99,6.2,Podcast-heavy,PayPal,1,Billing,Android,0
SW-8427,Under 25,Basic,7,7.99,6.0,Low-usage,PayPal,0,No ticket,iOS,0
SW-8428,25-34,Family,10,18.99,40.0,Music-heavy,PayPal,2,Account,Web,0
SW-8429,35-49,Basic,15,7.99,15.9,Music-heavy,Credit card,1,Playback,Web,0
SW-8430,35-49,Basic,23,7.99,26.6,Music-heavy,Credit card,2,Billing,iOS,1
SW-8431,25-34,Free,13,0.0,12.5,Music-heavy,Credit card,1,Playback,Android,0
SW-8432,25-34,Basic,31,7.99,8.5,Balanced,Credit card,0,No ticket,Web,0
SW-8433,Under 25,Family,37,18.99,10.7,Balanced,Gift card,0,No ticket,Android,0
SW-8434,Under 25,Free,21,0.0,19.6,Music-heavy,Credit card,1,Content,iOS,0
SW-8435,Under 25,Basic,28,7.99,32.4,Music-heavy,Gift card,1,Billing,iOS,0
SW-8436,50 plus,Free,6,0.0,10.2,Music-heavy,PayPal,1,Content,Android,0
SW-8437,Under 25,Basic,5,7.99,4.9,Low-usage,Credit card,1,Account,Web,0
SW-8438,25-34,Basic,17,7.99,16.8,Balanced,Credit card,1,Billing,iOS,0
SW-8439,25-34,Premium,5,12.99,4.0,Low-usage,Credit card,1,Playback,Partner promo,1
SW-8440,Under 25,Family,10,18.99,10.9,Music-heavy,Debit,0,No ticket,iOS,0
SW-8441,35-49,Basic,21,7.99,13.8,Podcast-heavy,PayPal,0,No ticket,iOS,0
SW-8442,Under 25,Basic,32,7.99,7.3,Music-heavy,Gift card,1,Account,Android,0
SW-8443,Under 25,Premium,10,12.99,3.9,Low-usage,Credit card,1,Billing,Android,0
SW-8444,35-49,Free,8,0.0,5.6,Balanced,Credit card,1,Billing,Android,0
SW-8445,25-34,Basic,15,7.99,6.2,Balanced,Credit card,0,No ticket,Partner promo,0
SW-8446,35-49,Premium,6,12.99,3.4,Podcast-heavy,Credit card,1,Billing,Partner promo,0
SW-8447,25-34,Basic,11,7.99,5.9,Podcast-heavy,PayPal,3,Billing,iOS,1
SW-8448,25-34,Premium,12,12.99,2.5,Music-heavy,Credit card,0,No ticket,iOS,0
SW-8449,35-49,Premium,12,12.99,12.8,Music-heavy,Credit card,1,Playback,Android,0
SW-8450,Under 25,Premium,13,12.99,10.4,Podcast-heavy,Credit card,1,Billing,Web,0
SW-8451,25-34,Family,7,18.99,9.9,Music-heavy,Credit card,1,Billing,iOS,0
SW-8452,25-34,Free,7,0.0,5.9,Music-heavy,Debit,0,No ticket,iOS,0
SW-8453,25-34,Basic,7,7.99,6.5,Podcast-heavy,Credit card,2,Account,Partner promo,0
SW-8454,35-49,Basic,4,7.99,4.1,Low-usage,Credit card,0,No ticket,Partner promo,0
SW-8455,50 plus,Basic,15,7.99,12.0,Low-usage,Debit,0,No ticket,Android,0
SW-8456,50 plus,Premium,22,12.99,2.7,Music-heavy,Credit card,1,Content,iOS,0
SW-8457,35-49,Premium,21,12.99,8.6,Music-heavy,Debit,2,Playback,iOS,0
SW-8458,25-34,Premium,10,12.99,4.8,Podcast-heavy,Gift card,0,No ticket,iOS,0
SW-8459,25-34,Premium,7,12.99,32.6,Balanced,Debit,1,Playback,Android,0
SW-8460,25-34,Free,20,0.0,12.2,Low-usage,Credit card,0,No ticket,Android,0
SW-8461,25-34,Premium,19,12.99,8.0,Balanced,Debit,0,No ticket,Android,0
SW-8462,25-34,Premium,14,12.99,3.3,Balanced,PayPal,0,No ticket,Web,0
SW-8463,50 plus,Premium,41,12.99,2.7,Low-usage,Credit card,1,Account,Partner promo,1
SW-8464,25-34,Premium,12,12.99,11.9,Low-usage,Debit,0,No ticket,Partner promo,1
SW-8465,25-34,Premium,10,12.99,33.7,Music-heavy,Credit card,0,No ticket,Web,0
SW-8466,25-34,Basic,9,7.99,11.1,Balanced,PayPal,1,Account,iOS,0
SW-8467,35-49,Premium,4,12.99,9.2,Music-heavy,Credit card,0,No ticket,Web,0
SW-8468,35-49,Premium,19,12.99,9.3,Balanced,PayPal,0,No ticket,Partner promo,0
SW-8469,35-49,Basic,11,7.99,8.7,Balanced,Debit,0,No ticket,Android,0
SW-8470,25-34,Premium,17,12.99,9.4,Music-heavy,Credit card,0,No ticket,Android,0
SW-8471,35-49,Family,44,18.99,4.6,Low-usage,Credit card,2,Account,Web,0
SW-8472,Under 25,Premium,9,12.99,3.7,Low-usage,Credit card,1,Account,Partner promo,1
SW-8473,50 plus,Family,2,18.99,8.7,Low-usage,Credit card,1,Playback,Web,0
SW-8474,25-34,Premium,17,12.99,26.4,Low-usage,Credit card,0,No ticket,iOS,0
SW-8475,25-34,Premium,13,12.99,14.9,Music-heavy,Credit card,2,Billing,Android,1
SW-8476,25-34,Family,7,18.99,3.0,Podcast-heavy,Credit card,0,No ticket,Web,0
SW-8477,35-49,Basic,16,7.99,6.5,Music-heavy,Credit card,1,Account,Web,0
SW-8478,Under 25,Premium,21,12.99,14.3,Balanced,Credit card,0,No ticket,Web,0
SW-8479,50 plus,Basic,6,7.99,26.9,Podcast-heavy,Debit,1,Content,Android,0
SW-8480,25-34,Basic,10,7.99,33.5,Low-usage,Credit card,0,No ticket,Partner promo,0
SW-8481,25-34,Premium,34,12.99,6.8,Music-heavy,Credit card,1,Content,Android,0
SW-8482,Under 25,Family,7,18.99,15.5,Balanced,Credit card,1,Content,iOS,0
SW-8483,25-34,Family,13,18.99,9.8,Low-usage,Credit card,0,No ticket,Web,0
SW-8484,25-34,Premium,2,12.99,7.3,Balanced,Credit card,0,No ticket,Android,0
SW-8485,25-34,Premium,4,12.99,8.4,Music-heavy,Credit card,1,Playback,Web,0
SW-8486,35-49,Basic,13,7.99,8.5,Podcast-heavy,Credit card,1,Playback,iOS,0
SW-8487,25-34,Family,28,18.99,20.5,Music-heavy,Credit card,0,No ticket,iOS,0
SW-8488,50 plus,Basic,5,7.99,2.6,Music-heavy,Credit card,2,Playback,iOS,0
SW-8489,35-49,Premium,13,12.99,11.6,Music-heavy,Credit card,0,No ticket,iOS,0
SW-8490,35-49,Premium,9,12.99,27.4,Music-heavy,PayPal,0,No ticket,Android,0
SW-8491,Under 25,Premium,23,12.99,25.2,Balanced,PayPal,0,No ticket,Web,0
SW-8492,25-34,Basic,5,7.99,12.6,Music-heavy,Gift card,0,No ticket,Android,0
SW-8493,25-34,Family,16,18.99,4.4,Balanced,Credit card,2,Billing,Android,0
SW-8494,35-49,Premium,8,12.99,14.9,Music-heavy,Debit,0,No ticket,iOS,0
SW-8495,50 plus,Family,14,18.99,23.1,Music-heavy,PayPal,0,No ticket,Web,0
SW-8496,Under 25,Free,13,0.0,5.3,Music-heavy,Credit card,1,Playback,iOS,0
SW-8497,Under 25,Premium,10,12.99,10.6,Music-heavy,Debit,2,Playback,Android,0
SW-8498,50 plus,Premium,17,12.99,6.8,Low-usage,Credit card,3,Billing,Partner promo,0
SW-8499,Under 25,Premium,12,12.99,4.9,Balanced,Credit card,1,Playback,Android,0
SW-8500,35-49,Family,11,18.99,6.2,Low-usage,Credit card,1,Account,Android,0
SW-8501,25-34,Free,9,0.0,8.9,Music-heavy,PayPal,3,Playback,Partner promo,0
SW-8502,35-49,Free,13,0.0,3.8,Music-heavy,Gift card,2,Account,Android,0
SW-8503,Under 25,Premium,14,12.99,3.4,Music-heavy,Credit card,0,No ticket,Web,0
SW-8504,Under 25,Free,6,0.0,3.9,Low-usage,PayPal,0,No ticket,iOS,0
SW-8505,25-34,Family,9,18.99,10.4,Balanced,Credit card,1,Billing,Web,1
SW-8506,50 plus,Basic,6,7.99,2.5,Balanced,Credit card,2,Playback,Web,0
SW-8507,25-34,Premium,12,12.99,1.4,Music-heavy,Debit,1,Playback,Android,0
SW-8508,25-34,Free,8,0.0,24.0,Music-heavy,Credit card,2,Billing,Partner promo,0
SW-8509,35-49,Premium,21,12.99,3.6,Music-heavy,Credit card,0,No ticket,Partner promo,0
SW-8510,50 plus,Basic,19,7.99,6.8,Balanced,Credit card,0,No ticket,Web,0
SW-8511,35-49,Free,6,0.0,16.7,Music-heavy,Debit,1,Billing,Web,0
SW-8512,50 plus,Basic,12,7.99,2.5,Balanced,Credit card,0,No ticket,iOS,0
SW-8513,Under 25,Basic,19,7.99,2.5,Podcast-heavy,PayPal,0,No ticket,Web,0
SW-8514,Under 25,Family,11,18.99,4.8,Podcast-heavy,Debit,1,Content,Web,0
SW-8515,35-49,Basic,7,7.99,17.3,Music-heavy,Credit card,2,Playback,Android,0
SW-8516,35-49,Premium,6,12.99,7.9,Balanced,Credit card,0,No ticket,Android,0
SW-8517,25-34,Family,22,18.99,7.9,Music-heavy,PayPal,1,Account,Partner promo,0
SW-8518,25-34,Premium,23,12.99,6.3,Low-usage,Debit,0,No ticket,iOS,0
SW-8519,35-49,Family,10,18.99,12.5,Music-heavy,Debit,1,Content,iOS,0
SW-8520,Under 25,Family,21,18.99,25.2,Music-heavy,Debit,1,Playback,Android,0
SW-8521,25-34,Premium,2,12.99,40.0,Music-heavy,Credit card,2,Playback,Web,0
SW-8522,25-34,Premium,30,12.99,7.1,Balanced,Debit,0,No ticket,Android,0
SW-8523,35-49,Free,11,0.0,27.1,Music-heavy,PayPal,1,Billing,Web,0
SW-8524,35-49,Basic,13,7.99,17.8,Podcast-heavy,Credit card,0,No ticket,Android,0
SW-8525,25-34,Premium,10,12.99,9.9,Music-heavy,Gift card,0,No ticket,Android,0
SW-8526,35-49,Premium,32,12.99,1.4,Music-heavy,Credit card,0,No ticket,iOS,0
SW-8527,35-49,Premium,6,12.99,5.9,Balanced,Credit card,0,No ticket,Android,0
SW-8528,25-34,Premium,34,12.99,6.1,Music-heavy,Credit card,0,No ticket,Web,0
SW-8529,35-49,Basic,16,7.99,10.7,Balanced,Debit,2,Billing,iOS,0
SW-8530,25-34,Family,19,18.99,6.8,Balanced,Credit card,0,No ticket,Android,0
SW-8531,Under 25,Basic,10,7.99,5.1,Balanced,Credit card,0,No ticket,Android,0
SW-8532,Under 25,Basic,5,7.99,40.0,Music-heavy,Gift card,0,No ticket,Partner promo,0
SW-8533,25-34,Family,23,18.99,22.8,Podcast-heavy,Credit card,0,No ticket,Web,0
SW-8534,25-34,Basic,15,7.99,1.6,Low-usage,Credit card,0,No ticket,iOS,0
SW-8535,50 plus,Premium,31,12.99,6.4,Balanced,Credit card,2,Content,Partner promo,0
SW-8536,35-49,Premium,10,12.99,13.3,Music-heavy,Credit card,0,No ticket,iOS,0
SW-8537,35-49,Basic,9,7.99,23.2,Podcast-heavy,Credit card,1,Billing,Android,0
SW-8538,25-34,Premium,32,12.99,5.7,Low-usage,Credit card,0,No ticket,iOS,0
SW-8539,25-34,Premium,46,12.99,6.7,Podcast-heavy,Credit card,0,No ticket,Android,0
SW-8540,25-34,Basic,12,7.99,8.6,Balanced,PayPal,1,Content,Android,0
SW-8541,Under 25,Free,7,0.0,13.6,Podcast-heavy,Credit card,0,No ticket,Android,0
SW-8542,Under 25,Family,21,18.99,2.3,Music-heavy,Debit,2,Playback,Android,0
SW-8543,35-49,Free,10,0.0,1.6,Music-heavy,Credit card,0,No ticket,Web,0
SW-8544,50 plus,Family,18,18.99,21.8,Music-heavy,Credit card,2,Playback,iOS,0
SW-8545,Under 25,Basic,10,7.99,3.6,Music-heavy,Credit card,0,No ticket,Web,0
SW-8546,Under 25,Premium,36,12.99,40.0,Low-usage,Credit card,0,No ticket,Web,0
SW-8547,35-49,Family,7,18.99,4.0,Balanced,Credit card,1,Content,iOS,0
SW-8548,25-34,Basic,17,7.99,6.9,Balanced,Credit card,0,No ticket,Partner promo,0
SW-8549,35-49,Premium,9,12.99,10.7,Balanced,Gift card,0,No ticket,Android,0
SW-8550,35-49,Premium,10,12.99,1.5,Podcast-heavy,Debit,2,Billing,Android,1
SW-8551,50 plus,Premium,9,12.99,40.0,Music-heavy,Credit card,0,No ticket,Partner promo,0
SW-8552,25-34,Premium,20,12.99,5.8,Low-usage,Credit card,0,No ticket,Web,0
SW-8553,35-49,Premium,23,12.99,4.1,Podcast-heavy,Credit card,1,Billing,Web,0
SW-8554,25-34,Premium,18,12.99,3.1,Podcast-heavy,Credit card,1,Billing,Web,0
SW-8555,35-49,Premium,11,12.99,10.7,Low-usage,Debit,2,Billing,Android,0
SW-8556,25-34,Premium,13,12.99,10.1,Podcast-heavy,PayPal,2,Billing,Web,0
SW-8557,Under 25,Basic,22,7.99,3.2,Balanced,Credit card,1,Account,Android,0
SW-8558,25-34,Family,23,18.99,2.7,Balanced,Credit card,1,Playback,Web,0
SW-8559,25-34,Basic,2,7.99,18.6,Music-heavy,Credit card,1,Content,Web,0
SW-8560,35-49,Free,10,0.0,4.7,Music-heavy,Debit,0,No ticket,iOS,0
SW-8561,35-49,Basic,10,7.99,2.0,Low-usage,Credit card,2,Billing,iOS,0
SW-8562,35-49,Free,19,0.0,7.1,Podcast-heavy,Gift card,0,No ticket,Partner promo,0
SW-8563,Under 25,Free,11,0.0,5.8,Music-heavy,Debit,0,No ticket,Partner promo,0
SW-8564,35-49,Basic,20,7.99,38.1,Podcast-heavy,Gift card,0,No ticket,Partner promo,0
SW-8565,25-34,Free,6,0.0,5.3,Balanced,Credit card,1,Billing,Web,0
SW-8566,50 plus,Premium,14,12.99,6.3,Balanced,Debit,0,No ticket,Android,0
SW-8567,50 plus,Free,23,0.0,9.5,Low-usage,Debit,1,Account,iOS,0
SW-8568,Under 25,Basic,4,7.99,5.1,Low-usage,Debit,1,Billing,Web,0
SW-8569,35-49,Free,60,0.0,11.4,Low-usage,Credit card,2,Billing,iOS,0
SW-8570,Under 25,Free,28,0.0,3.5,Music-heavy,Gift card,1,Billing,iOS,0
SW-8571,25-34,Basic,12,7.99,6.6,Balanced,PayPal,0,No ticket,iOS,0
SW-8572,25-34,Premium,7,12.99,11.1,Music-heavy,Credit card,0,No ticket,Web,0
SW-8573,Under 25,Family,11,18.99,19.9,Music-heavy,Credit card,1,Playback,Partner promo,0
SW-8574,35-49,Family,13,18.99,5.0,Balanced,Credit card,0,No ticket,Android,0
SW-8575,Under 25,Family,16,18.99,5.0,Podcast-heavy,PayPal,1,Billing,Web,0
SW-8576,Under 25,Basic,34,7.99,27.5,Low-usage,Debit,2,Account,Partner promo,0
SW-8577,35-49,Basic,9,7.99,5.1,Music-heavy,Credit card,0,No ticket,Partner promo,0
SW-8578,35-49,Free,18,0.0,7.6,Balanced,Credit card,0,No ticket,Android,0
SW-8579,50 plus,Premium,5,12.99,31.5,Music-heavy,Credit card,0,No ticket,Android,0
SW-8580,35-49,Free,9,0.0,8.4,Music-heavy,Credit card,1,Billing,iOS,0
SW-8581,35-49,Premium,16,12.99,6.6,Podcast-heavy,Credit card,1,Account,iOS,0
SW-8582,25-34,Basic,19,7.99,7.0,Podcast-heavy,Debit,0,No ticket,iOS,0
SW-8583,Under 25,Basic,7,7.99,4.4,Podcast-heavy,Debit,2,Playback,Partner promo,0
SW-8584,Under 25,Family,9,18.99,11.5,Low-usage,Credit card,0,No ticket,Android,0
SW-8585,25-34,Premium,33,12.99,3.8,Balanced,Debit,1,Account,Web,0
SW-8586,35-49,Premium,27,12.99,14.9,Music-heavy,Credit card,1,Content,Android,0
SW-8587,25-34,Premium,14,12.99,8.1,Music-heavy,Credit card,0,No ticket,Android,0
SW-8588,35-49,Family,3,18.99,9.7,Podcast-heavy,Debit,0,No ticket,Android,0
SW-8589,25-34,Premium,60,12.99,31.9,Podcast-heavy,Credit card,1,Billing,Web,0
SW-8590,Under 25,Family,12,18.99,2.5,Balanced,Credit card,0,No ticket,Android,0
SW-8591,Under 25,Basic,10,7.99,8.2,Music-heavy,Credit card,0,No ticket,iOS,0
SW-8592,35-49,Premium,8,12.99,13.3,Balanced,Debit,0,No ticket,Web,0
SW-8593,35-49,Premium,16,12.99,4.9,Music-heavy,PayPal,0,No ticket,Android,0
SW-8594,50 plus,Basic,16,7.99,17.1,Podcast-heavy,Credit card,0,No ticket,iOS,0
SW-8595,Under 25,Family,23,18.99,5.2,Balanced,Credit card,0,No ticket,Android,0
SW-8596,50 plus,Family,6,18.99,10.1,Music-heavy,PayPal,0,No ticket,Web,0
SW-8597,Under 25,Premium,10,12.99,7.2,Balanced,Credit card,2,Billing,Partner promo,1
SW-8598,Under 25,Basic,50,7.99,9.1,Balanced,Credit card,0,No ticket,Android,0
SW-8599,50 plus,Premium,14,12.99,8.5,Balanced,Credit card,0,No ticket,Web,0
SW-8600,25-34,Family,11,18.99,7.8,Podcast-heavy,PayPal,0,No ticket,Android,0
SW-8601,35-49,Premium,6,12.99,5.5,Low-usage,Debit,1,Playback,Web,0
SW-8602,Under 25,Free,17,0.0,4.7,Balanced,Debit,0,No ticket,Android,0
SW-8603,35-49,Premium,25,12.99,10.3,Podcast-heavy,Debit,1,Account,Web,0
SW-8604,50 plus,Free,22,0.0,8.3,Music-heavy,Credit card,2,Account,iOS,0
SW-8605,25-34,Premium,10,12.99,4.6,Music-heavy,Credit card,0,No ticket,Partner promo,0
SW-8606,35-49,Basic,15,7.99,10.5,Music-heavy,Debit,0,No ticket,Web,0
SW-8607,Under 25,Premium,39,12.99,5.5,Low-usage,Credit card,1,Billing,Android,0
SW-8608,35-49,Premium,25,12.99,27.8,Podcast-heavy,Debit,0,No ticket,Web,0
SW-8609,25-34,Free,7,0.0,40.0,Low-usage,Credit card,0,No ticket,Android,0
SW-8610,Under 25,Basic,2,7.99,24.3,Music-heavy,Credit card,0,No ticket,Web,0
SW-8611,25-34,Basic,15,7.99,23.2,Podcast-heavy,Debit,1,Playback,iOS,0
SW-8612,Under 25,Basic,21,7.99,15.3,Low-usage,Credit card,1,Playback,iOS,0
SW-8613,50 plus,Basic,6,7.99,6.8,Music-heavy,Credit card,1,Playback,Web,0
SW-8614,25-34,Family,12,18.99,1.8,Podcast-heavy,Credit card,1,Billing,Partner promo,0
SW-8615,25-34,Premium,10,12.99,3.5,Low-usage,Debit,1,Billing,Partner promo,0
SW-8616,25-34,Family,13,18.99,4.7,Low-usage,Credit card,0,No ticket,Android,0
SW-8617,25-34,Family,8,18.99,21.0,Balanced,Credit card,0,No ticket,Web,0
SW-8618,35-49,Basic,30,7.99,9.8,Balanced,Credit card,1,Account,Web,0
SW-8619,50 plus,Basic,13,7.99,4.7,Balanced,Credit card,0,No ticket,Android,0
SW-8620,25-34,Basic,6,7.99,1.8,Music-heavy,PayPal,2,Billing,Partner promo,0
SW-8621,50 plus,Premium,23,12.99,40.0,Balanced,Credit card,0,No ticket,Android,0
SW-8622,35-49,Premium,5,12.99,12.3,Low-usage,PayPal,0,No ticket,iOS,0
SW-8623,Under 25,Basic,29,7.99,16.5,Podcast-heavy,Debit,1,Billing,Android,0
SW-8624,35-49,Basic,24,7.99,5.2,Music-heavy,Credit card,0,No ticket,Web,0
SW-8625,25-34,Premium,32,12.99,7.2,Low-usage,PayPal,0,No ticket,Partner promo,1
SW-8626,35-49,Premium,11,12.99,6.1,Balanced,Debit,0,No ticket,Partner promo,0
SW-8627,50 plus,Premium,8,12.99,8.4,Low-usage,PayPal,0,No ticket,Partner promo,1
SW-8628,25-34,Basic,13,7.99,35.0,Balanced,Credit card,1,Billing,Web,0
SW-8629,50 plus,Family,11,18.99,3.1,Podcast-heavy,Credit card,2,Playback,iOS,0
SW-8630,35-49,Basic,8,7.99,7.7,Balanced,Credit card,0,No ticket,Android,0
SW-8631,25-34,Premium,8,12.99,10.7,Music-heavy,Credit card,0,No ticket,Web,0
SW-8632,35-49,Family,9,18.99,7.3,Music-heavy,PayPal,1,Content,iOS,0
SW-8633,25-34,Family,5,18.99,17.7,Balanced,Debit,1,Playback,Android,0
SW-8634,50 plus,Free,19,0.0,2.0,Podcast-heavy,Debit,0,No ticket,iOS,0
SW-8635,35-49,Basic,12,7.99,36.1,Music-heavy,PayPal,2,Playback,iOS,0
SW-8636,Under 25,Premium,10,12.99,2.7,Music-heavy,Gift card,0,No ticket,Web,0
SW-8637,25-34,Basic,6,7.99,3.2,Music-heavy,Credit card,1,Content,Partner promo,0
SW-8638,35-49,Premium,5,12.99,5.6,Podcast-heavy,Debit,0,No ticket,Android,0
SW-8639,Under 25,Family,47,18.99,4.8,Low-usage,Debit,0,No ticket,Android,0
SW-8640,Under 25,Free,8,0.0,11.2,Balanced,Credit card,2,Account,Web,0
SW-8641,25-34,Basic,18,7.99,10.2,Balanced,Gift card,0,No ticket,Android,0
SW-8642,25-34,Basic,13,7.99,8.8,Podcast-heavy,PayPal,0,No ticket,Web,0
SW-8643,25-34,Family,2,18.99,2.6,Podcast-heavy,Debit,1,Billing,Android,0
SW-8644,25-34,Family,42,18.99,7.2,Music-heavy,Credit card,0,No ticket,Android,0
SW-8645,Under 25,Premium,19,12.99,8.1,Balanced,Debit,0,No ticket,Android,0
SW-8646,35-49,Free,7,0.0,21.4,Podcast-heavy,Credit card,0,No ticket,Web,0
SW-8647,25-34,Premium,12,12.99,9.4,Balanced,Credit card,0,No ticket,Web,0
SW-8648,Under 25,Premium,5,12.99,10.9,Podcast-heavy,Credit card,0,No ticket,Partner promo,0
SW-8649,25-34,Basic,43,7.99,38.5,Music-heavy,Credit card,1,Billing,Partner promo,0
SW-8650,35-49,Family,6,18.99,3.2,Music-heavy,Credit card,1,Playback,iOS,0
SW-8651,Under 25,Family,8,18.99,5.9,Balanced,Debit,1,Account,Web,0
SW-8652,Under 25,Premium,7,12.99,3.2,Music-heavy,Credit card,0,No ticket,iOS,0
SW-8653,Under 25,Premium,13,12.99,28.9,Music-heavy,PayPal,0,No ticket,iOS,0
SW-8654,35-49,Basic,31,7.99,30.5,Low-usage,Credit card,1,Playback,Android,0
SW-8655,35-49,Premium,42,12.99,27.2,Balanced,Credit card,2,Billing,Android,0
SW-8656,35-49,Premium,9,12.99,12.4,Low-usage,Debit,0,No ticket,Partner promo,1
SW-8657,35-49,Basic,16,7.99,10.8,Music-heavy,PayPal,0,No ticket,Android,0
SW-8658,35-49,Free,13,0.0,5.5,Music-heavy,PayPal,0,No ticket,Web,0
SW-8659,25-34,Basic,6,7.99,14.8,Podcast-heavy,Credit card,0,No ticket,Web,0
SW-8660,35-49,Basic,60,7.99,2.9,Balanced,Credit card,0,No ticket,iOS,0
SW-8661,Under 25,Premium,31,12.99,2.9,Music-heavy,Debit,2,Billing,Web,0
SW-8662,35-49,Premium,14,12.99,5.7,Balanced,Credit card,0,No ticket,Android,0
SW-8663,35-49,Premium,36,12.99,36.2,Music-heavy,Credit card,0,No ticket,iOS,0
SW-8664,25-34,Basic,28,7.99,5.3,Music-heavy,Credit card,0,No ticket,Android,0
SW-8665,25-34,Basic,13,7.99,5.9,Low-usage,Credit card,1,Account,iOS,0
SW-8666,25-34,Premium,15,12.99,10.1,Music-heavy,Credit card,0,No ticket,Partner promo,0
SW-8667,35-49,Premium,35,12.99,16.4,Low-usage,Credit card,1,Playback,Partner promo,1
SW-8668,35-49,Family,6,18.99,21.8,Balanced,Credit card,0,No ticket,Android,0
SW-8669,50 plus,Basic,39,7.99,3.3,Music-heavy,Debit,0,No ticket,iOS,0
SW-8670,25-34,Premium,10,12.99,7.4,Podcast-heavy,Credit card,3,Billing,Web,1
SW-8671,35-49,Free,35,0.0,9.6,Podcast-heavy,PayPal,1,Content,Android,0
SW-8672,35-49,Premium,12,12.99,10.4,Low-usage,Credit card,0,No ticket,iOS,0
SW-8673,50 plus,Family,15,18.99,16.0,Podcast-heavy,Credit card,0,No ticket,Web,0
SW-8674,25-34,Premium,12,12.99,15.4,Low-usage,Credit card,1,Account,Partner promo,1
SW-8675,25-34,Family,8,18.99,8.2,Music-heavy,Debit,0,No ticket,iOS,0
SW-8676,35-49,Basic,10,7.99,20.1,Balanced,Debit,0,No ticket,Android,1
SW-8677,35-49,Premium,32,12.99,17.4,Music-heavy,Debit,0,No ticket,Android,1
SW-8678,50 plus,Basic,2,7.99,16.3,Music-heavy,PayPal,1,Playback,Android,0
SW-8679,Under 25,Premium,5,12.99,5.2,Low-usage,PayPal,4,Billing,iOS,0
SW-8680,Under 25,Basic,7,7.99,14.2,Music-heavy,PayPal,0,No ticket,iOS,0
SW-8681,50 plus,Family,6,18.99,21.0,Music-heavy,Credit card,1,Playback,iOS,0
SW-8682,25-34,Premium,35,12.99,5.3,Low-usage,Credit card,0,No ticket,Partner promo,1
SW-8683,35-49,Basic,29,7.99,8.9,Balanced,Credit card,1,Content,Web,0
SW-8684,25-34,Basic,18,7.99,28.0,Music-heavy,Debit,0,No ticket,iOS,0
SW-8685,Under 25,Free,8,0.0,11.0,Music-heavy,Credit card,0,No ticket,iOS,0
SW-8686,35-49,Premium,31,12.99,7.5,Music-heavy,PayPal,2,Billing,Web,0
SW-8687,35-49,Basic,4,7.99,25.8,Music-heavy,Credit card,0,No ticket,iOS,0
SW-8688,25-34,Family,54,18.99,5.5,Balanced,Credit card,1,Account,Android,0
SW-8689,25-34,Premium,7,12.99,2.1,Podcast-heavy,Credit card,0,No ticket,iOS,0
SW-8690,35-49,Premium,10,12.99,4.3,Balanced,Credit card,3,Billing,Web,1
SW-8691,Under 25,Premium,9,12.99,19.9,Podcast-heavy,Credit card,0,No ticket,iOS,0
SW-8692,50 plus,Free,6,0.0,12.1,Balanced,Credit card,0,No ticket,Web,0
SW-8693,25-34,Family,46,18.99,8.4,Podcast-heavy,Credit card,1,Content,iOS,0
SW-8694,35-49,Premium,21,12.99,18.7,Low-usage,Debit,0,No ticket,iOS,0
SW-8695,50 plus,Family,28,18.99,9.1,Podcast-heavy,Credit card,0,No ticket,Android,0
SW-8696,35-49,Premium,5,12.99,6.7,Balanced,Credit card,1,Content,Web,0
SW-8697,25-34,Premium,14,12.99,15.6,Podcast-heavy,Credit card,1,Account,iOS,0
SW-8698,35-49,Free,17,0.0,5.9,Podcast-heavy,PayPal,1,Playback,iOS,0
SW-8699,25-34,Premium,15,12.99,11.8,Balanced,Credit card,1,Playback,Android,0
SW-8700,25-34,Premium,5,12.99,4.2,Low-usage,Gift card,1,Billing,Partner promo,1
SW-8701,50 plus,Premium,25,12.99,3.4,Podcast-heavy,Credit card,1,Account,Android,0
SW-8702,35-49,Premium,13,12.99,4.0,Balanced,Gift card,0,No ticket,Android,0
SW-8703,35-49,Basic,6,7.99,7.8,Balanced,Credit card,0,No ticket,Web,0
SW-8704,25-34,Premium,3,12.99,4.8,Low-usage,Credit card,1,Account,Partner promo,0
SW-8705,Under 25,Family,18,18.99,4.9,Podcast-heavy,Debit,0,No ticket,iOS,0
SW-8706,Under 25,Free,60,0.0,7.1,Music-heavy,Gift card,0,No ticket,Web,0
SW-8707,25-34,Family,6,18.99,7.6,Low-usage,PayPal,1,Playback,Android,0
SW-8708,35-49,Basic,14,7.99,2.3,Music-heavy,Debit,0,No ticket,Android,0
SW-8709,25-34,Premium,26,12.99,1.1,Balanced,Credit card,0,No ticket,Web,0
SW-8710,50 plus,Basic,5,7.99,11.0,Music-heavy,Credit card,0,No ticket,Partner promo,0
SW-8711,Under 25,Family,9,18.99,8.9,Music-heavy,Credit card,0,No ticket,iOS,0
SW-8712,25-34,Free,7,0.0,2.7,Music-heavy,Credit card,1,Billing,iOS,0
SW-8713,25-34,Premium,24,12.99,11.3,Balanced,Credit card,0,No ticket,iOS,0
SW-8714,25-34,Basic,30,7.99,11.3,Music-heavy,Credit card,2,Billing,Web,1
SW-8715,Under 25,Basic,13,7.99,6.3,Music-heavy,PayPal,1,Billing,Partner promo,0
SW-8716,50 plus,Premium,7,12.99,38.4,Music-heavy,Credit card,0,No ticket,Android,0
SW-8717,25-34,Free,9,0.0,22.1,Music-heavy,Credit card,2,Billing,iOS,1
SW-8718,50 plus,Premium,8,12.99,5.8,Music-heavy,Credit card,0,No ticket,Android,0
SW-8719,25-34,Family,6,18.99,5.9,Music-heavy,Credit card,1,Billing,Android,0
SW-8720,50 plus,Premium,11,12.99,2.5,Balanced,Credit card,1,Content,Android,0
SW-8721,25-34,Family,18,18.99,21.3,Podcast-heavy,Credit card,2,Account,Web,0
SW-8722,50 plus,Basic,17,7.99,9.7,Podcast-heavy,PayPal,0,No ticket,Android,0
SW-8723,Under 25,Basic,12,7.99,15.5,Low-usage,Credit card,1,Billing,iOS,0
SW-8724,35-49,Premium,12,12.99,1.5,Podcast-heavy,Credit card,1,Account,Partner promo,0
SW-8725,50 plus,Free,11,0.0,14.9,Low-usage,Credit card,1,Playback,Android,0
SW-8726,Under 25,Premium,5,12.99,5.3,Low-usage,Credit card,0,No ticket,Partner promo,1
SW-8727,Under 25,Free,13,0.0,12.8,Podcast-heavy,Credit card,1,Account,Web,0
SW-8728,25-34,Family,8,18.99,12.1,Podcast-heavy,Credit card,0,No ticket,iOS,0
SW-8729,50 plus,Premium,5,12.99,7.9,Low-usage,Credit card,1,Billing,Partner promo,0
SW-8730,25-34,Premium,16,12.99,4.6,Podcast-heavy,Debit,0,No ticket,Web,0
SW-8731,25-34,Basic,8,7.99,11.0,Music-heavy,PayPal,1,Playback,Android,0
SW-8732,Under 25,Free,14,0.0,4.1,Balanced,Credit card,1,Playback,Android,0
SW-8733,Under 25,Premium,22,12.99,18.5,Podcast-heavy,Debit,0,No ticket,Web,0
SW-8734,35-49,Basic,6,7.99,4.5,Music-heavy,Credit card,0,No ticket,Android,1
SW-8735,Under 25,Premium,13,12.99,8.1,Podcast-heavy,Credit card,0,No ticket,Web,0
SW-8736,35-49,Premium,3,12.99,4.4,Balanced,Credit card,2,Billing,Web,1
SW-8737,50 plus,Free,35,0.0,9.1,Music-heavy,Debit,2,Billing,Web,1
SW-8738,Under 25,Family,5,18.99,3.5,Music-heavy,Credit card,0,No ticket,Android,0
SW-8739,35-49,Basic,8,7.99,4.2,Balanced,Debit,0,No ticket,Partner promo,0
SW-8740,Under 25,Premium,31,12.99,40.0,Low-usage,Debit,0,No ticket,Android,0
SW-8741,35-49,Premium,10,12.99,15.7,Music-heavy,PayPal,1,Account,Web,0
SW-8742,Under 25,Premium,5,12.99,10.8,Low-usage,Credit card,0,No ticket,Web,0
SW-8743,35-49,Basic,20,7.99,12.1,Music-heavy,Credit card,2,Billing,Android,1
SW-8744,25-34,Basic,19,7.99,10.2,Low-usage,Credit card,0,No ticket,Web,0
SW-8745,25-34,Premium,8,12.99,7.5,Balanced,PayPal,1,Billing,Android,0
SW-8746,35-49,Basic,8,7.99,14.7,Low-usage,PayPal,0,No ticket,Web,0
SW-8747,Under 25,Premium,9,12.99,4.1,Low-usage,PayPal,0,No ticket,Partner promo,0
SW-8748,35-49,Premium,10,12.99,28.7,Music-heavy,Credit card,1,Playback,iOS,1
SW-8749,25-34,Premium,3,12.99,8.8,Music-heavy,Credit card,0,No ticket,Android,0
SW-8750,35-49,Free,11,0.0,15.2,Podcast-heavy,Credit card,0,No ticket,Web,0
SW-8751,Under 25,Basic,42,7.99,28.2,Music-heavy,PayPal,2,Billing,Web,1
SW-8752,35-49,Basic,6,7.99,11.9,Podcast-heavy,PayPal,1,Content,iOS,0
SW-8753,Under 25,Free,8,0.0,4.2,Low-usage,Credit card,0,No ticket,iOS,0
SW-8754,25-34,Basic,5,7.99,21.2,Music-heavy,Credit card,0,No ticket,Partner promo,0
SW-8755,25-34,Free,18,0.0,31.1,Podcast-heavy,Debit,0,No ticket,Web,0
SW-8756,35-49,Family,28,18.99,1.7,Podcast-heavy,Credit card,0,No ticket,Web,0
SW-8757,25-34,Premium,27,12.99,7.4,Balanced,PayPal,0,No ticket,iOS,0
SW-8758,50 plus,Free,5,0.0,10.1,Music-heavy,Credit card,3,Billing,Web,1
SW-8759,50 plus,Free,17,0.0,6.5,Music-heavy,Credit card,0,No ticket,iOS,0
SW-8760,Under 25,Premium,33,12.99,3.0,Balanced,Debit,0,No ticket,Web,0
SW-8761,35-49,Basic,17,7.99,3.9,Balanced,Debit,1,Account,Partner promo,0
SW-8762,Under 25,Premium,17,12.99,1.8,Balanced,Credit card,1,Playback,iOS,0
SW-8763,25-34,Family,9,18.99,17.2,Balanced,PayPal,0,No ticket,Android,0
SW-8764,35-49,Premium,14,12.99,24.0,Podcast-heavy,Gift card,1,Billing,Partner promo,0
SW-8765,35-49,Basic,29,7.99,23.7,Balanced,Credit card,0,No ticket,Partner promo,0
SW-8766,35-49,Premium,15,12.99,7.8,Podcast-heavy,Debit,0,No ticket,iOS,0
SW-8767,25-34,Family,5,18.99,9.9,Music-heavy,Debit,0,No ticket,Partner promo,0
SW-8768,25-34,Premium,9,12.99,18.8,Podcast-heavy,Credit card,0,No ticket,Android,0
SW-8769,Under 25,Premium,28,12.99,6.6,Music-heavy,PayPal,1,Account,Web,0
SW-8770,35-49,Basic,15,7.99,3.7,Podcast-heavy,Credit card,0,No ticket,Partner promo,0
SW-8771,25-34,Basic,13,7.99,5.1,Music-heavy,Credit card,1,Content,iOS,0
SW-8772,35-49,Premium,8,12.99,9.2,Podcast-heavy,PayPal,1,Playback,Web,0
SW-8773,25-34,Family,28,18.99,4.5,Music-heavy,Credit card,1,Account,Android,0
SW-8774,25-34,Premium,38,12.99,11.7,Balanced,Debit,0,No ticket,Android,0
SW-8775,25-34,Premium,29,12.99,2.7,Podcast-heavy,Credit card,2,Billing,Partner promo,1
SW-8776,Under 25,Basic,33,7.99,6.6,Low-usage,Gift card,0,No ticket,Android,0
SW-8777,25-34,Premium,9,12.99,11.1,Low-usage,PayPal,0,No ticket,Partner promo,1
SW-8778,35-49,Premium,8,12.99,8.9,Balanced,PayPal,1,Account,Web,0
SW-8779,50 plus,Basic,11,7.99,4.4,Balanced,Gift card,0,No ticket,Android,0
SW-8780,25-34,Premium,12,12.99,14.4,Low-usage,Credit card,1,Account,iOS,0
SW-8781,25-34,Basic,33,7.99,9.9,Music-heavy,Credit card,1,Billing,Web,0
SW-8782,Under 25,Premium,27,12.99,1.5,Music-heavy,Debit,0,No ticket,Web,0
SW-8783,50 plus,Premium,17,12.99,11.5,Music-heavy,PayPal,0,No ticket,Web,0
SW-8784,Under 25,Basic,4,7.99,5.7,Music-heavy,Credit card,1,Playback,Android,0
SW-8785,50 plus,Premium,4,12.99,5.3,Low-usage,PayPal,0,No ticket,Partner promo,1
SW-8786,25-34,Premium,14,12.99,4.1,Balanced,Credit card,0,No ticket,Web,0
SW-8787,25-34,Family,22,18.99,3.6,Music-heavy,PayPal,1,Content,iOS,0
SW-8788,50 plus,Premium,11,12.99,9.4,Music-heavy,Credit card,0,No ticket,Web,0
SW-8789,Under 25,Free,46,0.0,12.4,Music-heavy,Credit card,0,No ticket,Web,0
SW-8790,35-49,Free,6,0.0,9.0,Music-heavy,Credit card,1,Playback,Partner promo,0
SW-8791,25-34,Basic,5,7.99,17.1,Low-usage,Credit card,0,No ticket,Android,0
SW-8792,Under 25,Basic,8,7.99,12.7,Balanced,Credit card,0,No ticket,iOS,0
SW-8793,25-34,Premium,7,12.99,1.6,Music-heavy,Credit card,0,No ticket,Android,0
SW-8794,35-49,Premium,17,12.99,3.8,Music-heavy,Credit card,0,No ticket,Web,0
SW-8795,35-49,Basic,9,7.99,20.7,Low-usage,Debit,3,Billing,Android,0
SW-8796,Under 25,Basic,4,7.99,2.9,Music-heavy,Credit card,0,No ticket,iOS,0
SW-8797,50 plus,Basic,22,7.99,0.9,Balanced,Credit card,0,No ticket,Android,0
SW-8798,Under 25,Family,4,18.99,34.6,Low-usage,PayPal,0,No ticket,iOS,0
SW-8799,25-34,Premium,6,12.99,10.1,Podcast-heavy,PayPal,1,Account,Web,1
SW-8800,25-34,Premium,4,12.99,4.6,Music-heavy,Credit card,0,No ticket,Android,0
SW-8801,Under 25,Basic,14,7.99,4.1,Music-heavy,PayPal,0,No ticket,Android,0
SW-8802,Under 25,Premium,14,12.99,13.2,Low-usage,Gift card,1,Billing,iOS,0
SW-8803,50 plus,Basic,46,7.99,11.7,Music-heavy,PayPal,0,No ticket,Android,0
SW-8804,25-34,Basic,23,7.99,10.4,Podcast-heavy,PayPal,1,Playback,iOS,0
SW-8805,Under 25,Premium,33,12.99,6.9,Balanced,Debit,0,No ticket,Android,0
SW-8806,Under 25,Premium,15,12.99,2.9,Balanced,Credit card,0,No ticket,Android,0
SW-8807,35-49,Basic,6,7.99,7.8,Podcast-heavy,Debit,1,Playback,Web,0
SW-8808,50 plus,Free,13,0.0,18.8,Music-heavy,Debit,1,Playback,Partner promo,0
SW-8809,25-34,Basic,18,7.99,5.2,Podcast-heavy,Credit card,2,Playback,Android,0
SW-8810,Under 25,Basic,20,7.99,12.9,Music-heavy,Credit card,0,No ticket,Partner promo,0
SW-8811,25-34,Premium,9,12.99,5.8,Music-heavy,Credit card,0,No ticket,iOS,1
SW-8812,Under 25,Family,17,18.99,15.2,Balanced,Debit,0,No ticket,Android,0
SW-8813,Under 25,Free,6,0.0,3.7,Music-heavy,Credit card,0,No ticket,Android,0
SW-8814,25-34,Basic,6,7.99,8.1,Music-heavy,Debit,1,Content,Web,0
SW-8815,25-34,Basic,5,7.99,11.5,Music-heavy,PayPal,4,Account,Partner promo,0
SW-8816,25-34,Premium,12,12.99,4.7,Podcast-heavy,Credit card,0,No ticket,Web,0
SW-8817,25-34,Basic,5,7.99,10.7,Balanced,Gift card,1,Playback,Web,0
SW-8818,50 plus,Premium,9,12.99,7.8,Balanced,Credit card,0,No ticket,Web,0
SW-8819,50 plus,Basic,23,7.99,7.7,Balanced,Credit card,1,Playback,Android,0
SW-8820,35-49,Premium,6,12.99,4.7,Balanced,Credit card,2,Content,Web,0
SW-8821,25-34,Family,8,18.99,17.8,Balanced,Credit card,1,Account,Web,0
SW-8822,25-34,Family,13,18.99,3.8,Music-heavy,Credit card,0,No ticket,Android,0
SW-8823,25-34,Family,14,18.99,10.0,Podcast-heavy,PayPal,0,No ticket,iOS,0
SW-8824,35-49,Premium,8,12.99,4.1,Balanced,Debit,1,Billing,Android,0
SW-8825,25-34,Family,21,18.99,7.6,Music-heavy,PayPal,2,Content,Web,0
SW-8826,50 plus,Basic,18,7.99,13.4,Music-heavy,Debit,0,No ticket,Web,0
SW-8827,50 plus,Basic,27,7.99,6.3,Podcast-heavy,Credit card,1,Playback,Web,0
SW-8828,25-34,Free,11,0.0,0.7,Podcast-heavy,Credit card,0,No ticket,iOS,0
SW-8829,35-49,Premium,8,12.99,2.7,Podcast-heavy,Debit,0,No ticket,iOS,0
SW-8830,Under 25,Family,7,18.99,1.4,Balanced,Debit,1,Playback,iOS,0
SW-8831,Under 25,Basic,15,7.99,8.4,Podcast-heavy,Credit card,0,No ticket,iOS,0
SW-8832,25-34,Premium,9,12.99,8.0,Low-usage,PayPal,2,Billing,Android,0
SW-8833,Under 25,Premium,8,12.99,6.0,Podcast-heavy,Debit,0,No ticket,Web,0
SW-8834,50 plus,Family,9,18.99,4.8,Podcast-heavy,PayPal,1,Account,iOS,0
SW-8835,Under 25,Premium,7,12.99,9.5,Music-heavy,Debit,0,No ticket,Web,0
SW-8836,25-34,Family,14,18.99,2.5,Music-heavy,Credit card,1,Billing,Web,0
SW-8837,35-49,Basic,4,7.99,17.2,Balanced,Debit,1,Playback,Web,0
SW-8838,35-49,Basic,15,7.99,8.5,Music-heavy,Credit card,1,Billing,iOS,0
SW-8839,25-34,Premium,19,12.99,3.8,Music-heavy,Debit,2,Content,iOS,0
SW-8840,50 plus,Basic,8,7.99,5.7,Podcast-heavy,Credit card,0,No ticket,Android,0
SW-8841,35-49,Free,46,0.0,7.2,Music-heavy,Credit card,1,Content,Partner promo,0
SW-8842,25-34,Premium,12,12.99,2.7,Podcast-heavy,Credit card,0,No ticket,Android,0
SW-8843,Under 25,Premium,4,12.99,13.7,Music-heavy,Credit card,0,No ticket,Web,0
SW-8844,25-34,Premium,10,12.99,17.3,Podcast-heavy,Credit card,3,Billing,Android,1
SW-8845,35-49,Basic,13,7.99,8.8,Balanced,PayPal,1,Billing,Android,0
SW-8846,35-49,Premium,16,12.99,17.0,Balanced,Credit card,1,Playback,Android,0
SW-8847,35-49,Basic,10,7.99,40.0,Podcast-heavy,Credit card,2,Content,Web,0
SW-8848,25-34,Free,6,0.0,1.8,Podcast-heavy,Credit card,3,Account,Android,1
SW-8849,Under 25,Premium,6,12.99,8.3,Balanced,PayPal,0,No ticket,Android,0
SW-8850,Under 25,Free,8,0.0,2.7,Balanced,Credit card,0,No ticket,Android,0
SW-8851,25-34,Free,8,0.0,27.9,Music-heavy,Credit card,1,Playback,Android,0
SW-8852,35-49,Premium,5,12.99,9.7,Music-heavy,Credit card,0,No ticket,Android,0
SW-8853,35-49,Free,7,0.0,4.6,Music-heavy,PayPal,0,No ticket,iOS,0
SW-8854,25-34,Family,19,18.99,6.5,Music-heavy,Debit,1,Playback,Android,0
SW-8855,25-34,Premium,38,12.99,23.3,Music-heavy,Credit card,1,Playback,Android,0
SW-8856,25-34,Family,20,18.99,11.5,Music-heavy,Credit card,2,Billing,Partner promo,1
SW-8857,25-34,Free,30,0.0,12.7,Balanced,Debit,0,No ticket,Partner promo,0
SW-8858,25-34,Premium,24,12.99,26.3,Podcast-heavy,Credit card,0,No ticket,iOS,0
SW-8859,Under 25,Basic,22,7.99,17.2,Music-heavy,PayPal,1,Playback,Web,0
SW-8860,Under 25,Premium,9,12.99,19.7,Balanced,Credit card,2,Billing,Web,1
SW-8861,Under 25,Basic,13,7.99,7.2,Balanced,Credit card,0,No ticket,Partner promo,0
SW-8862,Under 25,Premium,9,12.99,1.3,Low-usage,Credit card,1,Playback,Partner promo,1
SW-8863,Under 25,Family,10,18.99,8.7,Podcast-heavy,Debit,0,No ticket,iOS,0
SW-8864,35-49,Basic,13,7.99,4.7,Music-heavy,Credit card,1,Account,iOS,0
SW-8865,25-34,Free,20,0.0,15.0,Podcast-heavy,Credit card,0,No ticket,Web,0
SW-8866,50 plus,Basic,16,7.99,1.9,Music-heavy,PayPal,0,No ticket,Android,0
SW-8867,Under 25,Premium,11,12.99,15.5,Podcast-heavy,Credit card,0,No ticket,Android,0
SW-8868,25-34,Basic,12,7.99,9.3,Podcast-heavy,Credit card,0,No ticket,Web,0
SW-8869,25-34,Basic,16,7.99,10.6,Balanced,Credit card,0,No ticket,Android,0
SW-8870,Under 25,Free,19,0.0,13.1,Podcast-heavy,PayPal,0,No ticket,Android,0
SW-8871,35-49,Premium,4,12.99,7.8,Podcast-heavy,PayPal,2,Billing,iOS,1
SW-8872,Under 25,Premium,6,12.99,6.1,Music-heavy,Debit,0,No ticket,iOS,0
SW-8873,50 plus,Basic,26,7.99,19.8,Balanced,Credit card,0,No ticket,Android,0
SW-8874,50 plus,Basic,11,7.99,12.9,Balanced,Credit card,0,No ticket,iOS,0
SW-8875,25-34,Free,9,0.0,13.9,Balanced,Debit,0,No ticket,iOS,0
SW-8876,25-34,Basic,10,7.99,7.5,Low-usage,Credit card,0,No ticket,Android,0
SW-8877,35-49,Basic,10,7.99,8.7,Music-heavy,Credit card,0,No ticket,Partner promo,0
SW-8878,25-34,Premium,18,12.99,7.9,Music-heavy,PayPal,0,No ticket,iOS,0
SW-8879,35-49,Premium,6,12.99,2.0,Podcast-heavy,Credit card,1,Account,Android,0
SW-8880,Under 25,Premium,12,12.99,2.6,Low-usage,Debit,0,No ticket,Partner promo,0
SW-8881,Under 25,Free,14,0.0,7.2,Music-heavy,Credit card,1,Playback,Web,0
SW-8882,25-34,Premium,16,12.99,1.8,Podcast-heavy,Debit,0,No ticket,Web,0
SW-8883,25-34,Premium,14,12.99,7.3,Music-heavy,Credit card,0,No ticket,Web,0
SW-8884,50 plus,Premium,17,12.99,3.9,Music-heavy,Credit card,0,No ticket,Web,0
SW-8885,Under 25,Family,8,18.99,7.5,Low-usage,Debit,2,Billing,iOS,0
SW-8886,35-49,Basic,6,7.99,9.2,Music-heavy,Gift card,0,No ticket,Web,0
SW-8887,Under 25,Free,60,0.0,1.8,Music-heavy,Gift card,1,Content,Android,0
SW-8888,25-34,Premium,10,12.99,10.4,Music-heavy,Credit card,0,No ticket,Partner promo,0
SW-8889,25-34,Basic,11,7.99,5.6,Balanced,Credit card,0,No ticket,iOS,0
SW-8890,25-34,Free,19,0.0,1.2,Balanced,Debit,1,Content,iOS,0
SW-8891,Under 25,Basic,37,7.99,5.5,Music-heavy,Credit card,0,No ticket,iOS,0
SW-8892,25-34,Basic,8,7.99,10.8,Music-heavy,PayPal,1,Account,Android,0
SW-8893,35-49,Premium,6,12.99,5.8,Balanced,Credit card,1,Billing,Android,0
SW-8894,25-34,Basic,5,7.99,5.5,Music-heavy,Credit card,1,Account,iOS,0
SW-8895,25-34,Basic,37,7.99,9.0,Low-usage,Debit,0,No ticket,iOS,0
SW-8896,50 plus,Premium,6,12.99,5.5,Podcast-heavy,Credit card,0,No ticket,Android,0
SW-8897,35-49,Basic,12,7.99,6.5,Music-heavy,Debit,0,No ticket,iOS,0
SW-8898,25-34,Family,6,18.99,2.8,Balanced,Credit card,1,Playback,Android,0
SW-8899,25-34,Free,4,0.0,5.3,Music-heavy,PayPal,2,Playback,Partner promo,0
SW-8900,50 plus,Family,10,18.99,36.1,Music-heavy,Credit card,0,No ticket,Android,0
SW-8901,35-49,Premium,6,12.99,9.2,Music-heavy,Credit card,0,No ticket,iOS,0
SW-8902,25-34,Premium,7,12.99,9.9,Balanced,Gift card,1,Billing,Android,0
SW-8903,25-34,Basic,49,7.99,4.8,Music-heavy,Debit,0,No ticket,iOS,0
SW-8904,35-49,Basic,16,7.99,5.8,Podcast-heavy,PayPal,0,No ticket,Android,0
SW-8905,Under 25,Family,23,18.99,6.7,Music-heavy,Debit,0,No ticket,Partner promo,0
SW-8906,50 plus,Family,21,18.99,16.1,Balanced,PayPal,1,Account,Web,0
SW-8907,Under 25,Premium,11,12.99,20.9,Low-usage,Credit card,1,Playback,Partner promo,1
SW-8908,35-49,Basic,9,7.99,5.6,Music-heavy,Credit card,1,Playback,iOS,0
SW-8909,25-34,Premium,14,12.99,7.9,Podcast-heavy,PayPal,0,No ticket,Web,0
SW-8910,25-34,Family,14,18.99,6.6,Balanced,PayPal,0,No ticket,Android,0
SW-8911,50 plus,Basic,8,7.99,14.7,Balanced,Debit,1,Playback,Android,0
SW-8912,25-34,Premium,13,12.99,11.6,Music-heavy,Debit,0,No ticket,iOS,0
SW-8913,25-34,Premium,7,12.99,7.4,Balanced,PayPal,0,No ticket,iOS,0
SW-8914,Under 25,Premium,11,12.99,17.9,Podcast-heavy,Credit card,0,No ticket,Android,0
SW-8915,Under 25,Premium,9,12.99,12.1,Music-heavy,Debit,1,Billing,Web,0
SW-8916,25-34,Basic,5,7.99,4.3,Balanced,Credit card,1,Content,Android,0
SW-8917,35-49,Family,2,18.99,8.1,Podcast-heavy,Credit card,1,Billing,iOS,0
SW-8918,Under 25,Premium,6,12.99,6.9,Balanced,Credit card,0,No ticket,Android,0
SW-8919,Under 25,Premium,42,12.99,3.6,Low-usage,PayPal,0,No ticket,Android,0
SW-8920,25-34,Basic,10,7.99,6.7,Podcast-heavy,Debit,1,Content,Android,0
SW-8921,35-49,Premium,21,12.99,19.9,Music-heavy,Gift card,0,No ticket,Web,0
SW-8922,35-49,Basic,3,7.99,19.2,Balanced,Credit card,1,Playback,Android,0
SW-8923,Under 25,Basic,6,7.99,16.6,Music-heavy,Credit card,1,Billing,Android,0
SW-8924,Under 25,Premium,5,12.99,14.9,Podcast-heavy,Credit card,0,No ticket,Android,0
SW-8925,50 plus,Premium,10,12.99,9.4,Music-heavy,Credit card,0,No ticket,Web,0
SW-8926,25-34,Premium,60,12.99,4.9,Music-heavy,Credit card,0,No ticket,Web,0
SW-8927,50 plus,Basic,17,7.99,12.6,Balanced,Credit card,0,No ticket,Android,0
SW-8928,50 plus,Premium,39,12.99,2.1,Podcast-heavy,Credit card,0,No ticket,iOS,0
SW-8929,35-49,Basic,10,7.99,4.7,Balanced,Credit card,0,No ticket,iOS,0
SW-8930,Under 25,Premium,31,12.99,19.4,Balanced,Credit card,0,No ticket,iOS,0
SW-8931,35-49,Basic,51,7.99,5.4,Music-heavy,PayPal,2,Billing,Android,0
SW-8932,35-49,Premium,11,12.99,13.3,Podcast-heavy,Debit,0,No ticket,Web,0
SW-8933,35-49,Premium,8,12.99,6.0,Balanced,PayPal,1,Account,iOS,0
SW-8934,25-34,Basic,5,7.99,12.4,Balanced,PayPal,1,Billing,Web,0
SW-8935,25-34,Basic,10,7.99,2.3,Podcast-heavy,Credit card,1,Playback,iOS,0
SW-8936,Under 25,Premium,13,12.99,22.1,Podcast-heavy,Debit,1,Billing,Partner promo,0
SW-8937,25-34,Premium,50,12.99,3.3,Podcast-heavy,PayPal,0,No ticket,iOS,0
SW-8938,35-49,Premium,5,12.99,2.7,Podcast-heavy,Credit card,1,Account,Android,0
SW-8939,25-34,Premium,13,12.99,21.2,Music-heavy,PayPal,0,No ticket,Web,0
SW-8940,25-34,Basic,3,7.99,8.0,Balanced,Credit card,1,Account,Android,1
SW-8941,25-34,Basic,9,7.99,6.3,Music-heavy,Credit card,0,No ticket,iOS,0
SW-8942,35-49,Basic,15,7.99,28.0,Low-usage,Debit,0,No ticket,iOS,0
SW-8943,50 plus,Basic,17,7.99,14.4,Balanced,Debit,0,No ticket,Android,0
SW-8944,Under 25,Premium,18,12.99,5.6,Music-heavy,Debit,0,No ticket,iOS,0
SW-8945,25-34,Free,16,0.0,7.2,Music-heavy,Credit card,0,No ticket,iOS,0
SW-8946,Under 25,Family,18,18.99,18.9,Balanced,Credit card,1,Playback,Web,0
SW-8947,35-49,Premium,12,12.99,3.7,Balanced,Credit card,0,No ticket,Web,0
SW-8948,35-49,Premium,6,12.99,25.4,Low-usage,Gift card,0,No ticket,Partner promo,0
SW-8949,50 plus,Family,3,18.99,5.6,Music-heavy,PayPal,0,No ticket,Partner promo,0
SW-8950,25-34,Basic,8,7.99,4.0,Music-heavy,PayPal,0,No ticket,Web,0
SW-8951,50 plus,Premium,11,12.99,19.1,Low-usage,Credit card,1,Playback,iOS,0
SW-8952,Under 25,Basic,29,7.99,14.4,Music-heavy,Credit card,1,Account,Web,0
SW-8953,35-49,Premium,11,12.99,1.9,Low-usage,Credit card,0,No ticket,Partner promo,0
SW-8954,Under 25,Premium,10,12.99,7.3,Music-heavy,Credit card,0,No ticket,iOS,1
SW-8955,50 plus,Free,16,0.0,3.3,Balanced,Credit card,0,No ticket,Android,0
SW-8956,25-34,Family,10,18.99,15.2,Music-heavy,Debit,0,No ticket,Web,0
SW-8957,35-49,Premium,21,12.99,31.7,Balanced,Credit card,1,Playback,Android,0
SW-8958,35-49,Premium,48,12.99,12.3,Podcast-heavy,Debit,0,No ticket,Web,0
SW-8959,Under 25,Basic,56,7.99,4.4,Low-usage,Credit card,0,No ticket,Android,0
SW-8960,Under 25,Premium,13,12.99,16.3,Music-heavy,Credit card,2,Playback,Android,0
SW-8961,50 plus,Free,15,0.0,7.7,Music-heavy,PayPal,4,Billing,iOS,0
SW-8962,25-34,Premium,36,12.99,7.5,Music-heavy,Credit card,0,No ticket,Android,0
SW-8963,Under 25,Basic,11,7.99,5.4,Balanced,PayPal,0,No ticket,Web,0
SW-8964,25-34,Premium,19,12.99,8.7,Podcast-heavy,Debit,0,No ticket,Web,0
SW-8965,35-49,Basic,5,7.99,7.6,Podcast-heavy,PayPal,0,No ticket,Web,0
SW-8966,Under 25,Free,10,0.0,1.2,Music-heavy,Credit card,1,Playback,iOS,0
SW-8967,25-34,Premium,27,12.99,8.2,Podcast-heavy,Credit card,2,Playback,Web,0
SW-8968,Under 25,Basic,7,7.99,7.2,Podcast-heavy,Credit card,0,No ticket,iOS,0
SW-8969,25-34,Premium,11,12.99,10.6,Music-heavy,PayPal,1,Billing,Web,0
SW-8970,50 plus,Basic,4,7.99,1.6,Balanced,Debit,0,No ticket,Web,0
SW-8971,50 plus,Basic,49,7.99,12.0,Music-heavy,Credit card,0,No ticket,Partner promo,0
SW-8972,35-49,Premium,29,12.99,8.2,Balanced,Credit card,0,No ticket,Android,0
SW-8973,Under 25,Basic,14,7.99,11.9,Balanced,Credit card,1,Billing,Web,0
SW-8974,50 plus,Basic,17,7.99,2.2,Low-usage,Credit card,0,No ticket,Android,0
SW-8975,25-34,Premium,16,12.99,3.0,Low-usage,PayPal,1,Playback,Partner promo,1
SW-8976,Under 25,Basic,32,7.99,1.8,Music-heavy,Credit card,0,No ticket,Web,0
SW-8977,50 plus,Free,8,0.0,9.0,Balanced,Credit card,1,Playback,iOS,0
SW-8978,35-49,Basic,20,7.99,6.1,Music-heavy,Credit card,0,No ticket,Partner promo,0
SW-8979,35-49,Premium,26,12.99,7.1,Low-usage,Credit card,3,Billing,Partner promo,1
SW-8980,35-49,Premium,28,12.99,2.6,Balanced,Credit card,0,No ticket,Android,0
SW-8981,Under 25,Basic,2,7.99,3.0,Balanced,Credit card,1,Billing,iOS,0
SW-8982,Under 25,Premium,8,12.99,1.1,Music-heavy,Debit,0,No ticket,Android,0
SW-8983,35-49,Free,6,0.0,2.7,Music-heavy,Debit,2,Billing,iOS,0
SW-8984,Under 25,Basic,13,7.99,4.8,Podcast-heavy,Credit card,0,No ticket,Android,0
SW-8985,25-34,Basic,3,7.99,5.0,Music-heavy,Credit card,2,Account,Android,0
SW-8986,35-49,Premium,3,12.99,7.6,Balanced,PayPal,2,Billing,Web,0
SW-8987,35-49,Family,55,18.99,14.7,Music-heavy,Credit card,1,Account,Android,0
SW-8988,25-34,Premium,18,12.99,4.6,Music-heavy,Credit card,1,Playback,Android,0
SW-8989,35-49,Family,13,18.99,11.8,Podcast-heavy,Credit card,1,Content,Web,0
SW-8990,35-49,Basic,15,7.99,14.9,Balanced,Credit card,1,Account,iOS,0
SW-8991,35-49,Premium,13,12.99,20.1,Low-usage,Credit card,0,No ticket,Partner promo,0
SW-8992,25-34,Basic,24,7.99,11.8,Balanced,Credit card,1,Playback,Partner promo,0
SW-8993,25-34,Basic,8,7.99,8.5,Music-heavy,Credit card,0,No ticket,Android,0
SW-8994,25-34,Basic,14,7.99,3.4,Low-usage,PayPal,1,Content,Web,0
SW-8995,Under 25,Free,14,0.0,9.9,Music-heavy,Credit card,0,No ticket,iOS,0
SW-8996,25-34,Basic,6,7.99,5.9,Balanced,PayPal,1,Content,Web,0
SW-8997,Under 25,Basic,29,7.99,24.1,Podcast-heavy,PayPal,0,No ticket,Android,0
SW-8998,25-34,Free,9,0.0,8.6,Music-heavy,Debit,0,No ticket,Android,0
SW-8999,50 plus,Basic,24,7.99,7.0,Music-heavy,Debit,0,No ticket,Partner promo,0
SW-9000,Under 25,Family,13,18.99,24.8,Podcast-heavy,Credit card,0,No ticket,Android,0
SW-9001,35-49,Basic,38,7.99,5.4,Music-heavy,Debit,0,No ticket,Web,0
SW-9002,35-49,Premium,6,12.99,8.0,Low-usage,PayPal,0,No ticket,Web,0
SW-9003,Under 25,Premium,6,12.99,39.9,Music-heavy,Credit card,0,No ticket,Partner promo,0
SW-9004,50 plus,Basic,6,7.99,9.9,Music-heavy,Credit card,2,Account,Android,0
SW-9005,35-49,Basic,13,7.99,19.7,Music-heavy,Credit card,1,Billing,iOS,0
SW-9006,25-34,Basic,35,7.99,26.6,Music-heavy,Debit,0,No ticket,iOS,0
SW-9007,35-49,Premium,37,12.99,5.1,Low-usage,Credit card,2,Playback,Partner promo,0
SW-9008,25-34,Basic,2,7.99,16.6,Podcast-heavy,Credit card,2,Billing,Android,0
SW-9009,35-49,Basic,14,7.99,6.1,Balanced,Debit,0,No ticket,Web,0
SW-9010,Under 25,Free,1,0.0,40.0,Music-heavy,Credit card,0,No ticket,iOS,0
SW-9011,35-49,Family,21,18.99,25.4,Low-usage,PayPal,1,Playback,Android,0
SW-9012,25-34,Basic,26,7.99,14.5,Music-heavy,Credit card,0,No ticket,Web,0
SW-9013,35-49,Premium,12,12.99,18.5,Low-usage,Credit card,1,Account,Partner promo,0
SW-9014,25-34,Premium,13,12.99,4.6,Music-heavy,Credit card,0,No ticket,Web,0
SW-9015,35-49,Family,13,18.99,31.6,Balanced,PayPal,1,Account,iOS,0
SW-9016,35-49,Premium,7,12.99,3.9,Podcast-heavy,PayPal,0,No ticket,iOS,0
SW-9017,25-34,Premium,16,12.99,11.1,Music-heavy,Credit card,0,No ticket,iOS,0
SW-9018,35-49,Family,10,18.99,4.5,Music-heavy,Credit card,2,Playback,Web,0
SW-9019,25-34,Premium,23,12.99,15.9,Balanced,PayPal,1,Billing,iOS,0
SW-9020,50 plus,Free,11,0.0,32.3,Music-heavy,Debit,1,Billing,Web,0
SW-9021,25-34,Basic,7,7.99,11.5,Podcast-heavy,Credit card,1,Billing,iOS,0
SW-9022,50 plus,Premium,4,12.99,10.3,Balanced,Debit,2,Billing,Web,1
SW-9023,35-49,Premium,3,12.99,7.3,Balanced,PayPal,1,Account,Web,0
SW-9024,25-34,Premium,30,12.99,8.7,Low-usage,Credit card,0,No ticket,Partner promo,0
SW-9025,25-34,Premium,9,12.99,6.1,Music-heavy,Credit card,1,Playback,Android,0
SW-9026,25-34,Premium,15,12.99,29.6,Music-heavy,Credit card,1,Playback,Web,0
SW-9027,35-49,Basic,42,7.99,15.1,Music-heavy,Debit,1,Billing,Partner promo,0
SW-9028,25-34,Premium,8,12.99,6.1,Balanced,Credit card,0,No ticket,Web,0
SW-9029,25-34,Free,8,0.0,8.4,Low-usage,PayPal,0,No ticket,Web,0
SW-9030,35-49,Family,11,18.99,40.0,Low-usage,PayPal,3,Playback,Web,0
SW-9031,25-34,Premium,12,12.99,9.9,Low-usage,Debit,2,Billing,Android,1
SW-9032,35-49,Premium,45,12.99,25.6,Balanced,Credit card,1,Content,iOS,0
SW-9033,25-34,Basic,36,7.99,5.0,Low-usage,Gift card,0,No ticket,Web,0
SW-9034,Under 25,Basic,19,7.99,11.7,Music-heavy,Credit card,0,No ticket,Web,0
SW-9035,35-49,Basic,33,7.99,4.9,Low-usage,Credit card,0,No ticket,iOS,0
SW-9036,Under 25,Premium,11,12.99,5.2,Balanced,Gift card,0,No ticket,Android,0
SW-9037,25-34,Premium,15,12.99,15.1,Music-heavy,PayPal,0,No ticket,Android,0
SW-9038,50 plus,Basic,10,7.99,3.9,Music-heavy,Credit card,0,No ticket,iOS,0
SW-9039,25-34,Premium,5,12.99,3.1,Music-heavy,Credit card,0,No ticket,Android,0
SW-9040,50 plus,Premium,28,12.99,13.8,Balanced,Credit card,0,No ticket,Android,0
SW-9041,50 plus,Free,17,0.0,5.4,Balanced,PayPal,0,No ticket,Android,0
SW-9042,25-34,Basic,12,7.99,6.4,Music-heavy,PayPal,1,Playback,iOS,0
SW-9043,Under 25,Premium,12,12.99,1.9,Balanced,Credit card,1,Account,Web,0
SW-9044,35-49,Premium,4,12.99,2.9,Music-heavy,PayPal,0,No ticket,Android,0
SW-9045,25-34,Premium,6,12.99,9.5,Balanced,PayPal,0,No ticket,Android,0
SW-9046,Under 25,Premium,15,12.99,6.6,Balanced,Credit card,2,Billing,Web,0
SW-9047,35-49,Family,8,18.99,16.6,Low-usage,Debit,0,No ticket,iOS,0
SW-9048,Under 25,Free,10,0.0,3.9,Music-heavy,Credit card,1,Billing,iOS,0
SW-9049,50 plus,Premium,11,12.99,7.0,Low-usage,PayPal,3,Billing,Web,1
SW-9050,Under 25,Free,7,0.0,8.3,Music-heavy,Credit card,0,No ticket,Web,0
SW-9051,Under 25,Basic,6,7.99,6.8,Podcast-heavy,Debit,1,Billing,Web,0
SW-9052,Under 25,Basic,4,7.99,12.9,Podcast-heavy,Credit card,0,No ticket,iOS,0
SW-9053,50 plus,Basic,11,7.99,3.4,Balanced,Credit card,1,Playback,iOS,0
SW-9054,35-49,Family,19,18.99,12.1,Low-usage,Credit card,2,Billing,iOS,1
SW-9055,35-49,Family,4,18.99,19.9,Podcast-heavy,Debit,0,No ticket,Web,0
SW-9056,25-34,Premium,12,12.99,4.1,Low-usage,Credit card,0,No ticket,Partner promo,1
SW-9057,25-34,Premium,15,12.99,11.0,Music-heavy,Debit,0,No ticket,Web,1
SW-9058,25-34,Premium,6,12.99,10.6,Podcast-heavy,Credit card,0,No ticket,Web,0
SW-9059,25-34,Premium,32,12.99,12.8,Podcast-heavy,Debit,0,No ticket,iOS,0
SW-9060,25-34,Premium,9,12.99,8.0,Music-heavy,Credit card,0,No ticket,Android,0
SW-9061,35-49,Free,11,0.0,24.9,Low-usage,Credit card,0,No ticket,Android,0
SW-9062,25-34,Premium,11,12.99,40.0,Balanced,Credit card,2,Billing,Web,1
SW-9063,50 plus,Premium,3,12.99,13.2,Podcast-heavy,Credit card,1,Billing,iOS,0
SW-9064,Under 25,Premium,24,12.99,10.3,Balanced,Debit,0,No ticket,iOS,0
SW-9065,50 plus,Family,6,18.99,8.1,Podcast-heavy,Debit,1,Playback,Android,0
SW-9066,Under 25,Family,10,18.99,2.8,Music-heavy,Credit card,0,No ticket,Web,0
SW-9067,25-34,Premium,18,12.99,2.6,Podcast-heavy,Debit,0,No ticket,Android,0
SW-9068,25-34,Premium,33,12.99,3.2,Balanced,Credit card,0,No ticket,Android,0
SW-9069,25-34,Family,6,18.99,9.9,Low-usage,Credit card,0,No ticket,Android,0
SW-9070,35-49,Basic,9,7.99,6.9,Music-heavy,Credit card,0,No ticket,Partner promo,0
SW-9071,25-34,Basic,32,7.99,27.1,Podcast-heavy,Credit card,0,No ticket,Partner promo,0
SW-9072,25-34,Premium,17,12.99,1.1,Low-usage,Debit,0,No ticket,Partner promo,0
SW-9073,35-49,Family,19,18.99,8.3,Music-heavy,Gift card,0,No ticket,Partner promo,0
SW-9074,35-49,Premium,6,12.99,11.3,Balanced,Credit card,0,No ticket,Web,0
SW-9075,35-49,Free,9,0.0,16.4,Music-heavy,Debit,1,Billing,Web,0
SW-9076,25-34,Family,11,18.99,9.0,Balanced,PayPal,1,Playback,iOS,0
SW-9077,35-49,Premium,7,12.99,10.7,Low-usage,Credit card,0,No ticket,Partner promo,1
SW-9078,35-49,Family,4,18.99,9.2,Music-heavy,Credit card,0,No ticket,Android,0
SW-9079,25-34,Free,8,0.0,11.4,Podcast-heavy,Credit card,1,Account,iOS,0
SW-9080,25-34,Premium,31,12.99,7.9,Music-heavy,Debit,1,Playback,Android,0
SW-9081,25-34,Premium,13,12.99,40.0,Balanced,Debit,0,No ticket,Web,0
SW-9082,Under 25,Premium,31,12.99,12.7,Music-heavy,Debit,2,Billing,iOS,0
SW-9083,Under 25,Premium,14,12.99,9.4,Music-heavy,Credit card,2,Billing,Web,1
SW-9084,Under 25,Premium,7,12.99,4.4,Balanced,Debit,0,No ticket,Web,0
SW-9085,35-49,Basic,29,7.99,6.1,Low-usage,Credit card,0,No ticket,Web,0
SW-9086,35-49,Premium,14,12.99,26.8,Balanced,Gift card,1,Billing,Android,0
SW-9087,50 plus,Basic,24,7.99,1.1,Music-heavy,Credit card,0,No ticket,iOS,0
SW-9088,35-49,Basic,6,7.99,8.4,Music-heavy,Credit card,0,No ticket,Web,0
SW-9089,Under 25,Free,25,0.0,7.8,Balanced,PayPal,1,Billing,iOS,0
SW-9090,50 plus,Basic,25,7.99,11.9,Balanced,PayPal,1,Account,Android,0
SW-9091,50 plus,Premium,15,12.99,9.9,Low-usage,PayPal,1,Content,Partner promo,1
SW-9092,25-34,Premium,7,12.99,26.9,Podcast-heavy,Credit card,1,Billing,Android,0
SW-9093,35-49,Premium,12,12.99,8.7,Music-heavy,PayPal,0,No ticket,Web,0
SW-9094,50 plus,Basic,18,7.99,7.6,Music-heavy,Debit,0,No ticket,Web,0
SW-9095,25-34,Premium,14,12.99,17.1,Podcast-heavy,Debit,0,No ticket,Web,0
SW-9096,50 plus,Free,18,0.0,27.3,Music-heavy,Gift card,0,No ticket,iOS,0
SW-9097,Under 25,Basic,24,7.99,13.9,Music-heavy,Credit card,0,No ticket,Android,0
SW-9098,Under 25,Premium,8,12.99,18.0,Music-heavy,Credit card,1,Playback,Web,0
SW-9099,25-34,Premium,5,12.99,6.7,Podcast-heavy,PayPal,0,No ticket,Partner promo,0
SW-9100,35-49,Premium,12,12.99,8.8,Music-heavy,Credit card,1,Playback,Android,0
SW-9101,35-49,Basic,10,7.99,26.3,Podcast-heavy,Credit card,0,No ticket,iOS,0
SW-9102,50 plus,Premium,21,12.99,12.2,Low-usage,Credit card,0,No ticket,Android,0
SW-9103,25-34,Premium,6,12.99,6.6,Music-heavy,Debit,0,No ticket,iOS,0
SW-9104,Under 25,Family,25,18.99,8.2,Balanced,Credit card,0,No ticket,Android,0
SW-9105,35-49,Premium,31,12.99,18.3,Low-usage,Credit card,1,Account,Partner promo,1
SW-9106,35-49,Premium,12,12.99,19.7,Music-heavy,Credit card,1,Playback,Web,0
SW-9107,Under 25,Premium,13,12.99,4.1,Music-heavy,Credit card,0,No ticket,Android,0
SW-9108,25-34,Family,7,18.99,10.7,Music-heavy,Credit card,0,No ticket,Web,0
SW-9109,35-49,Basic,8,7.99,7.9,Balanced,Credit card,0,No ticket,iOS,1
SW-9110,35-49,Premium,9,12.99,7.6,Podcast-heavy,PayPal,0,No ticket,Android,0
SW-9111,25-34,Basic,33,7.99,23.2,Music-heavy,Credit card,1,Billing,Web,0
SW-9112,25-34,Premium,11,12.99,6.6,Balanced,PayPal,1,Playback,Web,0
SW-9113,50 plus,Basic,5,7.99,5.0,Balanced,PayPal,0,No ticket,Web,0
SW-9114,35-49,Free,14,0.0,4.2,Music-heavy,Debit,0,No ticket,iOS,0
SW-9115,25-34,Premium,21,12.99,7.0,Balanced,Credit card,1,Billing,Android,0
SW-9116,25-34,Basic,12,7.99,4.4,Music-heavy,PayPal,1,Playback,Partner promo,0
SW-9117,35-49,Basic,34,7.99,4.0,Balanced,Credit card,0,No ticket,Web,0
SW-9118,25-34,Premium,21,12.99,3.9,Low-usage,Credit card,0,No ticket,Partner promo,1
SW-9119,Under 25,Free,6,0.0,4.1,Balanced,Credit card,1,Billing,iOS,0
SW-9120,25-34,Family,8,18.99,4.4,Music-heavy,Credit card,2,Playback,Web,0
SW-9121,25-34,Premium,14,12.99,11.0,Podcast-heavy,Credit card,0,No ticket,Web,0
SW-9122,35-49,Premium,4,12.99,1.7,Music-heavy,Credit card,0,No ticket,iOS,0
SW-9123,Under 25,Basic,15,7.99,4.6,Balanced,Credit card,0,No ticket,Android,0
SW-9124,35-49,Family,3,18.99,7.4,Music-heavy,Debit,0,No ticket,Android,0
SW-9125,25-34,Premium,25,12.99,20.1,Music-heavy,PayPal,0,No ticket,Web,0
SW-9126,Under 25,Premium,23,12.99,6.6,Music-heavy,Credit card,0,No ticket,Web,0
SW-9127,Under 25,Premium,17,12.99,7.1,Music-heavy,Credit card,1,Content,iOS,0
SW-9128,50 plus,Premium,7,12.99,7.5,Balanced,Debit,1,Content,iOS,1
SW-9129,50 plus,Premium,14,12.99,1.9,Low-usage,Credit card,0,No ticket,Android,0
SW-9130,25-34,Basic,8,7.99,13.6,Balanced,Credit card,0,No ticket,iOS,0
SW-9131,35-49,Free,6,0.0,13.1,Balanced,PayPal,1,Content,Web,0
SW-9132,35-49,Premium,9,12.99,15.3,Music-heavy,PayPal,2,Content,Web,0
SW-9133,50 plus,Premium,20,12.99,40.0,Music-heavy,Debit,0,No ticket,Partner promo,0
SW-9134,25-34,Premium,12,12.99,2.8,Low-usage,Credit card,0,No ticket,Partner promo,1
SW-9135,35-49,Basic,33,7.99,2.4,Low-usage,Credit card,0,No ticket,Android,0
SW-9136,Under 25,Premium,21,12.99,14.1,Balanced,Credit card,0,No ticket,iOS,0
SW-9137,25-34,Premium,19,12.99,6.1,Music-heavy,Credit card,0,No ticket,Android,0
SW-9138,50 plus,Free,4,0.0,3.6,Music-heavy,Credit card,1,Account,Web,0
SW-9139,25-34,Basic,10,7.99,6.4,Music-heavy,Credit card,0,No ticket,Android,0
SW-9140,25-34,Premium,6,12.99,4.9,Music-heavy,Credit card,1,Playback,Android,0
SW-9141,Under 25,Premium,11,12.99,31.8,Balanced,Credit card,0,No ticket,Web,0
SW-9142,35-49,Basic,7,7.99,40.0,Music-heavy,PayPal,0,No ticket,Web,0
SW-9143,35-49,Premium,9,12.99,2.2,Balanced,PayPal,0,No ticket,iOS,0
SW-9144,25-34,Premium,25,12.99,2.5,Low-usage,PayPal,2,Billing,Android,1
SW-9145,50 plus,Premium,17,12.99,4.4,Low-usage,Credit card,0,No ticket,Android,0
SW-9146,Under 25,Family,24,18.99,4.6,Low-usage,Credit card,0,No ticket,Android,0
SW-9147,25-34,Family,4,18.99,4.3,Music-heavy,Debit,0,No ticket,Android,0
SW-9148,50 plus,Basic,12,7.99,6.8,Low-usage,Debit,1,Billing,iOS,0
SW-9149,25-34,Free,24,0.0,5.6,Music-heavy,Debit,0,No ticket,iOS,0
SW-9150,25-34,Basic,34,7.99,2.7,Balanced,Credit card,0,No ticket,Web,0
SW-9151,25-34,Free,4,0.0,3.5,Music-heavy,Debit,1,Billing,Web,0
SW-9152,35-49,Free,9,0.0,27.6,Podcast-heavy,PayPal,1,Billing,iOS,0
SW-9153,Under 25,Basic,25,7.99,6.0,Music-heavy,Credit card,0,No ticket,Android,0
SW-9154,50 plus,Family,10,18.99,5.8,Music-heavy,Credit card,1,Account,Android,0
SW-9155,35-49,Family,6,18.99,2.4,Low-usage,Credit card,0,No ticket,Android,0
SW-9156,Under 25,Premium,4,12.99,5.5,Balanced,Debit,1,Billing,iOS,0
SW-9157,35-49,Premium,6,12.99,17.3,Podcast-heavy,Credit card,1,Billing,Web,0
SW-9158,25-34,Free,4,0.0,12.9,Podcast-heavy,PayPal,1,Playback,iOS,1
SW-9159,25-34,Basic,13,7.99,15.3,Balanced,Credit card,1,Billing,Web,0
SW-9160,35-49,Free,22,0.0,3.1,Music-heavy,PayPal,0,No ticket,Android,0
SW-9161,50 plus,Premium,5,12.99,3.0,Balanced,Credit card,1,Billing,Web,0
SW-9162,Under 25,Free,14,0.0,19.8,Podcast-heavy,Credit card,0,No ticket,Web,0
SW-9163,25-34,Family,22,18.99,15.5,Balanced,PayPal,0,No ticket,Android,0
SW-9164,25-34,Premium,12,12.99,6.5,Low-usage,PayPal,1,Playback,Web,0
SW-9165,25-34,Basic,4,7.99,15.8,Podcast-heavy,Gift card,1,Account,iOS,0
SW-9166,25-34,Basic,16,7.99,3.1,Podcast-heavy,Credit card,1,Billing,Android,0
SW-9167,Under 25,Premium,12,12.99,3.0,Low-usage,Credit card,0,No ticket,Android,0
SW-9168,35-49,Family,11,18.99,2.2,Low-usage,Credit card,1,Billing,Web,0
SW-9169,25-34,Premium,8,12.99,10.7,Low-usage,Credit card,2,Account,Web,0
SW-9170,Under 25,Basic,13,7.99,9.5,Podcast-heavy,Credit card,1,Billing,Android,0
SW-9171,35-49,Premium,17,12.99,5.3,Music-heavy,Credit card,0,No ticket,Web,0
SW-9172,35-49,Basic,60,7.99,4.3,Music-heavy,PayPal,2,Playback,Partner promo,0
SW-9173,25-34,Family,13,18.99,40.0,Music-heavy,Credit card,0,No ticket,Web,0
SW-9174,25-34,Premium,35,12.99,6.5,Balanced,Debit,0,No ticket,Android,0
SW-9175,35-49,Premium,15,12.99,24.3,Music-heavy,Debit,0,No ticket,Web,0
SW-9176,25-34,Basic,11,7.99,7.1,Balanced,Credit card,0,No ticket,iOS,0
SW-9177,25-34,Premium,13,12.99,5.4,Low-usage,Gift card,0,No ticket,Partner promo,0
SW-9178,35-49,Basic,5,7.99,24.8,Low-usage,Credit card,1,Billing,Android,0
SW-9179,Under 25,Free,15,0.0,15.1,Music-heavy,PayPal,0,No ticket,Android,0
SW-9180,Under 25,Basic,3,7.99,7.8,Music-heavy,PayPal,1,Content,Web,1
SW-9181,Under 25,Family,7,18.99,19.8,Balanced,PayPal,0,No ticket,Partner promo,0
SW-9182,Under 25,Premium,13,12.99,40.0,Podcast-heavy,PayPal,0,No ticket,Android,0
SW-9183,Under 25,Free,28,0.0,4.5,Balanced,Credit card,1,Content,Web,0
SW-9184,50 plus,Family,33,18.99,11.7,Balanced,Credit card,0,No ticket,Web,0
SW-9185,25-34,Basic,10,7.99,5.8,Podcast-heavy,Debit,1,Billing,Web,0
SW-9186,Under 25,Basic,13,7.99,3.8,Music-heavy,Credit card,1,Account,Web,0
SW-9187,25-34,Basic,24,7.99,3.7,Podcast-heavy,PayPal,1,Playback,Partner promo,0
SW-9188,50 plus,Premium,5,12.99,28.6,Balanced,Debit,0,No ticket,iOS,0
SW-9189,25-34,Premium,16,12.99,1.9,Music-heavy,Credit card,1,Content,Web,0
SW-9190,25-34,Premium,7,12.99,12.0,Balanced,Credit card,0,No ticket,iOS,0
SW-9191,50 plus,Premium,11,12.99,4.1,Low-usage,Credit card,1,Content,iOS,0
SW-9192,25-34,Basic,9,7.99,33.0,Music-heavy,Debit,0,No ticket,Web,0
SW-9193,25-34,Premium,16,12.99,6.4,Low-usage,Credit card,0,No ticket,Web,0
SW-9194,Under 25,Basic,18,7.99,6.0,Balanced,Debit,1,Playback,Web,0
SW-9195,25-34,Premium,22,12.99,28.1,Balanced,Debit,1,Content,Android,0
SW-9196,25-34,Premium,15,12.99,16.1,Music-heavy,Credit card,0,No ticket,iOS,0
SW-9197,35-49,Premium,14,12.99,12.5,Music-heavy,Debit,0,No ticket,Partner promo,0
SW-9198,25-34,Premium,44,12.99,15.2,Music-heavy,Debit,0,No ticket,iOS,0
SW-9199,35-49,Premium,4,12.99,3.4,Low-usage,Credit card,0,No ticket,Partner promo,0
SW-9200,Under 25,Free,39,0.0,14.5,Music-heavy,Gift card,0,No ticket,Partner promo,0
SW-9201,Under 25,Family,10,18.99,6.8,Balanced,Credit card,0,No ticket,iOS,0
SW-9202,25-34,Free,18,0.0,10.7,Podcast-heavy,Credit card,0,No ticket,iOS,0
SW-9203,50 plus,Free,10,0.0,11.8,Low-usage,PayPal,1,Billing,iOS,0
SW-9204,25-34,Premium,7,12.99,3.3,Podcast-heavy,Credit card,0,No ticket,Android,0
SW-9205,35-49,Premium,17,12.99,12.9,Music-heavy,Credit card,1,Billing,iOS,0
SW-9206,25-34,Free,25,0.0,6.9,Podcast-heavy,Debit,2,Playback,Android,0
SW-9207,Under 25,Family,17,18.99,3.0,Low-usage,Debit,0,No ticket,iOS,0
SW-9208,Under 25,Family,8,18.99,7.1,Podcast-heavy,Credit card,0,No ticket,iOS,0
SW-9209,25-34,Premium,60,12.99,8.1,Music-heavy,Credit card,1,Billing,Android,0
SW-9210,Under 25,Premium,28,12.99,12.9,Low-usage,Credit card,0,No ticket,iOS,0
SW-9211,Under 25,Premium,23,12.99,1.2,Low-usage,Debit,3,Billing,Partner promo,1
SW-9212,35-49,Basic,9,7.99,10.9,Balanced,Debit,2,Billing,iOS,0
SW-9213,Under 25,Premium,8,12.99,5.3,Podcast-heavy,Debit,0,No ticket,Partner promo,0
SW-9214,25-34,Family,10,18.99,15.3,Music-heavy,Debit,1,Billing,Android,0
SW-9215,25-34,Family,26,18.99,8.0,Music-heavy,Credit card,0,No ticket,iOS,0
SW-9216,25-34,Family,6,18.99,6.1,Low-usage,Credit card,0,No ticket,Partner promo,0
SW-9217,35-49,Basic,6,7.99,6.9,Low-usage,Credit card,1,Playback,iOS,0
SW-9218,25-34,Premium,18,12.99,10.4,Low-usage,Credit card,1,Playback,Partner promo,1
SW-9219,25-34,Basic,15,7.99,16.5,Music-heavy,Debit,0,No ticket,Web,0
SW-9220,35-49,Basic,7,7.99,3.9,Music-heavy,Debit,1,Playback,Partner promo,0
SW-9221,50 plus,Basic,6,7.99,6.1,Music-heavy,Credit card,0,No ticket,Web,0
SW-9222,Under 25,Basic,33,7.99,25.9,Podcast-heavy,PayPal,0,No ticket,Android,0
SW-9223,Under 25,Premium,15,12.99,6.0,Music-heavy,Credit card,1,Content,Android,0
SW-9224,50 plus,Premium,5,12.99,10.7,Music-heavy,Credit card,0,No ticket,Android,0
SW-9225,25-34,Premium,5,12.99,3.0,Podcast-heavy,Credit card,0,No ticket,Android,0
SW-9226,25-34,Premium,9,12.99,2.0,Balanced,Credit card,0,No ticket,iOS,0
SW-9227,25-34,Free,20,0.0,3.5,Low-usage,Credit card,1,Playback,Web,0
SW-9228,Under 25,Free,18,0.0,4.6,Podcast-heavy,PayPal,3,Playback,iOS,0
SW-9229,35-49,Premium,26,12.99,18.4,Balanced,Credit card,1,Content,Android,0
SW-9230,25-34,Premium,4,12.99,20.1,Music-heavy,PayPal,2,Billing,Android,0
SW-9231,Under 25,Premium,14,12.99,1.7,Podcast-heavy,Credit card,0,No ticket,Web,0
SW-9232,25-34,Free,33,0.0,5.2,Balanced,Debit,0,No ticket,Web,0
SW-9233,35-49,Premium,31,12.99,14.0,Low-usage,PayPal,0,No ticket,Partner promo,0
SW-9234,35-49,Premium,15,12.99,7.4,Low-usage,Credit card,1,Billing,Partner promo,1
SW-9235,Under 25,Family,60,18.99,26.7,Podcast-heavy,Credit card,1,Billing,Android,0
SW-9236,25-34,Family,18,18.99,13.7,Low-usage,Credit card,2,Content,Web,0
SW-9237,35-49,Premium,25,12.99,6.5,Balanced,Gift card,0,No ticket,Partner promo,0
SW-9238,35-49,Premium,12,12.99,6.9,Balanced,Debit,0,No ticket,Partner promo,0
SW-9239,35-49,Premium,7,12.99,7.6,Balanced,Debit,2,Billing,Web,1
SW-9240,Under 25,Premium,7,12.99,4.1,Music-heavy,Debit,1,Account,iOS,0
SW-9241,35-49,Premium,14,12.99,17.0,Podcast-heavy,Credit card,1,Billing,Android,0
SW-9242,35-49,Family,10,18.99,14.5,Low-usage,Credit card,1,Playback,iOS,0
SW-9243,Under 25,Premium,3,12.99,11.5,Music-heavy,Credit card,0,No ticket,Android,0
SW-9244,25-34,Family,6,18.99,9.7,Music-heavy,Credit card,3,Billing,iOS,1
SW-9245,25-34,Basic,10,7.99,3.5,Balanced,PayPal,0,No ticket,Web,0
SW-9246,35-49,Premium,20,12.99,12.0,Music-heavy,Debit,3,Billing,Web,1
SW-9247,Under 25,Premium,12,12.99,8.9,Podcast-heavy,Gift card,1,Billing,Web,0
SW-9248,35-49,Free,11,0.0,39.7,Music-heavy,Credit card,2,Billing,Android,0
SW-9249,50 plus,Premium,6,12.99,2.8,Podcast-heavy,Credit card,0,No ticket,Web,0
SW-9250,35-49,Basic,12,7.99,4.5,Balanced,PayPal,0,No ticket,Android,0
SW-9251,50 plus,Premium,30,12.99,2.2,Podcast-heavy,Credit card,0,No ticket,iOS,0
SW-9252,50 plus,Premium,13,12.99,6.7,Podcast-heavy,Credit card,0,No ticket,iOS,0
SW-9253,Under 25,Basic,4,7.99,2.0,Music-heavy,Credit card,0,No ticket,Android,0
SW-9254,35-49,Premium,5,12.99,20.7,Music-heavy,Credit card,2,Account,Web,0
SW-9255,25-34,Premium,18,12.99,19.2,Podcast-heavy,Gift card,1,Billing,Web,0
SW-9256,50 plus,Premium,10,12.99,7.0,Music-heavy,Credit card,0,No ticket,Partner promo,0
SW-9257,25-34,Basic,11,7.99,3.6,Balanced,PayPal,2,Billing,iOS,1
SW-9258,50 plus,Family,8,18.99,2.4,Balanced,PayPal,1,Playback,Web,0
SW-9259,35-49,Premium,17,12.99,4.6,Music-heavy,Credit card,0,No ticket,Web,0
SW-9260,35-49,Premium,10,12.99,13.2,Music-heavy,Debit,2,Playback,Android,1
SW-9261,Under 25,Free,11,0.0,4.3,Music-heavy,Credit card,3,Billing,Android,1
SW-9262,Under 25,Family,7,18.99,36.8,Podcast-heavy,Credit card,3,Billing,Web,0
SW-9263,35-49,Basic,23,7.99,26.4,Music-heavy,PayPal,1,Billing,Partner promo,0
SW-9264,Under 25,Premium,10,12.99,8.0,Music-heavy,Credit card,1,Content,iOS,0
SW-9265,35-49,Premium,18,12.99,5.5,Music-heavy,Credit card,2,Playback,Partner promo,0
SW-9266,Under 25,Basic,5,7.99,5.1,Low-usage,Credit card,3,Billing,Web,1
SW-9267,35-49,Premium,40,12.99,28.7,Balanced,Credit card,1,Account,iOS,0
SW-9268,25-34,Basic,29,7.99,4.7,Balanced,Credit card,0,No ticket,Web,0
SW-9269,35-49,Premium,3,12.99,16.9,Music-heavy,Credit card,1,Playback,iOS,0
SW-9270,35-49,Premium,7,12.99,8.1,Music-heavy,Credit card,2,Billing,Web,1
SW-9271,25-34,Family,17,18.99,14.2,Music-heavy,PayPal,0,No ticket,iOS,0
SW-9272,Under 25,Family,5,18.99,4.2,Low-usage,Credit card,0,No ticket,Web,0
SW-9273,Under 25,Premium,11,12.99,6.1,Music-heavy,Credit card,0,No ticket,Web,0
SW-9274,35-49,Premium,16,12.99,7.8,Podcast-heavy,Credit card,2,Account,Partner promo,0
SW-9275,25-34,Premium,11,12.99,4.8,Podcast-heavy,Debit,1,Playback,Web,0
SW-9276,35-49,Basic,17,7.99,21.7,Balanced,Debit,0,No ticket,iOS,0
SW-9277,25-34,Premium,7,12.99,4.3,Music-heavy,Gift card,0,No ticket,Android,0
SW-9278,25-34,Family,2,18.99,5.0,Podcast-heavy,Debit,1,Content,Android,0
SW-9279,25-34,Basic,24,7.99,23.7,Low-usage,Credit card,0,No ticket,Android,0
SW-9280,Under 25,Basic,24,7.99,20.3,Podcast-heavy,Credit card,0,No ticket,Android,0
SW-9281,25-34,Basic,60,7.99,28.5,Podcast-heavy,Credit card,0,No ticket,Partner promo,0
SW-9282,50 plus,Basic,3,7.99,1.7,Podcast-heavy,Debit,1,Playback,Android,0
SW-9283,50 plus,Free,20,0.0,9.4,Balanced,Credit card,1,Billing,Android,0
SW-9284,25-34,Premium,3,12.99,8.6,Music-heavy,Debit,0,No ticket,iOS,0
SW-9285,35-49,Premium,41,12.99,5.1,Music-heavy,PayPal,1,Content,Android,0
SW-9286,50 plus,Premium,17,12.99,10.4,Balanced,Debit,3,Billing,iOS,0
SW-9287,25-34,Basic,6,7.99,6.2,Podcast-heavy,Debit,2,Billing,Web,1
SW-9288,Under 25,Premium,21,12.99,9.1,Low-usage,PayPal,0,No ticket,iOS,0
SW-9289,Under 25,Family,8,18.99,40.0,Balanced,Credit card,1,Content,iOS,0
SW-9290,25-34,Family,15,18.99,10.3,Podcast-heavy,Credit card,0,No ticket,iOS,0
SW-9291,50 plus,Premium,14,12.99,10.7,Music-heavy,Credit card,0,No ticket,iOS,1
SW-9292,35-49,Free,41,0.0,15.4,Balanced,Credit card,1,Billing,Web,0
SW-9293,Under 25,Family,43,18.99,9.2,Balanced,PayPal,0,No ticket,iOS,0
SW-9294,Under 25,Premium,8,12.99,3.3,Balanced,Credit card,2,Playback,Partner promo,0
SW-9295,35-49,Basic,25,7.99,2.1,Music-heavy,Debit,1,Content,iOS,0
SW-9296,50 plus,Free,15,0.0,7.8,Low-usage,Debit,1,Playback,Web,0
SW-9297,35-49,Free,4,0.0,6.5,Music-heavy,Debit,0,No ticket,iOS,0
SW-9298,35-49,Basic,7,7.99,1.7,Music-heavy,Debit,1,Playback,Android,0
SW-9299,Under 25,Free,60,0.0,29.5,Low-usage,Credit card,0,No ticket,Partner promo,0
SW-9300,35-49,Family,15,18.99,8.7,Balanced,Credit card,0,No ticket,Partner promo,0
SW-9301,35-49,Premium,24,12.99,25.3,Podcast-heavy,PayPal,0,No ticket,Web,0
SW-9302,25-34,Premium,10,12.99,1.3,Low-usage,Credit card,2,Billing,iOS,1
SW-9303,35-49,Premium,8,12.99,25.7,Music-heavy,Credit card,3,Account,Partner promo,0
SW-9304,Under 25,Premium,12,12.99,5.4,Music-heavy,Credit card,1,Playback,iOS,0
SW-9305,Under 25,Premium,10,12.99,21.9,Low-usage,Credit card,0,No ticket,Partner promo,1
SW-9306,Under 25,Family,4,18.99,9.5,Music-heavy,Credit card,1,Billing,Web,0
SW-9307,Under 25,Basic,6,7.99,11.5,Low-usage,Gift card,0,No ticket,Partner promo,0
SW-9308,25-34,Family,20,18.99,11.5,Balanced,PayPal,0,No ticket,iOS,0
SW-9309,25-34,Premium,9,12.99,5.7,Music-heavy,PayPal,0,No ticket,Partner promo,0
SW-9310,25-34,Free,12,0.0,4.8,Low-usage,Credit card,2,Billing,Web,0
SW-9311,25-34,Premium,14,12.99,6.0,Music-heavy,Credit card,0,No ticket,Android,0
SW-9312,25-34,Premium,15,12.99,2.5,Podcast-heavy,PayPal,2,Billing,Web,0
SW-9313,Under 25,Family,27,18.99,5.4,Low-usage,PayPal,0,No ticket,Web,0
SW-9314,35-49,Basic,6,7.99,4.6,Balanced,Credit card,1,Playback,Android,0
SW-9315,25-34,Premium,18,12.99,2.4,Music-heavy,PayPal,0,No ticket,iOS,0
SW-9316,25-34,Premium,20,12.99,11.5,Low-usage,Gift card,0,No ticket,Partner promo,1
SW-9317,50 plus,Basic,24,7.99,8.0,Music-heavy,Credit card,1,Content,Partner promo,0
SW-9318,35-49,Free,4,0.0,9.7,Podcast-heavy,Credit card,0,No ticket,Web,0
SW-9319,50 plus,Premium,14,12.99,14.0,Podcast-heavy,Credit card,1,Account,Web,0
SW-9320,25-34,Premium,40,12.99,6.6,Music-heavy,Gift card,0,No ticket,Android,0
SW-9321,Under 25,Basic,11,7.99,3.8,Podcast-heavy,Credit card,0,No ticket,Partner promo,0
SW-9322,35-49,Premium,17,12.99,10.2,Balanced,Debit,2,Account,Android,1
SW-9323,Under 25,Basic,21,7.99,0.8,Podcast-heavy,Debit,0,No ticket,iOS,0
SW-9324,25-34,Free,6,0.0,7.3,Music-heavy,Credit card,1,Playback,Android,0
SW-9325,Under 25,Premium,43,12.99,14.8,Low-usage,Debit,0,No ticket,Web,0
SW-9326,35-49,Free,17,0.0,18.5,Music-heavy,Credit card,2,Billing,Web,1
SW-9327,Under 25,Premium,17,12.99,5.2,Balanced,PayPal,0,No ticket,iOS,0
SW-9328,50 plus,Free,4,0.0,1.3,Music-heavy,Debit,0,No ticket,Android,0
SW-9329,50 plus,Premium,21,12.99,1.0,Low-usage,PayPal,0,No ticket,Partner promo,1
SW-9330,25-34,Premium,17,12.99,13.3,Podcast-heavy,Credit card,0,No ticket,iOS,0
SW-9331,35-49,Premium,37,12.99,6.0,Podcast-heavy,Credit card,1,Playback,iOS,0
SW-9332,35-49,Free,10,0.0,40.0,Podcast-heavy,PayPal,0,No ticket,iOS,0
SW-9333,35-49,Premium,6,12.99,2.6,Music-heavy,Credit card,1,Playback,Partner promo,0
SW-9334,25-34,Premium,7,12.99,10.5,Podcast-heavy,Credit card,1,Content,iOS,0
SW-9335,35-49,Premium,8,12.99,30.2,Podcast-heavy,Credit card,0,No ticket,Web,0
SW-9336,25-34,Free,5,0.0,9.4,Music-heavy,Credit card,1,Billing,Android,0
SW-9337,50 plus,Premium,30,12.99,2.2,Low-usage,Credit card,1,Playback,Android,0
SW-9338,25-34,Premium,30,12.99,40.0,Balanced,Debit,2,Billing,Android,1
SW-9339,25-34,Free,10,0.0,28.3,Low-usage,Debit,2,Billing,Partner promo,1
SW-9340,35-49,Family,9,18.99,6.7,Balanced,Credit card,0,No ticket,Web,0
SW-9341,35-49,Premium,3,12.99,15.4,Low-usage,PayPal,0,No ticket,Partner promo,0
SW-9342,25-34,Family,20,18.99,15.5,Podcast-heavy,Credit card,0,No ticket,Android,0
SW-9343,Under 25,Premium,38,12.99,13.4,Balanced,Credit card,0,No ticket,iOS,0
SW-9344,25-34,Premium,8,12.99,2.6,Music-heavy,Credit card,1,Playback,Android,0
SW-9345,50 plus,Premium,11,12.99,10.4,Podcast-heavy,PayPal,1,Account,Android,0
SW-9346,35-49,Premium,16,12.99,25.7,Podcast-heavy,PayPal,0,No ticket,Android,0
SW-9347,35-49,Premium,40,12.99,12.0,Low-usage,Credit card,1,Content,Partner promo,1
SW-9348,Under 25,Premium,14,12.99,11.0,Music-heavy,Credit card,0,No ticket,Web,0
SW-9349,25-34,Basic,14,7.99,5.2,Low-usage,Credit card,0,No ticket,Android,0
SW-9350,35-49,Basic,14,7.99,3.9,Balanced,PayPal,2,Playback,Android,0
SW-9351,35-49,Family,4,18.99,2.3,Music-heavy,Debit,0,No ticket,Android,0
SW-9352,Under 25,Free,4,0.0,14.7,Balanced,PayPal,0,No ticket,iOS,0
SW-9353,50 plus,Premium,7,12.99,6.7,Music-heavy,Credit card,2,Playback,iOS,0
SW-9354,25-34,Family,24,18.99,2.7,Balanced,Credit card,2,Billing,Web,0
SW-9355,Under 25,Premium,9,12.99,17.5,Low-usage,Debit,1,Billing,Android,0
SW-9356,25-34,Family,8,18.99,5.0,Podcast-heavy,PayPal,1,Account,iOS,0
SW-9357,25-34,Premium,8,12.99,4.0,Balanced,Credit card,0,No ticket,Android,1
SW-9358,25-34,Free,11,0.0,5.4,Podcast-heavy,Credit card,0,No ticket,Web,0
SW-9359,Under 25,Premium,40,12.99,6.9,Podcast-heavy,PayPal,0,No ticket,Android,0
SW-9360,Under 25,Basic,11,7.99,11.5,Balanced,Credit card,1,Content,Web,0
SW-9361,35-49,Basic,7,7.99,4.0,Balanced,Credit card,1,Account,Partner promo,0
SW-9362,Under 25,Basic,12,7.99,18.0,Balanced,Credit card,0,No ticket,Android,0
SW-9363,25-34,Basic,41,7.99,11.8,Low-usage,Credit card,0,No ticket,Web,0
SW-9364,25-34,Basic,8,7.99,5.3,Balanced,Credit card,1,Account,Android,0
SW-9365,25-34,Basic,5,7.99,7.0,Balanced,Debit,1,Playback,Android,0
SW-9366,35-49,Premium,8,12.99,5.7,Balanced,Credit card,1,Account,Android,0
SW-9367,25-34,Premium,13,12.99,8.4,Music-heavy,Credit card,1,Content,Android,0
SW-9368,35-49,Basic,19,7.99,27.0,Podcast-heavy,PayPal,1,Billing,Partner promo,0
SW-9369,35-49,Basic,24,7.99,5.7,Podcast-heavy,Gift card,0,No ticket,iOS,0
SW-9370,Under 25,Premium,6,12.99,9.3,Low-usage,PayPal,0,No ticket,Partner promo,1
SW-9371,Under 25,Premium,6,12.99,4.6,Balanced,PayPal,1,Playback,iOS,1
SW-9372,25-34,Family,10,18.99,12.2,Music-heavy,PayPal,0,No ticket,Android,0
SW-9373,25-34,Free,19,0.0,10.0,Music-heavy,PayPal,1,Playback,Web,0
SW-9374,35-49,Family,5,18.99,23.2,Low-usage,Gift card,0,No ticket,Web,0
SW-9375,35-49,Premium,8,12.99,4.1,Music-heavy,Debit,0,No ticket,Android,0
SW-9376,25-34,Premium,8,12.99,13.9,Music-heavy,Debit,0,No ticket,Android,1
SW-9377,Under 25,Free,23,0.0,22.0,Music-heavy,Debit,1,Billing,Web,0
SW-9378,25-34,Basic,17,7.99,5.6,Balanced,PayPal,1,Billing,Android,0
SW-9379,35-49,Premium,23,12.99,7.2,Low-usage,Debit,0,No ticket,Partner promo,1
SW-9380,25-34,Basic,31,7.99,9.3,Low-usage,PayPal,2,Playback,Web,0
SW-9381,25-34,Premium,10,12.99,6.6,Music-heavy,Credit card,1,Playback,iOS,0
SW-9382,Under 25,Premium,5,12.99,9.2,Balanced,PayPal,0,No ticket,Partner promo,0
SW-9383,35-49,Premium,5,12.99,13.7,Music-heavy,Credit card,1,Billing,Android,0
SW-9384,50 plus,Premium,3,12.99,7.3,Music-heavy,Credit card,2,Billing,iOS,1
SW-9385,25-34,Premium,9,12.99,7.3,Podcast-heavy,PayPal,0,No ticket,Web,0
SW-9386,25-34,Basic,9,7.99,9.9,Music-heavy,Credit card,1,Content,Android,0
SW-9387,50 plus,Family,21,18.99,5.8,Podcast-heavy,Credit card,0,No ticket,Android,0
SW-9388,25-34,Premium,12,12.99,6.0,Music-heavy,Credit card,0,No ticket,Partner promo,0
SW-9389,35-49,Basic,9,7.99,3.9,Music-heavy,Credit card,0,No ticket,Android,0
SW-9390,Under 25,Basic,11,7.99,7.7,Balanced,Credit card,1,Billing,Web,0
SW-9391,35-49,Premium,6,12.99,11.4,Podcast-heavy,Debit,1,Account,Android,0
SW-9392,Under 25,Premium,25,12.99,6.5,Low-usage,PayPal,1,Content,Web,0
SW-9393,50 plus,Free,7,0.0,4.3,Low-usage,Credit card,0,No ticket,Partner promo,0
SW-9394,35-49,Premium,5,12.99,7.4,Music-heavy,Debit,0,No ticket,Web,0
SW-9395,35-49,Premium,21,12.99,11.0,Podcast-heavy,PayPal,0,No ticket,Web,0
SW-9396,35-49,Premium,18,12.99,8.9,Balanced,Credit card,0,No ticket,iOS,0
SW-9397,35-49,Free,4,0.0,40.0,Balanced,Debit,2,Account,Web,0
SW-9398,25-34,Basic,22,7.99,4.7,Low-usage,Credit card,0,No ticket,iOS,0
SW-9399,50 plus,Family,7,18.99,7.1,Balanced,Debit,0,No ticket,iOS,0
SW-9400,50 plus,Family,9,18.99,14.9,Music-heavy,Credit card,1,Billing,iOS,0
SW-9401,25-34,Basic,14,7.99,4.6,Podcast-heavy,Gift card,1,Account,iOS,0
SW-9402,50 plus,Basic,18,7.99,37.4,Low-usage,Credit card,2,Billing,Android,1
SW-9403,35-49,Basic,16,7.99,8.0,Balanced,Credit card,1,Playback,iOS,0
SW-9404,25-34,Basic,12,7.99,12.5,Balanced,Credit card,1,Account,Partner promo,0
SW-9405,25-34,Premium,9,12.99,8.1,Balanced,Debit,3,Billing,Web,1
SW-9406,Under 25,Family,16,18.99,18.1,Music-heavy,Credit card,2,Billing,Web,0
SW-9407,Under 25,Basic,11,7.99,3.4,Low-usage,Credit card,2,Account,Android,0
SW-9408,25-34,Free,42,0.0,28.1,Low-usage,Credit card,2,Playback,Web,0
SW-9409,25-34,Family,18,18.99,9.6,Music-heavy,Credit card,1,Playback,iOS,0
SW-9410,25-34,Free,6,0.0,13.5,Music-heavy,PayPal,1,Billing,Partner promo,0
SW-9411,25-34,Family,9,18.99,4.4,Podcast-heavy,Credit card,0,No ticket,iOS,0
SW-9412,50 plus,Premium,12,12.99,10.5,Balanced,PayPal,0,No ticket,iOS,0
SW-9413,25-34,Family,30,18.99,3.7,Podcast-heavy,Credit card,1,Playback,Android,0
SW-9414,25-34,Basic,32,7.99,20.5,Music-heavy,Credit card,1,Content,Web,0
SW-9415,Under 25,Free,9,0.0,2.9,Podcast-heavy,Credit card,1,Account,iOS,0
SW-9416,Under 25,Premium,6,12.99,9.1,Music-heavy,PayPal,0,No ticket,Web,0
SW-9417,35-49,Basic,6,7.99,5.9,Music-heavy,Debit,0,No ticket,Web,0
SW-9418,35-49,Basic,14,7.99,2.3,Balanced,Credit card,0,No ticket,Web,0
SW-9419,35-49,Family,60,18.99,3.8,Low-usage,Debit,0,No ticket,Partner promo,0
SW-9420,Under 25,Premium,18,12.99,11.5,Podcast-heavy,PayPal,0,No ticket,Web,0
SW-9421,35-49,Premium,4,12.99,3.9,Balanced,Credit card,0,No ticket,iOS,0
SW-9422,25-34,Basic,7,7.99,4.7,Balanced,Debit,0,No ticket,Web,0
SW-9423,25-34,Premium,8,12.99,10.8,Podcast-heavy,Credit card,0,No ticket,iOS,0
SW-9424,Under 25,Premium,7,12.99,16.6,Music-heavy,Credit card,1,Playback,iOS,0
SW-9425,Under 25,Basic,9,7.99,13.6,Music-heavy,Credit card,1,Playback,iOS,0
SW-9426,25-34,Family,16,18.99,7.7,Music-heavy,PayPal,0,No ticket,Android,0
SW-9427,Under 25,Basic,19,7.99,9.5,Low-usage,Credit card,0,No ticket,Partner promo,0
SW-9428,50 plus,Basic,26,7.99,8.8,Balanced,Credit card,0,No ticket,iOS,0
SW-9429,25-34,Free,17,0.0,3.5,Podcast-heavy,Credit card,1,Playback,Web,0
SW-9430,Under 25,Premium,3,12.99,10.0,Low-usage,Credit card,0,No ticket,Partner promo,1
SW-9431,Under 25,Premium,6,12.99,3.5,Low-usage,Credit card,0,No ticket,Partner promo,0
SW-9432,35-49,Basic,11,7.99,13.1,Low-usage,Debit,2,Billing,iOS,1
SW-9433,Under 25,Basic,13,7.99,8.9,Music-heavy,Credit card,0,No ticket,iOS,0
SW-9434,50 plus,Free,22,0.0,1.4,Balanced,PayPal,0,No ticket,Web,0
SW-9435,50 plus,Basic,12,7.99,17.5,Balanced,Credit card,0,No ticket,iOS,0
SW-9436,25-34,Basic,12,7.99,5.3,Balanced,Debit,0,No ticket,iOS,0
SW-9437,25-34,Basic,14,7.99,4.9,Music-heavy,Credit card,0,No ticket,Partner promo,0
SW-9438,Under 25,Basic,10,7.99,17.2,Balanced,PayPal,0,No ticket,Web,0
SW-9439,35-49,Family,13,18.99,7.0,Podcast-heavy,PayPal,0,No ticket,iOS,0
SW-9440,25-34,Premium,26,12.99,12.9,Balanced,Credit card,1,Content,Android,0
SW-9441,25-34,Premium,11,12.99,4.7,Balanced,Debit,1,Playback,iOS,0
SW-9442,Under 25,Free,12,0.0,15.2,Music-heavy,Credit card,1,Account,iOS,0
SW-9443,35-49,Basic,12,7.99,9.4,Music-heavy,Credit card,0,No ticket,Partner promo,0
SW-9444,25-34,Premium,30,12.99,11.1,Balanced,PayPal,0,No ticket,iOS,0
SW-9445,Under 25,Basic,6,7.99,6.9,Podcast-heavy,Credit card,0,No ticket,Partner promo,0
SW-9446,35-49,Free,42,0.0,29.5,Podcast-heavy,Credit card,1,Playback,Web,0
SW-9447,35-49,Family,5,18.99,35.7,Balanced,Credit card,0,No ticket,Web,0
SW-9448,50 plus,Family,8,18.99,1.4,Balanced,Credit card,1,Content,Partner promo,0
SW-9449,Under 25,Free,20,0.0,16.8,Music-heavy,PayPal,0,No ticket,Web,0
SW-9450,35-49,Basic,25,7.99,3.4,Podcast-heavy,Credit card,2,Account,Android,0
SW-9451,35-49,Family,4,18.99,12.0,Balanced,Credit card,1,Account,iOS,0
SW-9452,Under 25,Free,6,0.0,1.9,Balanced,Credit card,0,No ticket,iOS,0
SW-9453,35-49,Premium,15,12.99,11.0,Music-heavy,Credit card,2,Billing,Android,1
SW-9454,25-34,Family,60,18.99,4.1,Music-heavy,Debit,0,No ticket,Android,0
SW-9455,50 plus,Family,29,18.99,5.5,Music-heavy,Debit,0,No ticket,Partner promo,0
SW-9456,Under 25,Premium,10,12.99,5.7,Low-usage,Credit card,0,No ticket,Web,0
SW-9457,35-49,Basic,2,7.99,4.4,Podcast-heavy,PayPal,0,No ticket,Android,0
SW-9458,25-34,Basic,13,7.99,4.5,Podcast-heavy,Credit card,2,Billing,iOS,1
SW-9459,50 plus,Family,15,18.99,5.8,Music-heavy,Credit card,0,No ticket,Android,1
SW-9460,25-34,Family,9,18.99,7.1,Music-heavy,Gift card,3,Account,Web,0
SW-9461,50 plus,Premium,7,12.99,10.4,Balanced,Debit,0,No ticket,iOS,0
SW-9462,50 plus,Premium,13,12.99,35.4,Podcast-heavy,PayPal,1,Account,Web,0
SW-9463,25-34,Premium,6,12.99,3.8,Podcast-heavy,Debit,0,No ticket,iOS,0
SW-9464,35-49,Premium,45,12.99,8.9,Music-heavy,Credit card,1,Billing,Android,0
SW-9465,50 plus,Premium,35,12.99,14.8,Music-heavy,Debit,1,Playback,Web,0
SW-9466,25-34,Premium,19,12.99,4.5,Balanced,Credit card,1,Billing,Android,0
SW-9467,25-34,Premium,13,12.99,1.3,Music-heavy,PayPal,0,No ticket,iOS,0
SW-9468,25-34,Basic,8,7.99,1.7,Low-usage,Credit card,1,Content,Web,0
SW-9469,25-34,Premium,12,12.99,1.4,Music-heavy,Gift card,0,No ticket,iOS,0
SW-9470,Under 25,Premium,38,12.99,27.4,Music-heavy,Debit,0,No ticket,Android,0
SW-9471,25-34,Basic,22,7.99,13.1,Podcast-heavy,Credit card,1,Account,Partner promo,0
SW-9472,25-34,Premium,14,12.99,14.6,Low-usage,Credit card,0,No ticket,iOS,0
SW-9473,25-34,Premium,23,12.99,17.5,Music-heavy,Credit card,0,No ticket,Web,0
SW-9474,Under 25,Family,18,18.99,5.0,Balanced,Debit,1,Playback,Web,0
SW-9475,50 plus,Basic,16,7.99,40.0,Podcast-heavy,Credit card,1,Content,Android,0
SW-9476,35-49,Premium,24,12.99,10.5,Music-heavy,Credit card,0,No ticket,Android,0
SW-9477,Under 25,Basic,17,7.99,7.5,Music-heavy,Gift card,0,No ticket,Web,0
SW-9478,35-49,Family,22,18.99,19.4,Low-usage,PayPal,2,Billing,iOS,0
SW-9479,35-49,Free,13,0.0,13.6,Music-heavy,Gift card,0,No ticket,Android,0
SW-9480,50 plus,Premium,10,12.99,23.3,Balanced,Credit card,1,Content,iOS,0
SW-9481,Under 25,Premium,8,12.99,24.4,Low-usage,Debit,1,Billing,Android,0
SW-9482,25-34,Premium,8,12.99,6.0,Low-usage,PayPal,2,Content,Partner promo,1
SW-9483,50 plus,Family,4,18.99,9.3,Podcast-heavy,Debit,0,No ticket,Android,0
SW-9484,50 plus,Family,6,18.99,3.9,Music-heavy,Credit card,2,Billing,iOS,1
SW-9485,35-49,Basic,6,7.99,2.2,Music-heavy,PayPal,2,Content,iOS,0
SW-9486,35-49,Free,8,0.0,15.6,Music-heavy,PayPal,1,Playback,Android,0
SW-9487,Under 25,Basic,36,7.99,17.2,Balanced,Debit,1,Billing,iOS,0
SW-9488,25-34,Basic,11,7.99,1.6,Balanced,Credit card,2,Billing,iOS,1
SW-9489,25-34,Family,14,18.99,4.5,Balanced,Credit card,0,No ticket,Web,0
SW-9490,Under 25,Family,15,18.99,8.4,Low-usage,Debit,0,No ticket,Partner promo,0
SW-9491,35-49,Free,36,0.0,9.0,Music-heavy,Credit card,0,No ticket,Partner promo,0
SW-9492,Under 25,Premium,8,12.99,40.0,Music-heavy,Debit,0,No ticket,iOS,0
SW-9493,25-34,Premium,10,12.99,4.8,Music-heavy,Credit card,2,Billing,Web,0
SW-9494,50 plus,Free,11,0.0,7.0,Music-heavy,Credit card,0,No ticket,Web,0
SW-9495,Under 25,Basic,27,7.99,13.5,Music-heavy,Credit card,0,No ticket,Android,0
SW-9496,50 plus,Basic,31,7.99,6.0,Podcast-heavy,Credit card,1,Account,Partner promo,0
SW-9497,50 plus,Premium,17,12.99,5.3,Balanced,Debit,2,Billing,Web,0
SW-9498,25-34,Premium,28,12.99,5.0,Low-usage,Credit card,0,No ticket,Android,0
SW-9499,Under 25,Premium,14,12.99,9.6,Music-heavy,Debit,0,No ticket,Android,0
SW-9500,25-34,Free,11,0.0,7.0,Balanced,PayPal,0,No ticket,iOS,1
